{
"__comment": "Designed by Rottennugget with BDcraft Cubik PRO 0.95 Beta - http://bdcraft.net",
"textures": {
    "texture": "blocks/wool colored red",
    "iron_block": "blocks/iron block",
    "hardened_clay_stained_lime": "blocks/anvil 1",
    "wool_colored_light_blue": "blocks/wool colored light blue",
    "gold_block": "blocks/gold block"
},
"elements": [ 
{
    "from": [ 11.5, 5.25, 4 ],
    "to": [ 12.75, 8.5, 5 ],
    "faces": {
        "down":  { "uv": [ 13, 4, 14, 5 ], "texture": "#texture" },
        "north": { "uv": [ 13, 10.75, 14, 13.75 ], "texture": "#texture" },
        "south": { "uv": [ 13, 10.75, 14, 13.75 ], "texture": "#texture" },
        "west":  { "uv": [ 4, 10.75, 5, 13.75 ], "texture": "#texture" },
        "east":  { "uv": [ 4, 10.75, 5, 13.75 ], "texture": "#texture" }
    }
},
{
    "from": [ 4.75, 11, 3.25 ],
    "to": [ 6, 12, 5.75 ],
    "faces": {
        "down":  { "uv": [ 11.75, 3.75, 15, 5.25 ], "texture": "#texture" },
        "up":    { "uv": [ 11.75, 3.75, 15, 5.25 ], "texture": "#texture" },
        "north": { "uv": [ 11.75, 9.25, 15, 11 ], "texture": "#texture" },
        "south": { "uv": [ 11.75, 9.25, 15, 11 ], "texture": "#texture" }
    }
},
{
    "from": [ 5.25, 9, 3 ],
    "to": [ 5.5, 12, 6 ],
    "faces": {
        "down":  { "uv": [ 11.5, 3.5, 15, 5.5 ], "texture": "#iron_block" },
        "up":    { "uv": [ 11.5, 3.5, 15, 5.5 ], "texture": "#iron_block" },
        "north": { "uv": [ 11.5, 9.5, 15, 9.75 ], "texture": "#iron_block" },
        "south": { "uv": [ 11.5, 9.5, 15, 9.75 ], "texture": "#iron_block" },
        "west":  { "uv": [ 3.5, 9.5, 5.5, 9.75 ], "texture": "#iron_block" },
        "east":  { "uv": [ 3.5, 9.5, 5.5, 9.75 ], "texture": "#iron_block" }
    }
},
{
    "from": [ 6.25, 8.75, 2.75 ],
    "to": [ 6.5, 12.25, 6.25 ],
    "faces": {
        "down":  { "uv": [ 11.5, 3.5, 15, 5.5 ], "texture": "#iron_block" },
        "up":    { "uv": [ 11.5, 3.5, 15, 5.5 ], "texture": "#iron_block" },
        "north": { "uv": [ 11.5, 10, 15, 10.25 ], "texture": "#iron_block" },
        "south": { "uv": [ 11.5, 10, 15, 10.25 ], "texture": "#iron_block" },
        "west":  { "uv": [ 3.5, 10, 5.5, 10.25 ], "texture": "#iron_block" },
        "east":  { "uv": [ 3.5, 10, 5.5, 10.25 ], "texture": "#iron_block" }
    }
},
{
    "from": [ 7.25, 8.5, 2.5 ],
    "to": [ 7.5, 12.5, 6.5 ],
    "faces": {
        "down":  { "uv": [ 11.5, 3.5, 15, 5.5 ], "texture": "#iron_block" },
        "up":    { "uv": [ 11.5, 3.5, 15, 5.5 ], "texture": "#iron_block" },
        "north": { "uv": [ 11.5, 10.5, 15, 10.75 ], "texture": "#iron_block" },
        "south": { "uv": [ 11.5, 10.5, 15, 10.75 ], "texture": "#iron_block" },
        "west":  { "uv": [ 3.5, 10.5, 5.5, 10.75 ], "texture": "#iron_block" },
        "east":  { "uv": [ 3.5, 10.5, 5.5, 10.75 ], "texture": "#iron_block" }
    }
},
{
    "from": [ 9.5, 8.5, 3.25 ],
    "to": [ 13, 11.5, 5.75 ],
    "faces": {
        "down":  { "uv": [ 13, 3.625, 16, 5.375 ], "texture": "#texture" },
        "up":    { "uv": [ 13, 3.625, 16, 5.375 ], "texture": "#texture" },
        "north": { "uv": [ 13, 9.5, 16, 10.25 ], "texture": "#texture" },
        "south": { "uv": [ 13, 9.5, 16, 10.25 ], "texture": "#texture" },
        "east":  { "uv": [ 3.625, 9.5, 5.375, 10.25 ], "texture": "#texture" }
    }
},
{
    "from": [ 13, 8.75, 3.5 ],
    "to": [ 13.75, 11.25, 5.5 ],
    "faces": {
        "down":  { "uv": [ 13, 3.875, 16.125, 5.1875 ], "texture": "#texture" },
        "up":    { "uv": [ 13, 3.875, 16.125, 5.1875 ], "texture": "#texture" },
        "north": { "uv": [ 13, 9.25, 16.125, 10 ], "texture": "#texture" },
        "south": { "uv": [ 13, 9.25, 16.125, 10 ], "texture": "#texture" },
        "east":  { "uv": [ 3.875, 9.25, 5.1875, 10 ], "texture": "#texture" }
    }
},
{
    "from": [ 4.75, 9, 3.5 ],
    "to": [ 6, 10, 5.75 ],
    "faces": {
        "down":  { "uv": [ 9.5, 3.875, 11.75, 5.125 ], "texture": "#texture" },
        "up":    { "uv": [ 9.5, 3.875, 11.75, 5.125 ], "texture": "#texture" },
        "north": { "uv": [ 9.5, 9.25, 11.75, 10.25 ], "texture": "#texture" },
        "south": { "uv": [ 9.5, 9.25, 11.75, 10.25 ], "texture": "#texture" }
    }
},
{
    "from": [ 4.75, 10, 3.5 ],
    "to": [ 6, 11, 5.5 ],
    "faces": {
        "north": { "uv": [ 10, 8.75, 13, 9.25 ], "texture": "#wool_colored_light_blue" },
        "south": { "uv": [ 10, 8.75, 13, 9.25 ], "texture": "#wool_colored_light_blue" }
    }
},
{
    "from": [ 4, 9.25, 3.5 ],
    "to": [ 4.5, 11.75, 5.5 ],
    "faces": {
        "down":  { "uv": [ 9, 4, 9.5, 5 ], "texture": "#texture" },
        "up":    { "uv": [ 9, 4, 9.5, 5 ], "texture": "#texture" },
        "north": { "uv": [ 9, 8.875, 9.5, 10.125 ], "texture": "#texture" },
        "south": { "uv": [ 9, 8.875, 9.5, 10.125 ], "texture": "#texture" },
        "west":  { "uv": [ 4, 8.875, 5, 10.125 ], "texture": "#texture" }
    }
},
{
    "from": [ 2, 10.25, 4.25 ],
    "to": [ 4, 10.75, 4.75 ],
    "faces": {
        "down":  { "uv": [ 7, 4.25, 9, 4.75 ], "texture": "#iron_block" },
        "up":    { "uv": [ 7, 4.25, 9, 4.75 ], "texture": "#iron_block" },
        "north": { "uv": [ 7, 9.25, 9, 9.75 ], "texture": "#iron_block" },
        "south": { "uv": [ 7, 9.25, 9, 9.75 ], "texture": "#iron_block" }
    }
},
{
    "from": [ 10.5, 5.25, 4.25 ],
    "to": [ 11.5, 8.5, 4.75 ],
    "rotation": { "origin": [ 10.5, 8.5, 4.25 ], "axis": "z", "angle": 22.5 },
    "faces": {
        "down":  { "uv": [ 5.5, 4, 7, 5 ], "texture": "#hardened_clay_stained_lime" },
        "north": { "uv": [ 5.5, 9, 7, 10 ], "texture": "#hardened_clay_stained_lime" },
        "south": { "uv": [ 5.5, 9, 7, 10 ], "texture": "#hardened_clay_stained_lime" },
        "west":  { "uv": [ 4, 9, 5, 10 ], "texture": "#hardened_clay_stained_lime" }
    }
},
{
    "from": [ 1.25, 10.125, 4.125 ],
    "to": [ 2, 10.875, 4.875 ],
    "faces": {
        "down":  { "uv": [ 4.4375, 4.3125, 4.8125, 4.6875 ], "texture": "#texture" },
        "up":    { "uv": [ 4.4375, 4.3125, 4.8125, 4.6875 ], "texture": "#texture" },
        "north": { "uv": [ 4.4375, 9.3125, 4.8125, 9.6875 ], "texture": "#texture" },
        "south": { "uv": [ 4.4375, 9.3125, 4.8125, 9.6875 ], "texture": "#texture" },
        "west":  { "uv": [ 4.3125, 9.3125, 4.6875, 9.6875 ], "texture": "#texture" },
        "east":  { "uv": [ 4.3125, 9.3125, 4.6875, 9.6875 ], "texture": "#texture" }
    }
},
{
    "from": [ 2.5, 10, 4 ],
    "to": [ 2.75, 11, 5 ],
    "faces": {
        "down":  { "uv": [ 7.25, 4.125, 7.5, 4.875 ], "texture": "#gold_block" },
        "up":    { "uv": [ 7.25, 4.125, 7.5, 4.875 ], "texture": "#gold_block" },
        "north": { "uv": [ 7.25, 9.125, 7.5, 9.875 ], "texture": "#gold_block" },
        "south": { "uv": [ 7.25, 9.125, 7.5, 9.875 ], "texture": "#gold_block" },
        "west":  { "uv": [ 4.125, 9.125, 4.875, 9.875 ], "texture": "#gold_block" },
        "east":  { "uv": [ 4.125, 9.125, 4.875, 9.875 ], "texture": "#gold_block" }
    }
},
{
    "from": [ 3, 9.75, 3.75 ],
    "to": [ 3.25, 11.25, 5.25 ],
    "faces": {
        "down":  { "uv": [ 7.75, 4.125, 8, 4.875 ], "texture": "#gold_block" },
        "up":    { "uv": [ 7.75, 4.125, 8, 4.875 ], "texture": "#gold_block" },
        "north": { "uv": [ 7.75, 9.125, 8, 9.875 ], "texture": "#gold_block" },
        "south": { "uv": [ 7.75, 9.125, 8, 9.875 ], "texture": "#gold_block" },
        "west":  { "uv": [ 4.125, 9.125, 4.875, 9.875 ], "texture": "#gold_block" },
        "east":  { "uv": [ 4.125, 9.125, 4.875, 9.875 ], "texture": "#gold_block" }
    }
},
{
    "from": [ 13.75, 9, 3.75 ],
    "to": [ 14, 11, 5.25 ],
    "faces": {
        "down":  { "uv": [ 12.25, 3.875, 14.5, 5.125 ], "texture": "#texture" },
        "up":    { "uv": [ 12.25, 3.875, 14.5, 5.125 ], "texture": "#texture" },
        "north": { "uv": [ 12.25, 8.75, 14.5, 9.25 ], "texture": "#texture" },
        "south": { "uv": [ 12.25, 8.75, 14.5, 9.25 ], "texture": "#texture" },
        "east":  { "uv": [ 3.875, 8.75, 5.125, 9.25 ], "texture": "#texture" }
    }
},
{
    "from": [ 9.75, 5.25, 4.25 ],
    "to": [ 11.5, 5.5, 4.75 ],
    "faces": {
        "down":  { "uv": [ 7, 4.75, 5.25, 4.25 ], "texture": "#texture" },
        "up":    { "uv": [ 9, 4.25, 10.75, 4.75 ], "texture": "#texture" },
        "north": { "uv": [ 5.25, 11, 7, 11.25 ], "texture": "#texture" },
        "south": { "uv": [ 9, 11, 10.75, 11.25 ], "texture": "#texture" },
        "west":  { "uv": [ 4.25, 11, 4.75, 11.25 ], "texture": "#texture" }
    }
},
{
    "from": [ 8.25, 5, 4.25 ],
    "to": [ 8.5, 9, 4.75 ],
    "rotation": { "origin": [ 8.25, 9, 4.25 ], "axis": "z", "angle": 22.5 },
    "faces": {
        "down":  { "uv": [ 7, 4.75, 5.25, 4.25 ], "texture": "#texture" },
        "up":    { "uv": [ 9, 4.25, 10.75, 4.75 ], "texture": "#texture" },
        "north": { "uv": [ 5.25, 11, 7, 11.25 ], "texture": "#texture" },
        "south": { "uv": [ 9, 11, 10.75, 11.25 ], "texture": "#texture" },
        "west":  { "uv": [ 4.25, 11, 4.75, 11.25 ], "texture": "#texture" },
        "east":  { "uv": [ 11.25, 11, 11.75, 11.25 ], "texture": "#texture" }
    }
},
{
    "from": [ 4.5, 9, 3.25 ],
    "to": [ 4.75, 12, 5.75 ],
    "faces": {
        "down":  { "uv": [ 11.5, 5.75, 11.25, 3.25 ], "texture": "#texture" },
        "up":    { "uv": [ 4.5, 3.25, 4.75, 5.75 ], "texture": "#texture" },
        "north": { "uv": [ 11.25, 4, 11.5, 7 ], "texture": "#texture" },
        "south": { "uv": [ 4.5, 4, 4.75, 7 ], "texture": "#texture" },
        "west":  { "uv": [ 3.25, 4, 5.75, 7 ], "texture": "#texture" },
        "east":  { "uv": [ 10.25, 4, 12.75, 7 ], "texture": "#texture" }
    }
},
{
    "from": [ 6, 8.75, 3 ],
    "to": [ 6.75, 12.25, 6 ],
    "faces": {
        "down":  { "uv": [ 10, 6, 9.25, 3 ], "texture": "#texture" },
        "up":    { "uv": [ 6, 3, 6.75, 6 ], "texture": "#texture" },
        "north": { "uv": [ 9.25, 3.75, 10, 7.25 ], "texture": "#texture" },
        "south": { "uv": [ 6, 3.75, 6.75, 7.25 ], "texture": "#texture" },
        "west":  { "uv": [ 3, 3.75, 6, 7.25 ], "texture": "#texture" }
    }
},
{
    "from": [ 6.75, 8.5, 2.75 ],
    "to": [ 8.75, 12.5, 6.25 ],
    "faces": {
        "down":  { "uv": [ 9.25, 6.25, 7.25, 2.75 ], "texture": "#texture" },
        "up":    { "uv": [ 6.75, 2.75, 8.75, 6.25 ], "texture": "#texture" },
        "north": { "uv": [ 7.25, 3.5, 9.25, 7.5 ], "texture": "#texture" },
        "south": { "uv": [ 6.75, 3.5, 8.75, 7.5 ], "texture": "#texture" },
        "west":  { "uv": [ 2.75, 3.5, 6.25, 7.5 ], "texture": "#texture" },
        "east":  { "uv": [ 9.75, 3.5, 13.25, 7.5 ], "texture": "#texture" }
    }
},
{
    "from": [ 8.75, 8.5, 3 ],
    "to": [ 9.5, 12.25, 6 ],
    "faces": {
        "down":  { "uv": [ 7.25, 6, 6.5, 3 ], "texture": "#texture" },
        "up":    { "uv": [ 8.75, 3, 9.5, 6 ], "texture": "#texture" },
        "north": { "uv": [ 6.5, 3.75, 7.25, 7.5 ], "texture": "#texture" },
        "south": { "uv": [ 8.75, 3.75, 9.5, 7.5 ], "texture": "#texture" },
        "east":  { "uv": [ 10, 3.75, 13, 7.5 ], "texture": "#texture" }
    }
},
{
    "from": [ 9.5, 11.25, 3.5 ],
    "to": [ 12.5, 12.25, 5.5 ],
    "rotation": { "origin": [ 9.5, 12.25, 3.5 ], "axis": "z", "angle": -22.5 },
    "faces": {
        "down":  { "uv": [ 6.5, 5.5, 3.5, 3.5 ], "texture": "#texture" },
        "up":    { "uv": [ 9.5, 3.5, 12.5, 5.5 ], "texture": "#texture" },
        "north": { "uv": [ 3.5, 3.5, 6.5, 4.5 ], "texture": "#texture" },
        "south": { "uv": [ 9.5, 3.5, 12.5, 4.5 ], "texture": "#texture" },
        "east":  { "uv": [ 10.5, 3.5, 12.5, 4.5 ], "texture": "#texture" }
    }
},
{
    "from": [ 5.25, 8.75, 3.25 ],
    "to": [ 5.5, 12.25, 5.75 ],
    "faces": {
        "down":  { "uv": [ 10.75, 5.75, 10.5, 3.25 ], "texture": "#iron_block" },
        "up":    { "uv": [ 5.25, 3.25, 5.5, 5.75 ], "texture": "#iron_block" },
        "north": { "uv": [ 10.5, 3.75, 10.75, 7.25 ], "texture": "#iron_block" },
        "south": { "uv": [ 5.25, 3.75, 5.5, 7.25 ], "texture": "#iron_block" },
        "west":  { "uv": [ 3.25, 3.75, 5.75, 7.25 ], "texture": "#iron_block" },
        "east":  { "uv": [ 10.25, 3.75, 12.75, 7.25 ], "texture": "#iron_block" }
    }
},
{
    "from": [ 6.25, 8.5, 3 ],
    "to": [ 6.5, 12.5, 6 ],
    "faces": {
        "down":  { "uv": [ 9.75, 6, 9.5, 3 ], "texture": "#iron_block" },
        "up":    { "uv": [ 6.25, 3, 6.5, 6 ], "texture": "#iron_block" },
        "north": { "uv": [ 9.5, 3.5, 9.75, 7.5 ], "texture": "#iron_block" },
        "south": { "uv": [ 6.25, 3.5, 6.5, 7.5 ], "texture": "#iron_block" },
        "west":  { "uv": [ 3, 3.5, 6, 7.5 ], "texture": "#iron_block" },
        "east":  { "uv": [ 10, 3.5, 13, 7.5 ], "texture": "#iron_block" }
    }
},
{
    "from": [ 7.25, 8.25, 2.75 ],
    "to": [ 7.5, 12.75, 6.25 ],
    "faces": {
        "down":  { "uv": [ 8.75, 6.25, 8.5, 2.75 ], "texture": "#iron_block" },
        "up":    { "uv": [ 7.25, 2.75, 7.5, 6.25 ], "texture": "#iron_block" },
        "north": { "uv": [ 8.5, 3.25, 8.75, 7.75 ], "texture": "#iron_block" },
        "south": { "uv": [ 7.25, 3.25, 7.5, 7.75 ], "texture": "#iron_block" },
        "west":  { "uv": [ 2.75, 3.25, 6.25, 7.75 ], "texture": "#iron_block" },
        "east":  { "uv": [ 9.75, 3.25, 13.25, 7.75 ], "texture": "#iron_block" }
    }
}
],
"display": {
    "thirdperson": {
        "rotation": [ 0, 90, -90 ],
        "translation": [ 1.5, 2.8, -1.8 ],
        "scale": [ 0.85, 0.85, 0.85 ]
    },
    "head": {
        "rotation": [ 0, 0, 0 ],
        "translation": [ 0, 7.5, 0 ],
        "scale": [ 1, 1, 1 ]
    },
    "ground": {
        "rotation": [ 0, 0, 0 ],
        "translation": [ 0, 0, 0 ],
        "scale": [ 3, 3, 3 ]
    },
    "fixed": {
        "rotation": [ 0, 180, -45 ],
        "translation": [ 0.9, -0.5, -4 ],
        "scale": [ 1.5, 1.5, 1.5 ]
    },
    "firstperson": {
        "rotation": [ 0, -135, 0 ],
        "translation": [ 2.8, 0, -4.8 ],
        "scale": [ 2, 2, 2 ]
    },
    "gui": {
        "rotation": [ -30, 135, -45 ],
        "translation": [ 0.5, -0.4, 0 ],
        "scale": [ 1.2, 1.2, 1.2 ]
    }
}
}