{
"__comment": "Designed by Corporalblober with BDcraft Cubik PRO 0.95 Beta - http://bdcraft.net",
"textures": {
    "texture": "blocks/iron block",
    "glass black": "blocks/glass light blue",
    "ice packed": "blocks/ice block"
},
"elements": [ 
{
    "from": [ 0.75, 9.75, 7.5 ],
    "to": [ 5.75, 10, 8.5 ],
    "faces": {
        "down":  { "uv": [ 15.25, 8.5, 10.25, 7.5 ], "texture": "#texture" },
        "up":    { "uv": [ 0.75, 7.5, 5.75, 8.5 ], "texture": "#texture" },
        "north": { "uv": [ 10.25, 6, 15.25, 6.25 ], "texture": "#texture" },
        "south": { "uv": [ 0.75, 6, 5.75, 6.25 ], "texture": "#texture" },
        "west":  { "uv": [ 7.5, 6, 8.5, 6.25 ], "texture": "#texture" }
    }
},
{
    "from": [ 0.75, 8.75, 7.25 ],
    "to": [ 5.75, 9.75, 7.5 ],
    "faces": {
        "down":  { "uv": [ 15.25, 7.5, 10.25, 7.25 ], "texture": "#texture" },
        "up":    { "uv": [ 0.75, 7.25, 5.75, 7.5 ], "texture": "#texture" },
        "north": { "uv": [ 10.25, 6.25, 15.25, 7.25 ], "texture": "#texture" },
        "south": { "uv": [ 0.75, 6.25, 5.75, 7.25 ], "texture": "#texture" },
        "west":  { "uv": [ 7.25, 6.25, 7.5, 7.25 ], "texture": "#texture" }
    }
},
{
    "from": [ 0.75, 8.75, 8.5 ],
    "to": [ 5.75, 9.75, 8.75 ],
    "faces": {
        "down":  { "uv": [ 15.25, 8.75, 10.25, 8.5 ], "texture": "#texture" },
        "up":    { "uv": [ 0.75, 8.5, 5.75, 8.75 ], "texture": "#texture" },
        "north": { "uv": [ 10.25, 6.25, 15.25, 7.25 ], "texture": "#texture" },
        "south": { "uv": [ 0.75, 6.25, 5.75, 7.25 ], "texture": "#texture" },
        "west":  { "uv": [ 8.5, 6.25, 8.75, 7.25 ], "texture": "#texture" }
    }
},
{
    "from": [ 0.75, 8.5, 7.5 ],
    "to": [ 5.75, 8.75, 8.5 ],
    "faces": {
        "down":  { "uv": [ 15.25, 8.5, 10.25, 7.5 ], "texture": "#texture" },
        "up":    { "uv": [ 0.75, 7.5, 5.75, 8.5 ], "texture": "#texture" },
        "north": { "uv": [ 10.25, 7.25, 15.25, 7.5 ], "texture": "#texture" },
        "south": { "uv": [ 0.75, 7.25, 5.75, 7.5 ], "texture": "#texture" },
        "west":  { "uv": [ 7.5, 7.25, 8.5, 7.5 ], "texture": "#texture" }
    }
},
{
    "from": [ 5.75, 8.25, 7 ],
    "to": [ 7, 10.25, 9 ],
    "faces": {
        "down":  { "uv": [ 15, 9, 13.75, 7 ], "texture": "#texture" },
        "up":    { "uv": [ 1, 7, 2.25, 9 ], "texture": "#texture" },
        "north": { "uv": [ 13.75, 5.75, 15, 7.75 ], "texture": "#texture" },
        "south": { "uv": [ 1, 5.75, 2.25, 7.75 ], "texture": "#texture" },
        "west":  { "uv": [ 7, 5.75, 9, 7.75 ], "texture": "#texture" }
    }
},
{
    "from": [ 7, 8, 6.75 ],
    "to": [ 8.5, 10.5, 9.25 ],
    "faces": {
        "down":  { "uv": [ 9, 9.25, 7.5, 6.75 ], "texture": "#texture" },
        "up":    { "uv": [ 7, 6.75, 8.5, 9.25 ], "texture": "#texture" },
        "north": { "uv": [ 7.5, 5.5, 9, 8 ], "texture": "#texture" },
        "south": { "uv": [ 7, 5.5, 8.5, 8 ], "texture": "#texture" },
        "west":  { "uv": [ 6.75, 5.5, 9.25, 8 ], "texture": "#texture" },
        "east":  { "uv": [ 6.75, 5.5, 9.25, 8 ], "texture": "#texture" }
    }
},
{
    "from": [ 8.25, 7.75, 6.5 ],
    "to": [ 10, 10.75, 9.5 ],
    "faces": {
        "down":  { "uv": [ 7.75, 9.5, 6, 6.5 ], "texture": "#texture" },
        "up":    { "uv": [ 8.25, 6.5, 10, 9.5 ], "texture": "#texture" },
        "north": { "uv": [ 6, 5.25, 7.75, 8.25 ], "texture": "#texture" },
        "south": { "uv": [ 8.25, 5.25, 10, 8.25 ], "texture": "#texture" },
        "west":  { "uv": [ 6.5, 5.25, 9.5, 8.25 ], "texture": "#texture" },
        "east":  { "uv": [ 6.5, 5.25, 9.5, 8.25 ], "texture": "#texture" }
    }
},
{
    "from": [ 10, 8, 6.75 ],
    "to": [ 13, 10.5, 9.25 ],
    "faces": {
        "down":  { "uv": [ 6, 9.25, 3, 6.75 ], "texture": "#texture" },
        "up":    { "uv": [ 10, 6.75, 13, 9.25 ], "texture": "#texture" },
        "north": { "uv": [ 3, 5.5, 6, 8 ], "texture": "#texture" },
        "south": { "uv": [ 10, 5.5, 13, 8 ], "texture": "#texture" },
        "east":  { "uv": [ 6.75, 5.5, 9.25, 8 ], "texture": "#texture" }
    }
},
{
    "from": [ 11, 5, 7.5 ],
    "to": [ 12.5, 9, 8.5 ],
    "rotation": { "origin": [ 11, 9, 7.5 ], "axis": "z", "angle": 22.5 },
    "faces": {
        "down":  { "uv": [ 8.5, 8.5, 7, 7.5 ], "texture": "#texture" },
        "up":    { "uv": [ 7.5, 7.5, 9, 8.5 ], "texture": "#texture" },
        "north": { "uv": [ 7, 0, 8.5, 4 ], "texture": "#texture" },
        "south": { "uv": [ 7.5, 0, 9, 4 ], "texture": "#texture" },
        "west":  { "uv": [ 7.5, 0, 8.5, 4 ], "texture": "#texture" },
        "east":  { "uv": [ 7.5, 0, 8.5, 4 ], "texture": "#texture" }
    }
},
{
    "from": [ 8.5, 3.75, 7.75 ],
    "to": [ 8.75, 8.75, 8.25 ],
    "rotation": { "origin": [ 8.5, 8.75, 7.75 ], "axis": "z", "angle": 22.5 },
    "faces": {
        "down":  { "uv": [ 12.5, 8.25, 12.25, 7.75 ], "texture": "#texture" },
        "up":    { "uv": [ 3.5, 7.75, 3.75, 8.25 ], "texture": "#texture" },
        "north": { "uv": [ 12.25, 7, 12.5, 12 ], "texture": "#texture" },
        "south": { "uv": [ 3.5, 7, 3.75, 12 ], "texture": "#texture" },
        "west":  { "uv": [ 7.75, 7, 8.25, 12 ], "texture": "#texture" },
        "east":  { "uv": [ 7.75, 7, 8.25, 12 ], "texture": "#texture" }
    }
},
{
    "from": [ 10.25, 4, 7.25 ],
    "to": [ 14.25, 4.5, 8.75 ],
    "rotation": { "origin": [ 10.25, 4.5, 7.25 ], "axis": "z", "angle": 22.5 },
    "faces": {
        "down":  { "uv": [ 9.75, 8.5, 5.75, 7.5 ], "texture": "#texture" },
        "up":    { "uv": [ 6.25, 7.5, 10.25, 8.5 ], "texture": "#texture" },
        "north": { "uv": [ 5.75, 10.5, 9.75, 11 ], "texture": "#texture" },
        "south": { "uv": [ 6.25, 10.5, 10.25, 11 ], "texture": "#texture" },
        "west":  { "uv": [ 7.5, 10.5, 8.5, 11 ], "texture": "#texture" },
        "east":  { "uv": [ 7.5, 10.5, 8.5, 11 ], "texture": "#texture" }
    }
},
{
    "from": [ 11.5, 6.25, 7.75 ],
    "to": [ 12.5, 8, 8.25 ],
    "faces": {
        "down":  { "uv": [ 4.5, 8.25, 3.5, 7.75 ], "texture": "#texture" },
        "north": { "uv": [ 3.5, 8, 4.5, 9.75 ], "texture": "#texture" },
        "south": { "uv": [ 11.5, 8, 12.5, 9.75 ], "texture": "#texture" },
        "west":  { "uv": [ 7.75, 8, 8.25, 9.75 ], "texture": "#texture" },
        "east":  { "uv": [ 7.75, 8, 8.25, 9.75 ], "texture": "#texture" }
    }
},
{
    "from": [ 11.25, 5.25, 7.25 ],
    "to": [ 12.25, 9.25, 8.75 ],
    "rotation": { "origin": [ 11.25, 9.25, 7.25 ], "axis": "z", "angle": 22.5 },
    "faces": {
        "down":  { "uv": [ 5, 8.75, 4, 7.25 ], "texture": "#texture" },
        "up":    { "uv": [ 11, 7.25, 12, 8.75 ], "texture": "#texture" },
        "north": { "uv": [ 4, 5, 5, 9 ], "texture": "#texture" },
        "south": { "uv": [ 11, 5, 12, 9 ], "texture": "#texture" },
        "west":  { "uv": [ 7.25, 5, 8.75, 9 ], "texture": "#texture" },
        "east":  { "uv": [ 7.25, 5, 8.75, 9 ], "texture": "#texture" }
    }
},
{
    "from": [ 13, 8.25, 7 ],
    "to": [ 13.75, 10.25, 9 ],
    "faces": {
        "down":  { "uv": [ 3, 9, 2.25, 7 ], "texture": "#texture" },
        "up":    { "uv": [ 13, 7, 13.75, 9 ], "texture": "#texture" },
        "north": { "uv": [ 2.25, 5.75, 3, 7.75 ], "texture": "#texture" },
        "south": { "uv": [ 13, 5.75, 13.75, 7.75 ], "texture": "#texture" },
        "east":  { "uv": [ 7, 5.75, 9, 7.75 ], "texture": "#texture" }
    }
},
{
    "from": [ 13.75, 10.25, 7 ],
    "to": [ 15.75, 10.5, 9 ],
    "faces": {
        "down":  { "uv": [ 1, 1, 15, 15 ], "texture": "#glass black" },
        "up":    { "uv": [ 1, 1, 15, 15 ], "texture": "#glass black" },
        "north": { "uv": [ 1, 13, 15, 15 ], "texture": "#glass black" },
        "south": { "uv": [ 1, 1, 15, 3 ], "texture": "#glass black" },
        "west":  { "uv": [ 1, 1, 15, 3 ], "texture": "#glass black" },
        "east":  { "uv": [ 1, 1, 15, 3 ], "texture": "#glass black" }
    }
},
{
    "from": [ 13.75, 8, 7 ],
    "to": [ 15.75, 8.25, 9 ],
    "faces": {
        "down":  { "uv": [ 1, 1, 15, 15 ], "texture": "#glass black" },
        "up":    { "uv": [ 1, 1, 15, 15 ], "texture": "#glass black" },
        "north": { "uv": [ 1, 13, 15, 15 ], "texture": "#glass black" },
        "south": { "uv": [ 1, 1, 15, 3 ], "texture": "#glass black" },
        "west":  { "uv": [ 1, 1, 15, 3 ], "texture": "#glass black" },
        "east":  { "uv": [ 1, 13, 15, 15 ], "texture": "#glass black" }
    }
},
{
    "from": [ 13.75, 8.25, 9 ],
    "to": [ 15.75, 10.25, 9.25 ],
    "faces": {
        "down":  { "uv": [ 1, 1, 15, 3 ], "texture": "#glass black" },
        "up":    { "uv": [ 1, 13, 15, 15 ], "texture": "#glass black" },
        "north": { "uv": [ 1, 1, 15, 15 ], "texture": "#glass black" },
        "south": { "uv": [ 1, 1, 15, 15 ], "texture": "#glass black" },
        "west":  { "uv": [ 1, 1, 3, 15 ], "texture": "#glass black" },
        "east":  { "uv": [ 13, 1, 15, 15 ], "texture": "#glass black" }
    }
},
{
    "from": [ 13.75, 8.25, 6.75 ],
    "to": [ 15.75, 10.25, 7 ],
    "faces": {
        "down":  { "uv": [ 1, 1, 15, 3 ], "texture": "#glass black" },
        "up":    { "uv": [ 1, 13, 15, 15 ], "texture": "#glass black" },
        "north": { "uv": [ 1, 1, 15, 15 ], "texture": "#glass black" },
        "south": { "uv": [ 1, 1, 15, 15 ], "texture": "#glass black" },
        "west":  { "uv": [ 1, 1, 3, 15 ], "texture": "#glass black" },
        "east":  { "uv": [ 13, 1, 15, 15 ], "texture": "#glass black" }
    }
},
{
    "from": [ 15.75, 8.25, 7 ],
    "to": [ 16, 10.25, 9 ],
    "faces": {
        "down":  { "uv": [ 13, 1, 15, 15 ], "rotation": 180, "texture": "#glass black" },
        "up":    { "uv": [ 1, 1, 3, 15 ], "texture": "#glass black" },
        "north": { "uv": [ 13, 1, 15, 15 ], "texture": "#glass black" },
        "south": { "uv": [ 1, 1, 3, 15 ], "rotation": 90, "texture": "#glass black" },
        "west":  { "uv": [ 1, 1, 15, 15 ], "texture": "#glass black" },
        "east":  { "uv": [ 1, 1, 15, 15 ], "texture": "#glass black", "cullface": "east" }
    }
},
{
    "from": [ 14, 8.5, 7.25 ],
    "to": [ 15.5, 10, 8.75 ],
    "faces": {
        "down":  { "uv": [ 0, 0, 16, 16 ], "texture": "#ice packed" },
        "up":    { "uv": [ 0, 0, 16, 16 ], "texture": "#ice packed" },
        "north": { "uv": [ 0, 0, 16, 16 ], "texture": "#ice packed" },
        "south": { "uv": [ 0, 0, 16, 16 ], "texture": "#ice packed" },
        "west":  { "uv": [ 0, 0, 16, 16 ], "texture": "#ice packed" },
        "east":  { "uv": [ 0, 0, 16, 16 ], "texture": "#ice packed" }
    }
}
],
"display": {
    "thirdperson": {
        "rotation": [ 0, 90, -90 ],
        "translation": [ 0, 2.8, -1.9 ],
        "scale": [ 0.85, 0.85, 0.85 ]
    },
    "ground": {
        "rotation": [ 0, 0, 0 ],
        "translation": [ 0, 0, 0 ],
        "scale": [ 3, 3, 3 ]
    },
    "fixed": {
        "rotation": [ 0, 180, -45 ],
        "translation": [ 0.6, 0.5, -1.1 ],
        "scale": [ 1.6, 1.6, 1.6 ]
    },
    "firstperson": {
        "rotation": [ 0, -135, 0 ],
        "translation": [ 2.8, 1.4, -3.2 ],
        "scale": [ 2, 2, 2 ]
    },
    "gui": {
        "rotation": [ -30, 135, -45 ],
        "translation": [ 0.7, 0.7, 0 ],
        "scale": [ 1, 1, 1 ]
    }
}
}