{
"__comment": "Designed by Corporalblober with BDcraft Cubik PRO 0.95 Beta - http://bdcraft.net",
"textures": {
    "texture": "blocks/hardened clay stained yellow",
    "glass white": "blocks/glass white",
    "hardened clay stained yellow": "blocks/anvil 1",
    "iron block": "blocks/iron block"
},
"elements": [ 
{
    "from": [ 2, 8, 7.25 ],
    "to": [ 11.75, 10, 8.75 ],
    "faces": {
        "down":  { "uv": [ 14, 8.75, 4.25, 7.25 ], "texture": "#hardened clay stained yellow" },
        "up":    { "uv": [ 2, 7.25, 11.75, 8.75 ], "texture": "#hardened clay stained yellow" },
        "north": { "uv": [ 4.25, 6, 14, 8 ], "texture": "#hardened clay stained yellow" },
        "south": { "uv": [ 2, 6, 11.75, 8 ], "texture": "#hardened clay stained yellow" },
        "west":  { "uv": [ 7.25, 6, 8.75, 8 ], "texture": "#hardened clay stained yellow" }
    }
},
{
    "from": [ 2, 8.25, 7 ],
    "to": [ 11.75, 9.75, 9 ],
    "faces": {
        "down":  { "uv": [ 14, 9, 4.25, 7 ], "texture": "#hardened clay stained yellow" },
        "up":    { "uv": [ 2, 7, 11.75, 9 ], "texture": "#hardened clay stained yellow" },
        "north": { "uv": [ 4.25, 6.25, 14, 7.75 ], "texture": "#hardened clay stained yellow" },
        "south": { "uv": [ 2, 6.25, 11.75, 7.75 ], "texture": "#hardened clay stained yellow" },
        "west":  { "uv": [ 7, 6.25, 9, 7.75 ], "texture": "#hardened clay stained yellow" }
    }
},
{
    "from": [ 11.75, 8, 7 ],
    "to": [ 15.25, 10, 9 ],
    "faces": {
        "down":  { "uv": [ 4.25, 9, 0.75, 7 ], "texture": "#texture" },
        "up":    { "uv": [ 11.75, 7, 15.25, 9 ], "texture": "#texture" },
        "north": { "uv": [ 0.75, 6, 4.25, 8 ], "texture": "#texture" },
        "south": { "uv": [ 11.75, 6, 15.25, 8 ], "texture": "#texture" },
        "west":  { "uv": [ 7, 6, 9, 8 ], "texture": "#texture" },
        "east":  { "uv": [ 7, 6, 9, 8 ], "texture": "#texture" }
    }
},
{
    "from": [ 12.25, 10, 7 ],
    "to": [ 15.25, 10.25, 9 ],
    "faces": {
        "up":    { "uv": [ 12.25, 7, 15.25, 9 ], "texture": "#texture" },
        "north": { "uv": [ 0.75, 5.75, 3.75, 6 ], "texture": "#texture" },
        "south": { "uv": [ 12.25, 5.75, 15.25, 6 ], "texture": "#texture" },
        "west":  { "uv": [ 7, 5.75, 9, 6 ], "texture": "#texture" },
        "east":  { "uv": [ 7, 5.75, 9, 6 ], "texture": "#texture" }
    }
},
{
    "from": [ 13.75, 7.5, 7 ],
    "to": [ 15.25, 8, 9 ],
    "faces": {
        "down":  { "uv": [ 2.25, 9, 0.75, 7 ], "texture": "#texture" },
        "north": { "uv": [ 0.75, 8, 2.25, 8.5 ], "texture": "#texture" },
        "south": { "uv": [ 13.75, 8, 15.25, 8.5 ], "texture": "#texture" },
        "west":  { "uv": [ 7, 8, 9, 8.5 ], "texture": "#texture" },
        "east":  { "uv": [ 7, 8, 9, 8.5 ], "texture": "#texture" }
    }
},
{
    "from": [ 11.75, 8.25, 6.75 ],
    "to": [ 15.25, 9.75, 9.25 ],
    "faces": {
        "down":  { "uv": [ 4.25, 9.25, 0.75, 6.75 ], "texture": "#texture" },
        "up":    { "uv": [ 11.75, 6.75, 15.25, 9.25 ], "texture": "#texture" },
        "north": { "uv": [ 0.75, 6.25, 4.25, 7.75 ], "texture": "#texture" },
        "south": { "uv": [ 11.75, 6.25, 15.25, 7.75 ], "texture": "#texture" },
        "west":  { "uv": [ 6.75, 6.25, 9.25, 7.75 ], "texture": "#texture" },
        "east":  { "uv": [ 6.75, 6.25, 9.25, 7.75 ], "texture": "#texture" }
    }
},
{
    "from": [ 12.625, 8.0625, 7 ],
    "to": [ 14.125, 8.5625, 9 ],
    "rotation": { "origin": [ 12.625, 8.5625, 7 ], "axis": "z", "angle": -22.5 },
    "faces": {
        "down":  { "uv": [ 13.25, 7.5, 14.25, 8.5 ], "texture": "#texture" },
        "up":    { "uv": [ 13.25, 7.5, 14.25, 8.5 ], "texture": "#texture" },
        "north": { "uv": [ 13.25, 7.75, 14.25, 8.25 ], "texture": "#texture" },
        "south": { "uv": [ 13.25, 7.75, 14.25, 8.25 ], "texture": "#texture" },
        "west":  { "uv": [ 7.5, 7.75, 8.5, 8.25 ], "texture": "#texture" },
        "east":  { "uv": [ 7.5, 7.75, 8.5, 8.25 ], "texture": "#texture" }
    }
},
{
    "from": [ 11.75, 7.25, 7.75 ],
    "to": [ 12, 8, 8.25 ],
    "faces": {
        "down":  { "uv": [ 4.25, 8.25, 4, 7.75 ], "texture": "#hardened clay stained yellow" },
        "north": { "uv": [ 4, 8, 4.25, 8.75 ], "texture": "#hardened clay stained yellow" },
        "south": { "uv": [ 11.75, 8, 12, 8.75 ], "texture": "#hardened clay stained yellow" },
        "west":  { "uv": [ 7.75, 8, 8.25, 8.75 ], "texture": "#hardened clay stained yellow" },
        "east":  { "uv": [ 7.75, 8, 8.25, 8.75 ], "texture": "#hardened clay stained yellow" }
    }
},
{
    "from": [ 13.5, 4.25, 7.5 ],
    "to": [ 15, 7.75, 8.5 ],
    "rotation": { "origin": [ 13.5, 7.75, 7.5 ], "axis": "z", "angle": 22.5 },
    "faces": {
        "down":  { "uv": [ 7.75, 8.5, 6.25, 7.5 ], "texture": "#texture" },
        "up":    { "uv": [ 8.25, 7.5, 9.75, 8.5 ], "texture": "#texture" },
        "north": { "uv": [ 6.25, 0.25, 7.75, 3.75 ], "texture": "#texture" },
        "south": { "uv": [ 8.25, 0.25, 9.75, 3.75 ], "texture": "#texture" },
        "west":  { "uv": [ 7.5, 0.25, 8.5, 3.75 ], "texture": "#texture" },
        "east":  { "uv": [ 7.5, 0.25, 8.5, 3.75 ], "texture": "#texture" }
    }
},
{
    "from": [ 12.5, 6.5, 7.75 ],
    "to": [ 14, 6.75, 8.25 ],
    "faces": {
        "down":  { "uv": [ 3.5, 8.25, 2, 7.75 ], "texture": "#hardened clay stained yellow" },
        "up":    { "uv": [ 12.5, 7.75, 14, 8.25 ], "texture": "#hardened clay stained yellow" },
        "north": { "uv": [ 2, 9.25, 3.5, 9.5 ], "texture": "#hardened clay stained yellow" },
        "south": { "uv": [ 12.5, 9.25, 14, 9.5 ], "texture": "#hardened clay stained yellow" },
        "west":  { "uv": [ 7.75, 9.25, 8.25, 9.5 ], "texture": "#hardened clay stained yellow" },
        "east":  { "uv": [ 7.75, 9.25, 8.25, 9.5 ], "texture": "#hardened clay stained yellow" }
    }
},
{
    "from": [ 13.25, 7, 7.75 ],
    "to": [ 13.5, 8.5, 8.25 ],
    "rotation": { "origin": [ 13.25, 8.5, 7.75 ], "axis": "z", "angle": -22.5 },
    "faces": {
        "down":  { "uv": [ 8.5, 8.5, 8.25, 7.5 ], "texture": "#hardened clay stained yellow" },
        "up":    { "uv": [ 7.5, 7.5, 7.75, 8.5 ], "texture": "#hardened clay stained yellow" },
        "north": { "uv": [ 8.25, 0, 8.5, 1.5 ], "texture": "#hardened clay stained yellow" },
        "south": { "uv": [ 7.5, 0, 7.75, 1.5 ], "texture": "#hardened clay stained yellow" },
        "west":  { "uv": [ 7.5, 0, 8.5, 1.5 ], "texture": "#hardened clay stained yellow" },
        "east":  { "uv": [ 7.5, 0, 8.5, 1.5 ], "texture": "#hardened clay stained yellow" }
    }
},
{
    "from": [ 11.9375, 7.125, 7.75 ],
    "to": [ 12.9375, 7.375, 8.25 ],
    "rotation": { "origin": [ 11.9375, 7.375, 7.75 ], "axis": "z", "angle": -45 },
    "faces": {
        "down":  { "uv": [ 4.75, 8.25, 3.75, 7.75 ], "texture": "#hardened clay stained yellow" },
        "up":    { "uv": [ 11.25, 7.75, 12.25, 8.25 ], "texture": "#hardened clay stained yellow" },
        "north": { "uv": [ 3.75, 3.75, 4.75, 4 ], "texture": "#hardened clay stained yellow" },
        "south": { "uv": [ 11.25, 3.75, 12.25, 4 ], "texture": "#hardened clay stained yellow" },
        "west":  { "uv": [ 7.75, 3.75, 8.25, 4 ], "texture": "#hardened clay stained yellow" },
        "east":  { "uv": [ 7.75, 3.75, 8.25, 4 ], "texture": "#hardened clay stained yellow" }
    }
},
{
    "from": [ 15.25, 8.5, 7.5 ],
    "to": [ 21, 9.5, 8.5 ],
    "faces": {
        "down":  { "uv": [ 0.75, 8.5, 0, 7.5 ], "texture": "#hardened clay stained yellow", "cullface": "east" },
        "up":    { "uv": [ 15.25, 7.5, 16, 8.5 ], "texture": "#hardened clay stained yellow", "cullface": "east" },
        "north": { "uv": [ 0, 6.5, 0.75, 7.5 ], "texture": "#hardened clay stained yellow", "cullface": "east" },
        "south": { "uv": [ 15.25, 6.5, 16, 7.5 ], "texture": "#hardened clay stained yellow", "cullface": "east" }
    }
},
{
    "from": [ 21, 7.25, 7 ],
    "to": [ 21.5, 9.75, 9 ],
    "faces": {
        "up":    { "uv": [ 16, 7, 16, 9 ], "texture": "#texture", "cullface": "east" },
        "north": { "uv": [ 0, 6.25, 0, 8.75 ], "texture": "#texture", "cullface": "east" },
        "south": { "uv": [ 16, 6.25, 16, 8.75 ], "texture": "#texture", "cullface": "east" },
        "west":  { "uv": [ 7, 6.25, 9, 8.75 ], "texture": "#texture", "cullface": "east" },
        "east":  { "uv": [ 7, 6.25, 9, 8.75 ], "texture": "#texture", "cullface": "east" }
    }
},
{
    "from": [ 21.375, 9.625, 7 ],
    "to": [ 21.875, 10.625, 9 ],
    "rotation": { "origin": [ 21.375, 10.625, 7 ], "axis": "z", "angle": -22.5 },
    "faces": {
        "down":  { "uv": [ 0, 9, 0, 7 ], "texture": "#texture", "cullface": "east" },
        "up":    { "uv": [ 16, 7, 16, 9 ], "texture": "#texture", "cullface": "east" },
        "north": { "uv": [ 0, 3.75, 0, 4.75 ], "texture": "#texture", "cullface": "east" },
        "south": { "uv": [ 16, 3.75, 16, 4.75 ], "texture": "#texture", "cullface": "east" },
        "west":  { "uv": [ 7, 3.75, 9, 4.75 ], "texture": "#texture", "cullface": "east" },
        "east":  { "uv": [ 7, 3.75, 9, 4.75 ], "texture": "#texture", "cullface": "east" }
    }
},
{
    "from": [ 21, 6.25, 7 ],
    "to": [ 21.5, 7.25, 9 ],
    "rotation": { "origin": [ 21, 7.25, 7 ], "axis": "z", "angle": 22.5 },
    "faces": {
        "down":  { "uv": [ 0, 9, 0, 7 ], "texture": "#texture", "cullface": "east" },
        "north": { "uv": [ 0, 9.25, 0, 10.25 ], "texture": "#texture", "cullface": "east" },
        "south": { "uv": [ 16, 9.25, 16, 10.25 ], "texture": "#texture", "cullface": "east" },
        "west":  { "uv": [ 7, 9.25, 9, 10.25 ], "texture": "#texture", "cullface": "east" },
        "east":  { "uv": [ 7, 9.25, 9, 10.25 ], "texture": "#texture", "cullface": "east" }
    }
},
{
    "from": [ 1, 9.5, 7.25 ],
    "to": [ 2, 10, 8.75 ],
    "faces": {
        "down":  { "uv": [ 15, 8.75, 14, 7.25 ], "texture": "#texture" },
        "up":    { "uv": [ 1, 7.25, 2, 8.75 ], "texture": "#texture" },
        "north": { "uv": [ 14, 6, 15, 6.5 ], "texture": "#texture" },
        "south": { "uv": [ 1, 6, 2, 6.5 ], "texture": "#texture" },
        "west":  { "uv": [ 7.25, 6, 8.75, 6.5 ], "texture": "#texture" }
    }
},
{
    "from": [ 1, 8.25, 7 ],
    "to": [ 2, 9.75, 7.5 ],
    "faces": {
        "down":  { "uv": [ 15, 7.5, 14, 7 ], "texture": "#texture" },
        "up":    { "uv": [ 1, 7, 2, 7.5 ], "texture": "#texture" },
        "north": { "uv": [ 14, 6.25, 15, 7.75 ], "texture": "#texture" },
        "south": { "uv": [ 1, 6.25, 2, 7.75 ], "texture": "#texture" },
        "west":  { "uv": [ 7, 6.25, 7.5, 7.75 ], "texture": "#texture" }
    }
},
{
    "from": [ 1, 8.25, 8.5 ],
    "to": [ 2, 9.75, 9 ],
    "faces": {
        "down":  { "uv": [ 15, 9, 14, 8.5 ], "texture": "#texture" },
        "up":    { "uv": [ 1, 8.5, 2, 9 ], "texture": "#texture" },
        "north": { "uv": [ 14, 6.25, 15, 7.75 ], "texture": "#texture" },
        "south": { "uv": [ 1, 6.25, 2, 7.75 ], "texture": "#texture" },
        "west":  { "uv": [ 8.5, 6.25, 9, 7.75 ], "texture": "#texture" }
    }
},
{
    "from": [ 1, 8, 7.25 ],
    "to": [ 2, 8.5, 8.75 ],
    "faces": {
        "down":  { "uv": [ 15, 8.75, 14, 7.25 ], "texture": "#texture" },
        "up":    { "uv": [ 1, 7.25, 2, 8.75 ], "texture": "#texture" },
        "north": { "uv": [ 14, 7.5, 15, 8 ], "texture": "#texture" },
        "south": { "uv": [ 1, 7.5, 2, 8 ], "texture": "#texture" },
        "west":  { "uv": [ 7.25, 7.5, 8.75, 8 ], "texture": "#texture" }
    }
},
{
    "from": [ -8.5, 8.75, 7.75 ],
    "to": [ 2, 9.25, 8.25 ],
    "faces": {
        "down":  { "uv": [ 1, 7.75, 11.5, 8.25 ], "texture": "#iron block", "cullface": "west" },
        "up":    { "uv": [ 1, 7.75, 11.5, 8.25 ], "texture": "#iron block", "cullface": "west" },
        "north": { "uv": [ 1, 6.75, 11.5, 7.25 ], "texture": "#iron block", "cullface": "west" },
        "south": { "uv": [ 1, 6.75, 11.5, 7.25 ], "texture": "#iron block", "cullface": "west" },
        "west":  { "uv": [ 7.75, 6.75, 8.25, 7.25 ], "texture": "#iron block", "cullface": "west" }
    }
},
{
    "from": [ -6.5, 8.5, 7.75 ],
    "to": [ -6, 10.75, 8.25 ],
    "rotation": { "origin": [ -6.5, 10.75, 7.75 ], "axis": "z", "angle": -45 },
    "faces": {
        "down":  { "uv": [ 16, 8.25, 16, 7.75 ], "texture": "#iron block", "cullface": "west" },
        "up":    { "uv": [ 0, 7.75, 0, 8.25 ], "texture": "#iron block", "cullface": "west" },
        "north": { "uv": [ 16, 4.25, 16, 6.5 ], "texture": "#iron block", "cullface": "west" },
        "south": { "uv": [ 0, 4.25, 0, 6.5 ], "texture": "#iron block", "cullface": "west" },
        "west":  { "uv": [ 7.75, 4.25, 8.25, 6.5 ], "texture": "#iron block", "cullface": "west" },
        "east":  { "uv": [ 7.75, 4.25, 8.25, 6.5 ], "texture": "#iron block", "cullface": "west" }
    }
},
{
    "from": [ -7.75, 8.75, 7.75 ],
    "to": [ -5.5, 9.25, 8.25 ],
    "rotation": { "origin": [ -7.75, 8.75, 7.75 ], "axis": "y", "angle": -45 },
    "faces": {
        "down":  { "uv": [ 16, 8.25, 16, 7.75 ], "texture": "#iron block", "cullface": "west" },
        "up":    { "uv": [ 0, 7.75, 0, 8.25 ], "texture": "#iron block", "cullface": "west" },
        "north": { "uv": [ 16, 4, 16, 4.5 ], "texture": "#iron block", "cullface": "west" },
        "south": { "uv": [ 0, 4, 0, 4.5 ], "texture": "#iron block", "cullface": "west" },
        "west":  { "uv": [ 7.75, 4, 8.25, 4.5 ], "texture": "#iron block", "cullface": "west" },
        "east":  { "uv": [ 7.75, 4, 8.25, 4.5 ], "texture": "#iron block", "cullface": "west" }
    }
},
{
    "from": [ -8.0625, 6.5, 7.75 ],
    "to": [ -7.5625, 8.75, 8.25 ],
    "rotation": { "origin": [ -8.0625, 8.75, 7.75 ], "axis": "z", "angle": 45 },
    "faces": {
        "down":  { "uv": [ 14.75, 8.5, 14.75, 7.5 ], "texture": "#iron block", "cullface": "west" },
        "north": { "uv": [ 14.75, 7.5, 14.75, 9.75 ], "texture": "#iron block", "cullface": "west" },
        "south": { "uv": [ 1.25, 7.5, 1.25, 9.75 ], "texture": "#iron block", "cullface": "west" },
        "west":  { "uv": [ 7.5, 7.5, 8.5, 9.75 ], "texture": "#iron block", "cullface": "west" },
        "east":  { "uv": [ 7.5, 7.5, 8.5, 9.75 ], "texture": "#iron block", "cullface": "west" }
    }
},
{
    "from": [ -8.125, 8.75, 7.8125 ],
    "to": [ -5.875, 9.25, 8.3125 ],
    "rotation": { "origin": [ -8.125, 8.75, 7.8125 ], "axis": "y", "angle": 45 },
    "faces": {
        "down":  { "uv": [ 14.75, 6.5, 14.75, 6 ], "texture": "#iron block", "cullface": "west" },
        "up":    { "uv": [ 1, 6, 1, 6.5 ], "texture": "#iron block", "cullface": "west" },
        "north": { "uv": [ 14.75, 1.25, 14.75, 2.25 ], "texture": "#iron block", "cullface": "west" },
        "south": { "uv": [ 1.5, 1.25, 1.5, 2.25 ], "texture": "#iron block", "cullface": "west" },
        "west":  { "uv": [ 6, 1, 6.5, 2 ], "texture": "#iron block", "cullface": "west" },
        "east":  { "uv": [ 9.5, 1, 10, 2 ], "texture": "#iron block", "cullface": "west" }
    }
}
],
"display": {
    "thirdperson": {
        "rotation": [ 0, 90, -90 ],
        "translation": [ 0, 3.8, -2.1 ],
        "scale": [ 0.85, 0.85, 0.85 ]
    },
    "ground": {
        "rotation": [ 0, 0, 0 ],
        "translation": [ 0, 0, 0 ],
        "scale": [ 3, 3, 3 ]
    },
    "fixed": {
        "rotation": [ 0, 180, -45 ],
        "translation": [ -0.2, -1.1, -1.1 ],
        "scale": [ 1.5, 1.5, 1.5 ]
    },
    "firstperson": {
        "rotation": [ 0, -135, 0 ],
        "translation": [ 2.7, 3.2, -3.2 ],
        "scale": [ 2, 2, 2 ]
    },
    "gui": {
        "rotation": [ -30, 135, -45 ],
        "translation": [ -0.2, -0.8, 0 ],
        "scale": [ 0.9, 0.9, 0.9 ]
    }
}
}