{
"__comment": "Designed by Corporalblober with BDcraft Cubik PRO 0.95 Beta - http://bdcraft.net",
"textures": {
    "texture": "blocks/gold block",
    "portal block": "blocks/portal block",
    "iron block": "blocks/brick block",
    "iron": "blocks/iron block"
},
"elements": [ 
{
    "from": [ 5, 9, 7.25 ],
    "to": [ 11, 11, 8.75 ],
    "faces": {
        "down":  { "uv": [ 10, 2.25, 4, 0.75 ], "texture": "#iron block" },
        "up":    { "uv": [ 4, 0.75, 10, 2.25 ], "texture": "#iron block" },
        "north": { "uv": [ 4, 0, 10, 2 ], "texture": "#iron block" },
        "south": { "uv": [ 1, 13, 7, 15 ], "texture": "#iron block" },
        "west":  { "uv": [ 8, 5, 9.5, 7 ], "texture": "#iron block" },
        "east":  { "uv": [ 8, 5, 9.5, 7 ], "texture": "#iron block" }
    }
},
{
    "from": [ 7.75, 8.5, 7.5 ],
    "to": [ 11.5, 9, 8.5 ],
    "faces": {
        "down":  { "uv": [ 7, 5, 3.25, 4 ], "texture": "#iron block" },
        "up":    { "uv": [ 3.25, 4, 7, 5 ], "texture": "#iron block" },
        "north": { "uv": [ 0, 4, 3.75, 4.5 ], "texture": "#iron block" },
        "south": { "uv": [ 8, 4, 11.75, 4.5 ], "texture": "#iron block" },
        "west":  { "uv": [ 8, 6.5, 9, 7 ], "texture": "#iron block" },
        "east":  { "uv": [ 8, 4, 9, 4.5 ], "texture": "#iron block" }
    }
},
{
    "from": [ 5, 9.25, 7 ],
    "to": [ 11, 10.75, 9 ],
    "faces": {
        "down":  { "uv": [ 6, 7, 0, 5 ], "texture": "#iron block" },
        "up":    { "uv": [ 0, 5, 6, 7 ], "texture": "#iron block" },
        "north": { "uv": [ 0, 5.25, 6, 6.75 ], "texture": "#iron block" },
        "south": { "uv": [ 0, 5.25, 6, 6.75 ], "texture": "#iron block" },
        "west":  { "uv": [ 8, 5.25, 10, 6.75 ], "texture": "#iron block" }
    }
},
{
    "from": [ 4.25, 9.25, 7.25 ],
    "to": [ 5, 10.75, 8.75 ],
    "faces": {
        "down":  { "uv": [ 11.75, 8.75, 11, 7.25 ], "texture": "#iron" },
        "up":    { "uv": [ 4.25, 7.25, 5, 8.75 ], "texture": "#iron" },
        "north": { "uv": [ 11, 5.25, 11.75, 6.75 ], "texture": "#iron" },
        "south": { "uv": [ 4.25, 5.25, 5, 6.75 ], "texture": "#iron" },
        "west":  { "uv": [ 7.25, 5.25, 8.75, 6.75 ], "texture": "#iron" }
    }
},
{
    "from": [ 11, 9, 7 ],
    "to": [ 12, 10.75, 9 ],
    "faces": {
        "down":  { "uv": [ 5, 7, 4, 5 ], "texture": "#iron block" },
        "up":    { "uv": [ 11, 5, 12, 7 ], "texture": "#iron block" },
        "north": { "uv": [ 4, 5.25, 5, 7 ], "texture": "#iron block" },
        "south": { "uv": [ 11, 5.25, 12, 7 ], "texture": "#iron block" },
        "west":  { "uv": [ 5, 4, 7, 5.75 ], "texture": "#iron block" },
        "east":  { "uv": [ 5, 5.25, 7, 7 ], "texture": "#iron block" }
    }
},
{
    "from": [ 12, 9, 7 ],
    "to": [ 13, 10.25, 9 ],
    "faces": {
        "down":  { "uv": [ 4, 7, 3, 5 ], "texture": "#iron block" },
        "up":    { "uv": [ 12, 8, 13, 10 ], "texture": "#iron block" },
        "north": { "uv": [ 3, 5.75, 4, 7 ], "texture": "#iron block" },
        "south": { "uv": [ 12, 5.75, 13, 7 ], "texture": "#iron block" },
        "east":  { "uv": [ 5, 5.75, 7, 7 ], "texture": "#iron block" }
    }
},
{
    "from": [ 11.875, 9.6875, 7 ],
    "to": [ 13.125, 10.6875, 9 ],
    "rotation": { "origin": [ 11.875, 10.6875, 7 ], "axis": "z", "angle": -22.5 },
    "faces": {
        "down":  { "uv": [ 12.25, 5, 13.5, 7 ], "texture": "#iron block" },
        "up":    { "uv": [ 12, 5, 13.25, 7 ], "texture": "#iron block" },
        "north": { "uv": [ 11.875, 5.3125, 13.125, 6.3125 ], "texture": "#iron block" },
        "south": { "uv": [ 11.875, 5.3125, 13.125, 6.3125 ], "texture": "#iron block" },
        "west":  { "uv": [ 8, 5.5, 10, 6.5 ], "texture": "#iron block" },
        "east":  { "uv": [ 8, 5.5, 10, 6.5 ], "texture": "#iron block" }
    }
},
{
    "from": [ 11, 4.5, 7.5 ],
    "to": [ 12.75, 9.25, 8.5 ],
    "rotation": { "origin": [ 11, 9.25, 7.5 ], "axis": "z", "angle": 22.5 },
    "faces": {
        "down":  { "uv": [ 8, 4, 9.75, 5 ], "texture": "#iron block" },
        "up":    { "uv": [ 13.25, 12, 15, 13 ], "texture": "#iron block" },
        "north": { "uv": [ 0, 12, 1.75, 15 ], "texture": "#iron block" },
        "south": { "uv": [ 14.25, 0, 16, 3 ], "texture": "#iron block" },
        "west":  { "uv": [ 9, 0, 10, 3 ], "texture": "#iron block" },
        "east":  { "uv": [ 0, 0, 1, 3 ], "texture": "#iron block" }
    }
},
{
    "from": [ 6.5625, 9.0625, 7.5 ],
    "to": [ 8.0625, 9.5625, 8.5 ],
    "rotation": { "origin": [ 6.5625, 9.5625, 7.5 ], "axis": "z", "angle": -22.5 },
    "faces": {
        "down":  { "uv": [ 9.5, 7, 8, 6 ], "texture": "#iron block" },
        "up":    { "uv": [ 5.5, 6, 7, 7 ], "texture": "#iron block" },
        "north": { "uv": [ 8, 4, 9.5, 4.5 ], "texture": "#iron block" },
        "south": { "uv": [ 5.5, 6.5, 7, 7 ], "texture": "#iron block" },
        "west":  { "uv": [ 8, 6.5, 9, 7 ], "texture": "#iron block" },
        "east":  { "uv": [ 6, 5.5, 7, 6 ], "texture": "#iron block" }
    }
},
{
    "from": [ 9.25, 7.75, 7.75 ],
    "to": [ 9.5, 8.5, 8.25 ],
    "faces": {
        "down":  { "uv": [ 6.75, 8.25, 6.5, 7.75 ], "texture": "#texture" },
        "north": { "uv": [ 6.5, 7.5, 6.75, 8.25 ], "texture": "#texture" },
        "south": { "uv": [ 9.25, 7.5, 9.5, 8.25 ], "texture": "#texture" },
        "west":  { "uv": [ 7.75, 7.5, 8.25, 8.25 ], "texture": "#texture" },
        "east":  { "uv": [ 7.75, 7.5, 8.25, 8.25 ], "texture": "#texture" }
    }
},
{
    "from": [ 9.75, 7.25, 7.75 ],
    "to": [ 12, 7.5, 8.25 ],
    "faces": {
        "down":  { "uv": [ 6.25, 8.25, 4, 7.75 ], "texture": "#texture" },
        "up":    { "uv": [ 9.75, 7.75, 12, 8.25 ], "texture": "#texture" },
        "north": { "uv": [ 4, 8.5, 6.25, 8.75 ], "texture": "#texture" },
        "south": { "uv": [ 9.75, 8.5, 12, 8.75 ], "texture": "#texture" },
        "west":  { "uv": [ 7.75, 8.5, 8.25, 8.75 ], "texture": "#texture" },
        "east":  { "uv": [ 7.75, 8.5, 8.25, 8.75 ], "texture": "#texture" }
    }
},
{
    "from": [ 9.4375, 7.6875, 7.75 ],
    "to": [ 10.1875, 7.9375, 8.25 ],
    "rotation": { "origin": [ 9.4375, 7.9375, 7.75 ], "axis": "z", "angle": -45 },
    "faces": {
        "down":  { "uv": [ 9.4375, 7.75, 10.1875, 8.25 ], "texture": "#texture" },
        "up":    { "uv": [ 9.4375, 7.75, 10.1875, 8.25 ], "texture": "#texture" },
        "north": { "uv": [ 9.4375, 8.0625, 10.1875, 8.3125 ], "texture": "#texture" },
        "south": { "uv": [ 9.4375, 8.0625, 10.1875, 8.3125 ], "texture": "#texture" },
        "west":  { "uv": [ 7.75, 8.0625, 8.25, 8.3125 ], "texture": "#texture" },
        "east":  { "uv": [ 7.75, 8.0625, 8.25, 8.3125 ], "texture": "#texture" }
    }
},
{
    "from": [ 11, 7.75, 7.75 ],
    "to": [ 11.25, 9, 8.25 ],
    "rotation": { "origin": [ 11, 9, 7.75 ], "axis": "z", "angle": -22.5 },
    "faces": {
        "down":  { "uv": [ 8.75, 8.25, 8.5, 7.75 ], "texture": "#texture" },
        "north": { "uv": [ 8.5, 0.25, 8.75, 1.5 ], "texture": "#texture" },
        "south": { "uv": [ 7.25, 0.25, 7.5, 1.5 ], "texture": "#texture" },
        "west":  { "uv": [ 7.75, 0.25, 8.25, 1.5 ], "texture": "#texture" }
    }
},
{
    "from": [ 2.25, 8.75, 7 ],
    "to": [ 2.5, 11.25, 9 ],
    "faces": {
        "down":  { "uv": [ 13.75, 9, 13.5, 7 ], "texture": "#texture" },
        "up":    { "uv": [ 2.25, 7, 2.5, 9 ], "texture": "#texture" },
        "north": { "uv": [ 13.5, 4.75, 13.75, 7.25 ], "texture": "#texture" },
        "south": { "uv": [ 2.25, 4.75, 2.5, 7.25 ], "texture": "#texture" },
        "west":  { "uv": [ 1, 0, 15, 16 ], "texture": "#portal block" },
        "east":  { "uv": [ 1, 0, 15, 16 ], "texture": "#texture" }
    }
},
{
    "from": [ 2, 11.25, 7 ],
    "to": [ 2.25, 11.5, 9 ],
    "faces": {
        "down":  { "uv": [ 14, 9, 13.75, 7 ], "texture": "#texture" },
        "up":    { "uv": [ 2, 7, 2.25, 9 ], "texture": "#texture" },
        "north": { "uv": [ 13.75, 4.5, 14, 4.75 ], "texture": "#texture" },
        "south": { "uv": [ 2, 4.5, 2.25, 4.75 ], "texture": "#texture" },
        "west":  { "uv": [ 7, 4.5, 9, 4.75 ], "texture": "#texture" },
        "east":  { "uv": [ 7, 4.5, 9, 4.75 ], "texture": "#texture" }
    }
},
{
    "from": [ 2, 8.5, 7 ],
    "to": [ 2.25, 8.75, 9 ],
    "faces": {
        "down":  { "uv": [ 14, 9, 13.75, 7 ], "texture": "#texture" },
        "up":    { "uv": [ 2, 7, 2.25, 9 ], "texture": "#texture" },
        "north": { "uv": [ 13.75, 7.25, 14, 7.5 ], "texture": "#texture" },
        "south": { "uv": [ 2, 7.25, 2.25, 7.5 ], "texture": "#texture" },
        "west":  { "uv": [ 7, 7.25, 9, 7.5 ], "texture": "#texture" },
        "east":  { "uv": [ 7, 7.25, 9, 7.5 ], "texture": "#texture" }
    }
},
{
    "from": [ 2, 9, 6.5 ],
    "to": [ 2.25, 11, 6.75 ],
    "faces": {
        "down":  { "uv": [ 14, 6.75, 13.75, 6.5 ], "texture": "#texture" },
        "up":    { "uv": [ 2, 6.5, 2.25, 6.75 ], "texture": "#texture" },
        "north": { "uv": [ 13.75, 5, 14, 7 ], "texture": "#texture" },
        "south": { "uv": [ 2, 5, 2.25, 7 ], "texture": "#texture" },
        "west":  { "uv": [ 6.5, 5, 6.75, 7 ], "texture": "#texture" },
        "east":  { "uv": [ 9.25, 5, 9.5, 7 ], "texture": "#texture" }
    }
},
{
    "from": [ 2, 9, 9.25 ],
    "to": [ 2.25, 11, 9.5 ],
    "faces": {
        "down":  { "uv": [ 14, 9.5, 13.75, 9.25 ], "texture": "#texture" },
        "up":    { "uv": [ 2, 9.25, 2.25, 9.5 ], "texture": "#texture" },
        "north": { "uv": [ 13.75, 5, 14, 7 ], "texture": "#texture" },
        "south": { "uv": [ 2, 5, 2.25, 7 ], "texture": "#texture" },
        "west":  { "uv": [ 9.25, 5, 9.5, 7 ], "texture": "#texture" },
        "east":  { "uv": [ 6.5, 5, 6.75, 7 ], "texture": "#texture" }
    }
},
{
    "from": [ 2.5, 9.25, 7.25 ],
    "to": [ 3, 10.75, 8.75 ],
    "faces": {
        "down":  { "uv": [ 13.5, 8.75, 13, 7.25 ], "texture": "#texture" },
        "up":    { "uv": [ 2.5, 7.25, 3, 8.75 ], "texture": "#texture" },
        "north": { "uv": [ 13, 5.25, 13.5, 6.75 ], "texture": "#texture" },
        "south": { "uv": [ 2.5, 5.25, 3, 6.75 ], "texture": "#texture" },
        "east":  { "uv": [ 7.25, 5.25, 8.75, 6.75 ], "texture": "#texture" }
    }
},
{
    "from": [ 3, 9.5, 7.5 ],
    "to": [ 4.25, 10.5, 8.5 ],
    "faces": {
        "down":  { "uv": [ 13, 8.5, 11.75, 7.5 ], "texture": "#iron" },
        "up":    { "uv": [ 3, 7.5, 4.25, 8.5 ], "texture": "#iron" },
        "north": { "uv": [ 11.75, 5.5, 13, 6.5 ], "texture": "#iron" },
        "south": { "uv": [ 3, 5.5, 4.25, 6.5 ], "texture": "#iron" }
    }
},
{
    "from": [ 2.25, 9, 6.75 ],
    "to": [ 2.5, 11, 9.25 ],
    "faces": {
        "down":  { "uv": [ 13.75, 9.25, 13.5, 6.75 ], "texture": "#texture" },
        "up":    { "uv": [ 2.25, 6.75, 2.5, 9.25 ], "texture": "#texture" },
        "north": { "uv": [ 13.5, 5, 13.75, 7 ], "texture": "#texture" },
        "south": { "uv": [ 2.25, 5, 2.5, 7 ], "texture": "#texture" },
        "west":  { "uv": [ 0, 1, 16, 15 ], "texture": "#portal block" },
        "east":  { "uv": [ 0, 1, 16, 15 ], "texture": "#texture" }
    }
},
{
    "from": [ 2, 8.75, 9 ],
    "to": [ 2.25, 9, 9.25 ],
    "faces": {
        "down":  { "uv": [ 14, 9.25, 13.75, 9 ], "texture": "#texture" },
        "up":    { "uv": [ 2, 9, 2.25, 9.25 ], "texture": "#texture" },
        "north": { "uv": [ 13.75, 7, 14, 7.25 ], "texture": "#texture" },
        "south": { "uv": [ 2, 7, 2.25, 7.25 ], "texture": "#texture" },
        "west":  { "uv": [ 9, 7, 9.25, 7.25 ], "texture": "#texture" },
        "east":  { "uv": [ 6.75, 7, 7, 7.25 ], "texture": "#texture" }
    }
},
{
    "from": [ 2, 11, 6.75 ],
    "to": [ 2.25, 11.25, 7 ],
    "faces": {
        "down":  { "uv": [ 14, 7, 13.75, 6.75 ], "texture": "#texture" },
        "up":    { "uv": [ 2, 6.75, 2.25, 7 ], "texture": "#texture" },
        "north": { "uv": [ 13.75, 4.75, 14, 5 ], "texture": "#texture" },
        "south": { "uv": [ 2, 4.75, 2.25, 5 ], "texture": "#texture" },
        "west":  { "uv": [ 6.75, 4.75, 7, 5 ], "texture": "#texture" },
        "east":  { "uv": [ 9, 4.75, 9.25, 5 ], "texture": "#texture" }
    }
},
{
    "from": [ 2, 8.75, 6.75 ],
    "to": [ 2.25, 9, 7 ],
    "faces": {
        "down":  { "uv": [ 14, 7, 13.75, 6.75 ], "texture": "#texture" },
        "up":    { "uv": [ 2, 6.75, 2.25, 7 ], "texture": "#texture" },
        "north": { "uv": [ 13.75, 7, 14, 7.25 ], "texture": "#texture" },
        "south": { "uv": [ 2, 7, 2.25, 7.25 ], "texture": "#texture" },
        "west":  { "uv": [ 6.75, 7, 7, 7.25 ], "texture": "#texture" },
        "east":  { "uv": [ 9, 7, 9.25, 7.25 ], "texture": "#texture" }
    }
},
{
    "from": [ 2, 11, 9 ],
    "to": [ 2.25, 11.25, 9.25 ],
    "faces": {
        "down":  { "uv": [ 14, 9.25, 13.75, 9 ], "texture": "#texture" },
        "up":    { "uv": [ 2, 9, 2.25, 9.25 ], "texture": "#texture" },
        "north": { "uv": [ 13.75, 4.75, 14, 5 ], "texture": "#texture" },
        "south": { "uv": [ 2, 4.75, 2.25, 5 ], "texture": "#texture" },
        "west":  { "uv": [ 9, 4.75, 9.25, 5 ], "texture": "#texture" },
        "east":  { "uv": [ 6.75, 4.75, 7, 5 ], "texture": "#texture" }
    }
},
{
    "from": [ 1.5, 9.75, 7.75 ],
    "to": [ 2.25, 10.25, 8.25 ],
    "faces": {
        "down":  { "uv": [ 14.5, 8.25, 13.75, 7.75 ], "texture": "#texture" },
        "up":    { "uv": [ 1.5, 7.75, 2.25, 8.25 ], "texture": "#texture" },
        "north": { "uv": [ 13.75, 5.75, 14.5, 6.25 ], "texture": "#texture" },
        "south": { "uv": [ 1.5, 5.75, 2.25, 6.25 ], "texture": "#texture" },
        "west":  { "uv": [ 7.75, 5.75, 8.25, 6.25 ], "texture": "#texture" }
    }
},
{
    "from": [ 11.25, 4.5, 7.25 ],
    "to": [ 12.5, 9.25, 8.75 ],
    "rotation": { "origin": [ 11.25, 9.25, 7.25 ], "axis": "z", "angle": 22.5 },
    "faces": {
        "down":  { "uv": [ 4.75, 8.75, 3.5, 7.25 ], "texture": "#texture" },
        "up":    { "uv": [ 11.25, 7.25, 12.5, 8.75 ], "texture": "#texture" },
        "north": { "uv": [ 3.5, 6.75, 4.75, 11.5 ], "texture": "#texture" },
        "south": { "uv": [ 11.25, 6.75, 12.5, 11.5 ], "texture": "#texture" },
        "west":  { "uv": [ 7.25, 6.75, 8.75, 11.5 ], "texture": "#texture" },
        "east":  { "uv": [ 7.25, 6.75, 8.75, 11.5 ], "texture": "#texture" }
    }
}
],
"display": {
    "thirdperson": {
        "rotation": [ 0, 90, -90 ],
        "translation": [ 0, 2.8, -1.5 ],
        "scale": [ 0.85, 0.85, 0.85 ]
    },
    "ground": {
        "rotation": [ 0, 0, 0 ],
        "translation": [ 0, 0, 0 ],
        "scale": [ 3, 3, 3 ]
    },
    "fixed": {
        "rotation": [ 0, 180, -45 ],
        "translation": [ 0.9, 0, -1.1 ],
        "scale": [ 1.7, 1.7, 1.7 ]
    },
    "firstperson": {
        "rotation": [ 0, -135, 0 ],
        "translation": [ 4.1, 0.1, -2.5 ],
        "scale": [ 2, 2, 2 ]
    },
    "gui": {
        "rotation": [ -30, 135, -45 ],
        "translation": [ 0.7, 0.4, 0 ],
        "scale": [ 1.2, 1.2, 1.2 ]
    }
}
}