{
"__comment": "Designed by Corporalblober with BDcraft Cubik PRO 0.95 Beta - http://bdcraft.net",
"textures": {
    "particle": "blocks/iron block",
    "texture": "blocks/door iron lower",
    "anvil 1": "blocks/anvil 1"
},
"elements": [ 
{
    "from": [ 7, 12.75, 8.125 ],
    "to": [ 7.75, 21.5, 8.625 ],
    "faces": {
        "down":  { "uv": [ 7, 8.125, 7.75, 8.625 ], "texture": "#texture", "cullface": "up" },
        "up":    { "uv": [ 7, 8.125, 7.75, 8.625 ], "texture": "#texture", "cullface": "up" },
        "north": { "uv": [ 7, 1, 7.75, 9.75 ], "texture": "#texture", "cullface": "up" },
        "south": { "uv": [ 7, 1, 7.75, 9.75 ], "texture": "#texture", "cullface": "up" },
        "west":  { "uv": [ 8.125, 1, 8.625, 9.75 ], "texture": "#texture", "cullface": "up" },
        "east":  { "uv": [ 8.125, 1, 8.625, 9.75 ], "texture": "#texture", "cullface": "up" }
    }
},
{
    "from": [ 6.125, 6.5, 7.375 ],
    "to": [ 9.125, 7, 9.375 ],
    "faces": {
        "down":  { "uv": [ 0, 0.5, 0.5, 0 ], "texture": "#texture" },
        "up":    { "uv": [ 0, 0, 0.5, 0.5 ], "texture": "#texture" },
        "north": { "uv": [ 0, 0, 0.5, 0.5 ], "texture": "#texture" },
        "south": { "uv": [ 0.5, 0, 0, 0.5 ], "texture": "#texture" },
        "west":  { "uv": [ 0, 0, 0.5, 0.5 ], "texture": "#texture" },
        "east":  { "uv": [ 0.5, 0, 0, 0.5 ], "texture": "#texture" }
    }
},
{
    "from": [ 7.25, 1.75, 7.8125 ],
    "to": [ 8, 6.25, 9.0625 ],
    "faces": {
        "down":  { "uv": [ 8.75, 9.0625, 8, 7.8125 ], "texture": "#anvil 1" },
        "north": { "uv": [ 8, 9.75, 8.75, 14.25 ], "texture": "#anvil 1" },
        "south": { "uv": [ 7.25, 9.75, 8, 14.25 ], "texture": "#anvil 1" },
        "west":  { "uv": [ 7.8125, 9.75, 9.0625, 14.25 ], "texture": "#anvil 1" },
        "east":  { "uv": [ 6.9375, 9.75, 8.1875, 14.25 ], "texture": "#anvil 1" }
    }
},
{
    "from": [ 7.5, 26.25, 8.125 ],
    "to": [ 8.25, 28.75, 8.625 ],
    "faces": {
        "down":  { "uv": [ 7.5, 8.125, 8.25, 8.625 ], "texture": "#texture", "cullface": "up" },
        "up":    { "uv": [ 7.5, 8.125, 8.25, 8.625 ], "texture": "#texture", "cullface": "up" },
        "north": { "uv": [ 7.5, 1, 8.25, 3.5 ], "texture": "#texture", "cullface": "up" },
        "south": { "uv": [ 7.5, 1, 8.25, 3.5 ], "texture": "#texture", "cullface": "up" },
        "west":  { "uv": [ 8.125, 1, 8.625, 3.5 ], "texture": "#texture", "cullface": "up" },
        "east":  { "uv": [ 8.125, 1, 8.625, 3.5 ], "texture": "#texture", "cullface": "up" }
    }
},
{
    "from": [ 7.25, 7, 8.125 ],
    "to": [ 8, 12.75, 8.625 ],
    "faces": {
        "up":    { "uv": [ 7.25, 8.125, 8, 8.625 ], "texture": "#texture" },
        "north": { "uv": [ 8, 3.25, 8.75, 9 ], "texture": "#texture" },
        "south": { "uv": [ 7.25, 3.25, 8, 9 ], "texture": "#texture" },
        "west":  { "uv": [ 8.125, 3.25, 8.625, 9 ], "texture": "#texture" },
        "east":  { "uv": [ 7.375, 3.25, 7.875, 9 ], "texture": "#texture" }
    }
},
{
    "from": [ 7.25, 21.5, 8.125 ],
    "to": [ 8, 26.25, 8.625 ],
    "faces": {
        "down":  { "uv": [ 7.25, 8.125, 8, 8.625 ], "texture": "#texture", "cullface": "up" },
        "up":    { "uv": [ 7.25, 8.125, 8, 8.625 ], "texture": "#texture", "cullface": "up" },
        "north": { "uv": [ 7.25, 1, 8, 5.75 ], "texture": "#texture", "cullface": "up" },
        "south": { "uv": [ 7.25, 1, 8, 5.75 ], "texture": "#texture", "cullface": "up" },
        "west":  { "uv": [ 8.125, 1, 8.625, 5.75 ], "texture": "#texture", "cullface": "up" },
        "east":  { "uv": [ 8.125, 1, 8.625, 5.75 ], "texture": "#texture", "cullface": "up" }
    }
},
{
    "from": [ 6.75, 12.5, 8.25 ],
    "to": [ 8, 21.5, 8.5 ],
    "faces": {
        "down":  { "uv": [ 6.75, 8.25, 8, 8.5 ], "texture": "#texture", "cullface": "up" },
        "up":    { "uv": [ 6.75, 8.25, 8, 8.5 ], "texture": "#texture", "cullface": "up" },
        "north": { "uv": [ 6.75, 1, 8, 9.75 ], "texture": "#texture", "cullface": "up" },
        "south": { "uv": [ 6.75, 1, 8, 9.75 ], "texture": "#texture", "cullface": "up" },
        "west":  { "uv": [ 8.25, 1, 8.5, 9.75 ], "texture": "#texture", "cullface": "up" },
        "east":  { "uv": [ 8.25, 1, 8.5, 9.75 ], "texture": "#texture", "cullface": "up" }
    }
},
{
    "from": [ 7, 21.25, 8.25 ],
    "to": [ 8.25, 26.25, 8.5 ],
    "faces": {
        "down":  { "uv": [ 7, 8.25, 8.25, 8.5 ], "texture": "#texture", "cullface": "up" },
        "up":    { "uv": [ 7, 8.25, 8.25, 8.5 ], "texture": "#texture", "cullface": "up" },
        "north": { "uv": [ 7, 1, 8.25, 5.75 ], "texture": "#texture", "cullface": "up" },
        "south": { "uv": [ 7, 1, 8.25, 5.75 ], "texture": "#texture", "cullface": "up" },
        "west":  { "uv": [ 8.25, 1, 8.5, 5.75 ], "texture": "#texture", "cullface": "up" },
        "east":  { "uv": [ 8.25, 1, 8.5, 5.75 ], "texture": "#texture", "cullface": "up" }
    }
},
{
    "from": [ 7.25, 26, 8.25 ],
    "to": [ 8.5, 28.75, 8.5 ],
    "faces": {
        "down":  { "uv": [ 7.25, 8.25, 8.5, 8.5 ], "texture": "#texture", "cullface": "up" },
        "up":    { "uv": [ 7.25, 8.25, 8.5, 8.5 ], "texture": "#texture", "cullface": "up" },
        "north": { "uv": [ 7.25, 1, 8.5, 3.5 ], "texture": "#texture", "cullface": "up" },
        "south": { "uv": [ 7.25, 1, 8.5, 3.5 ], "texture": "#texture", "cullface": "up" },
        "west":  { "uv": [ 8.25, 1, 8.5, 3.5 ], "texture": "#texture", "cullface": "up" },
        "east":  { "uv": [ 8.25, 1, 8.5, 3.5 ], "texture": "#texture", "cullface": "up" }
    }
},
{
    "from": [ 7, 7, 8.25 ],
    "to": [ 8.25, 12.75, 8.5 ],
    "faces": {
        "up":    { "uv": [ 7, 8.25, 8.25, 8.5 ], "texture": "#texture" },
        "north": { "uv": [ 7.75, 3.25, 9, 9 ], "texture": "#texture" },
        "south": { "uv": [ 7, 3.25, 8.25, 9 ], "texture": "#texture" },
        "west":  { "uv": [ 8.25, 3.25, 8.5, 9 ], "texture": "#texture" },
        "east":  { "uv": [ 7.5, 3.25, 7.75, 9 ], "texture": "#texture" }
    }
},
{
    "from": [ 8.25, 28.25, 8.25 ],
    "to": [ 8.5, 29.75, 8.5 ],
    "rotation": { "origin": [ 8.25, 29.75, 8.25 ], "axis": "z", "angle": -45 },
    "faces": {
        "down":  { "uv": [ 8.25, 8.25, 8.5, 8.5 ], "texture": "#texture", "cullface": "up" },
        "up":    { "uv": [ 8.25, 8.25, 8.5, 8.5 ], "texture": "#texture", "cullface": "up" },
        "north": { "uv": [ 8.25, 1, 8.5, 2.5 ], "texture": "#texture", "cullface": "up" },
        "south": { "uv": [ 8.25, 1, 8.5, 2.5 ], "texture": "#texture", "cullface": "up" },
        "west":  { "uv": [ 8.25, 1, 8.5, 2.5 ], "texture": "#texture", "cullface": "up" },
        "east":  { "uv": [ 8.25, 1, 8.5, 2.5 ], "texture": "#texture", "cullface": "up" }
    }
},
{
    "from": [ 8.25, 28.75, 8.25 ],
    "to": [ 8.5, 29.75, 8.5 ],
    "faces": {
        "up":    { "uv": [ 8.25, 8.25, 8.5, 8.5 ], "texture": "#texture", "cullface": "up" },
        "north": { "uv": [ 8.25, 1, 8.5, 2 ], "texture": "#texture", "cullface": "up" },
        "south": { "uv": [ 8.25, 1, 8.5, 2 ], "texture": "#texture", "cullface": "up" },
        "west":  { "uv": [ 8.25, 1, 8.5, 2 ], "texture": "#texture", "cullface": "up" },
        "east":  { "uv": [ 8.25, 1, 8.5, 2 ], "texture": "#texture", "cullface": "up" }
    }
},
{
    "from": [ 8, 28.75, 8.25 ],
    "to": [ 8.25, 29.5, 8.5 ],
    "faces": {
        "up":    { "uv": [ 8, 8.25, 8.25, 8.5 ], "texture": "#texture", "cullface": "up" },
        "north": { "uv": [ 8, 1, 8.25, 1.75 ], "texture": "#texture", "cullface": "up" },
        "south": { "uv": [ 8, 1, 8.25, 1.75 ], "texture": "#texture", "cullface": "up" },
        "west":  { "uv": [ 8.25, 1, 8.5, 1.75 ], "texture": "#texture", "cullface": "up" }
    }
},
{
    "from": [ 7.75, 28.75, 8.25 ],
    "to": [ 8, 29.25, 8.5 ],
    "faces": {
        "up":    { "uv": [ 7.75, 8.25, 8, 8.5 ], "texture": "#texture", "cullface": "up" },
        "north": { "uv": [ 7.75, 1, 8, 1.5 ], "texture": "#texture", "cullface": "up" },
        "south": { "uv": [ 7.75, 1, 8, 1.5 ], "texture": "#texture", "cullface": "up" },
        "west":  { "uv": [ 8.25, 1, 8.5, 1.5 ], "texture": "#texture", "cullface": "up" }
    }
},
{
    "from": [ 7.5, 28.75, 8.25 ],
    "to": [ 7.75, 29, 8.5 ],
    "faces": {
        "up":    { "uv": [ 7.5, 8.25, 7.75, 8.5 ], "texture": "#texture", "cullface": "up" },
        "north": { "uv": [ 7.5, 1, 7.75, 1.25 ], "texture": "#texture", "cullface": "up" },
        "south": { "uv": [ 7.5, 1, 7.75, 1.25 ], "texture": "#texture", "cullface": "up" },
        "west":  { "uv": [ 8.25, 1, 8.5, 1.25 ], "texture": "#texture", "cullface": "up" }
    }
},
{
    "from": [ 6.5, 6.5, 7.125 ],
    "to": [ 8.75, 7, 9.625 ],
    "faces": {
        "down":  { "uv": [ 0, 0.5, 0.5, 0 ], "texture": "#texture" },
        "up":    { "uv": [ 0, 0, 0.5, 0.5 ], "texture": "#texture" },
        "north": { "uv": [ 0, 0, 0.5, 0.5 ], "texture": "#texture" },
        "south": { "uv": [ 0.5, 0, 0, 0.5 ], "texture": "#texture" },
        "west":  { "uv": [ 0, 0, 0.5, 0.5 ], "texture": "#texture" },
        "east":  { "uv": [ 0.5, 0, 0, 0.5 ], "texture": "#texture" }
    }
},
{
    "from": [ 6.5, 6.25, 7.4375 ],
    "to": [ 8.75, 6.5, 9.4375 ],
    "faces": {
        "down":  { "uv": [ 0, 0.5, 0.5, 0 ], "texture": "#texture" },
        "north": { "uv": [ 0, 0, 0.5, 0.5 ], "texture": "#texture" },
        "south": { "uv": [ 0.5, 0, 0, 0.5 ], "texture": "#texture" },
        "west":  { "uv": [ 0, 0, 0.5, 0.5 ], "texture": "#texture" },
        "east":  { "uv": [ 0.5, 0, 0, 0.5 ], "texture": "#texture" }
    }
},
{
    "from": [ 7, 1.75, 8.0625 ],
    "to": [ 8.25, 6.25, 8.8125 ],
    "faces": {
        "down":  { "uv": [ 9, 8.8125, 7.75, 8.0625 ], "texture": "#anvil 1" },
        "north": { "uv": [ 7.75, 9.75, 9, 14.25 ], "texture": "#anvil 1" },
        "south": { "uv": [ 7, 9.75, 8.25, 14.25 ], "texture": "#anvil 1" },
        "west":  { "uv": [ 8.0625, 9.75, 8.8125, 14.25 ], "texture": "#anvil 1" },
        "east":  { "uv": [ 7.1875, 9.75, 7.9375, 14.25 ], "texture": "#anvil 1" }
    }
}
],
"display": {
    "thirdperson": {
        "rotation": [ 26, 90, -90 ],
        "translation": [ -0.2, 0.5, -2.8 ],
        "scale": [ 1.2, 1.2, 1.2 ]
    },
    "ground": {
        "rotation": [ 0, 0, 0 ],
        "translation": [ 0, 0, 0 ],
        "scale": [ 3, 3, 3 ]
    },
    "fixed": {
        "rotation": [ 0, 180, 45 ],
        "translation": [ -3.7, -3.7, -1.1 ],
        "scale": [ 1.5, 1.5, 1.5 ]
    },
    "firstperson": {
        "rotation": [ -9, -135, 0 ],
        "translation": [ 2.8, 1.5, -0.1 ],
        "scale": [ 2, 2, 2 ]
    },
    "gui": {
        "rotation": [ -30, 135, 45 ],
        "translation": [ -3.1, -3.9, 0 ],
        "scale": [ 0.9, 0.9, 0.9 ]
    }
}
}