{
"__comment": "Designed by Corporalblober with BDcraft Cubik PRO 0.95 Beta - http://bdcraft.net",
"textures": {
    "texture": "blocks/anvil 1",
    "glass white": "blocks/glass white",
    "hardened clay stained yellow": "blocks/hardened clay stained yellow"
},
"elements": [ 
{
    "from": [ 2, 11.5, 7 ],
    "to": [ 7.25, 11.75, 9 ],
    "faces": {
        "down":  { "uv": [ 14, 9, 8.75, 7 ], "texture": "#texture" },
        "up":    { "uv": [ 2, 7, 7.25, 9 ], "texture": "#texture" },
        "north": { "uv": [ 8.75, 4.25, 14, 4.5 ], "texture": "#texture" },
        "south": { "uv": [ 2, 4.25, 7.25, 4.5 ], "texture": "#texture" },
        "west":  { "uv": [ 7, 4.25, 9, 4.5 ], "texture": "#texture" },
        "east":  { "uv": [ 7, 4.25, 9, 4.5 ], "texture": "#texture" }
    }
},
{
    "from": [ 1.75, 10, 8.75 ],
    "to": [ 2, 11.5, 9.5 ],
    "rotation": { "origin": [ 1.75, 10, 8.75 ], "axis": "y", "angle": -22.5 },
    "faces": {
        "down":  { "uv": [ 14.25, 8, 13.75, 7.25 ], "texture": "#hardened clay stained yellow" },
        "up":    { "uv": [ 1.75, 7.25, 2.25, 8 ], "texture": "#hardened clay stained yellow" },
        "north": { "uv": [ 13.75, 4.5, 14.25, 6 ], "texture": "#hardened clay stained yellow" },
        "south": { "uv": [ 1.75, 4.5, 2.25, 6 ], "texture": "#hardened clay stained yellow" },
        "west":  { "uv": [ 7.25, 4.5, 8, 6 ], "texture": "#hardened clay stained yellow" },
        "east":  { "uv": [ 8, 4.5, 8.75, 6 ], "texture": "#hardened clay stained yellow" }
    }
},
{
    "from": [ 3.5, 8.75, 7.25 ],
    "to": [ 6, 9.75, 8.75 ],
    "faces": {
        "down":  { "uv": [ 12.5, 8.75, 10, 7.25 ], "texture": "#texture" },
        "north": { "uv": [ 10, 6.25, 12.5, 7.25 ], "texture": "#texture" },
        "south": { "uv": [ 3.5, 6.25, 6, 7.25 ], "texture": "#texture" },
        "west":  { "uv": [ 7.25, 6.25, 8.75, 7.25 ], "texture": "#texture" },
        "east":  { "uv": [ 7.25, 6.25, 8.75, 7.25 ], "texture": "#texture" }
    }
},
{
    "from": [ 4.25, 9.25, 7 ],
    "to": [ 7.25, 9.75, 9 ],
    "faces": {
        "down":  { "uv": [ 11.75, 9, 8.75, 7 ], "texture": "#texture" },
        "up":    { "uv": [ 4.25, 7, 7.25, 9 ], "texture": "#texture" },
        "north": { "uv": [ 8.75, 6.25, 11.75, 6.75 ], "texture": "#texture" },
        "south": { "uv": [ 4.25, 6.25, 7.25, 6.75 ], "texture": "#texture" },
        "west":  { "uv": [ 7, 6.25, 9, 6.75 ], "texture": "#texture" },
        "east":  { "uv": [ 7, 6.25, 9, 6.75 ], "texture": "#texture" }
    }
},
{
    "from": [ 5.75, 8.75, 7.25 ],
    "to": [ 7, 9.5, 8.75 ],
    "rotation": { "origin": [ 5.75, 9.5, 7.25 ], "axis": "z", "angle": 22.5 },
    "faces": {
        "down":  { "uv": [ 5.75, 7.25, 7, 8.75 ], "texture": "#texture" },
        "up":    { "uv": [ 5.75, 7.25, 7, 8.75 ], "texture": "#texture" },
        "north": { "uv": [ 5.75, 6.5, 7, 7.25 ], "texture": "#texture" },
        "south": { "uv": [ 5.75, 6.5, 7, 7.25 ], "texture": "#texture" },
        "west":  { "uv": [ 7.25, 6.5, 8.75, 7.25 ], "texture": "#texture" },
        "east":  { "uv": [ 7.25, 6.5, 8.75, 7.25 ], "texture": "#texture" }
    }
},
{
    "from": [ 3.25, 9, 7.5 ],
    "to": [ 3.5, 9.5, 8 ],
    "faces": {
        "down":  { "uv": [ 8.25, 1, 15, 15 ], "texture": "#glass white" },
        "up":    { "uv": [ 1, 1, 8, 15 ], "texture": "#glass white" },
        "north": { "uv": [ 8, 1, 15, 15 ], "texture": "#glass white" },
        "west":  { "uv": [ 1, 1, 15, 15 ], "texture": "#glass white" }
    }
},
{
    "from": [ 3.25, 9, 8 ],
    "to": [ 3.5, 9.5, 8.5 ],
    "faces": {
        "down":  { "uv": [ 8.25, 1, 15, 15 ], "texture": "#glass white" },
        "up":    { "uv": [ 1, 1, 8, 15 ], "texture": "#glass white" },
        "south": { "uv": [ 1, 1, 8, 15 ], "texture": "#glass white" },
        "west":  { "uv": [ 1, 1, 15, 15 ], "texture": "#glass white" }
    }
},
{
    "from": [ 1.5, 10, 6.5625 ],
    "to": [ 1.75, 11.5, 7.3125 ],
    "rotation": { "origin": [ 1.5, 10, 6.5625 ], "axis": "y", "angle": 22.5 },
    "faces": {
        "down":  { "uv": [ 8.5, 8, 8.25, 7.25 ], "texture": "#hardened clay stained yellow" },
        "up":    { "uv": [ 7.5, 7.25, 7.75, 8 ], "texture": "#hardened clay stained yellow" },
        "north": { "uv": [ 8.25, 4.5, 8.5, 6 ], "texture": "#hardened clay stained yellow" },
        "south": { "uv": [ 7.5, 4.5, 7.75, 6 ], "texture": "#hardened clay stained yellow" },
        "west":  { "uv": [ 7.25, 4.5, 8, 6 ], "texture": "#hardened clay stained yellow" },
        "east":  { "uv": [ 8, 4.5, 8.75, 6 ], "texture": "#hardened clay stained yellow" }
    }
},
{
    "from": [ 1.75, 10, 7 ],
    "to": [ 2, 11.5, 7.25 ],
    "faces": {
        "down":  { "uv": [ 14.25, 7.25, 14, 7 ], "texture": "#hardened clay stained yellow" },
        "up":    { "uv": [ 1.75, 7, 2, 7.25 ], "texture": "#hardened clay stained yellow" },
        "north": { "uv": [ 14, 4.5, 14.25, 6 ], "texture": "#hardened clay stained yellow" },
        "south": { "uv": [ 1.75, 4.5, 2, 6 ], "texture": "#hardened clay stained yellow" }
    }
},
{
    "from": [ 1.75, 10, 8.75 ],
    "to": [ 2, 11.5, 9 ],
    "faces": {
        "down":  { "uv": [ 14.25, 9, 14, 8.75 ], "texture": "#hardened clay stained yellow" },
        "up":    { "uv": [ 1.75, 8.75, 2, 9 ], "texture": "#hardened clay stained yellow" },
        "north": { "uv": [ 14, 4.5, 14.25, 6 ], "texture": "#hardened clay stained yellow" },
        "south": { "uv": [ 1.75, 4.5, 2, 6 ], "texture": "#hardened clay stained yellow" },
        "west":  { "uv": [ 8.75, 4.5, 9, 6 ], "texture": "#hardened clay stained yellow" }
    }
},
{
    "from": [ 2, 9.75, 7 ],
    "to": [ 7.25, 11.5, 7.25 ],
    "faces": {
        "down":  { "uv": [ 14, 7.25, 8.75, 7 ], "texture": "#texture" },
        "north": { "uv": [ 8.75, 4.5, 14, 6.25 ], "texture": "#texture" },
        "south": { "uv": [ 2, 4.5, 7.25, 6.25 ], "texture": "#texture" },
        "west":  { "uv": [ 7, 4.5, 7.25, 6.25 ], "texture": "#texture" },
        "east":  { "uv": [ 8.75, 4.5, 9, 6.25 ], "texture": "#texture" }
    }
},
{
    "from": [ 2, 9.75, 8.75 ],
    "to": [ 7.25, 11.75, 9 ],
    "faces": {
        "down":  { "uv": [ 14, 9, 8.75, 8.75 ], "texture": "#texture" },
        "up":    { "uv": [ 2, 8.75, 7.25, 9 ], "texture": "#texture" },
        "north": { "uv": [ 8.75, 4.25, 14, 6.25 ], "texture": "#texture" },
        "south": { "uv": [ 2, 4.25, 7.25, 6.25 ], "texture": "#texture" },
        "west":  { "uv": [ 8.75, 4.25, 9, 6.25 ], "texture": "#texture" },
        "east":  { "uv": [ 7, 4.25, 7.25, 6.25 ], "texture": "#texture" }
    }
},
{
    "from": [ 2, 9.75, 7.25 ],
    "to": [ 7.25, 10, 8.75 ],
    "faces": {
        "down":  { "uv": [ 14, 8.75, 8.75, 7.25 ], "texture": "#texture" },
        "up":    { "uv": [ 2, 7.25, 7.25, 8.75 ], "texture": "#texture" },
        "west":  { "uv": [ 7.25, 6, 8.75, 6.25 ], "texture": "#texture" },
        "east":  { "uv": [ 7.25, 6, 8.75, 6.25 ], "texture": "#texture" }
    }
},
{
    "from": [ 2.5, 10, 7.25 ],
    "to": [ 2.75, 11.5, 8.75 ],
    "faces": {
        "west":  { "uv": [ 7.25, 4.5, 8.75, 6 ], "texture": "#texture" },
        "east":  { "uv": [ 7.25, 4.5, 8.75, 6 ], "texture": "#texture" }
    }
},
{
    "from": [ 2.25, 11.25, 7.5 ],
    "to": [ 3.25, 11.5, 8.5 ],
    "faces": {
        "down":  { "uv": [ 13.75, 8.5, 12.75, 7.5 ], "texture": "#texture" },
        "north": { "uv": [ 12.75, 4.5, 13.75, 4.75 ], "texture": "#texture" },
        "south": { "uv": [ 2.25, 4.5, 3.25, 4.75 ], "texture": "#texture" },
        "west":  { "uv": [ 7.5, 4.5, 8.5, 4.75 ], "texture": "#texture" },
        "east":  { "uv": [ 7.5, 4.5, 8.5, 4.75 ], "texture": "#texture" }
    }
},
{
    "from": [ 2.25, 10.25, 7.25 ],
    "to": [ 3.25, 11.25, 7.5 ],
    "faces": {
        "down":  { "uv": [ 13.75, 7.5, 12.75, 7.25 ], "texture": "#texture" },
        "up":    { "uv": [ 2.25, 7.25, 3.25, 7.5 ], "texture": "#texture" },
        "south": { "uv": [ 2.25, 4.75, 3.25, 5.75 ], "texture": "#texture" },
        "west":  { "uv": [ 7.25, 4.75, 7.5, 5.75 ], "texture": "#texture" },
        "east":  { "uv": [ 8.5, 4.75, 8.75, 5.75 ], "texture": "#texture" }
    }
},
{
    "from": [ 2.25, 10.25, 8.5 ],
    "to": [ 3.25, 11.25, 8.75 ],
    "faces": {
        "down":  { "uv": [ 13.75, 8.75, 12.75, 8.5 ], "texture": "#texture" },
        "up":    { "uv": [ 2.25, 8.5, 3.25, 8.75 ], "texture": "#texture" },
        "north": { "uv": [ 12.75, 4.75, 13.75, 5.75 ], "texture": "#texture" },
        "west":  { "uv": [ 8.5, 4.75, 8.75, 5.75 ], "texture": "#texture" },
        "east":  { "uv": [ 7.25, 4.75, 7.5, 5.75 ], "texture": "#texture" }
    }
},
{
    "from": [ 2.25, 10, 7.5 ],
    "to": [ 3.25, 10.25, 8.5 ],
    "faces": {
        "up":    { "uv": [ 2.25, 7.5, 3.25, 8.5 ], "texture": "#texture" },
        "north": { "uv": [ 12.75, 5.75, 13.75, 6 ], "texture": "#texture" },
        "south": { "uv": [ 2.25, 5.75, 3.25, 6 ], "texture": "#texture" },
        "west":  { "uv": [ 7.5, 5.75, 8.5, 6 ], "texture": "#texture" },
        "east":  { "uv": [ 7.5, 5.75, 8.5, 6 ], "texture": "#texture" }
    }
},
{
    "from": [ 2.25, 10.5, 7.75 ],
    "to": [ 3.25, 11, 8.25 ],
    "faces": {
        "down":  { "uv": [ 13.75, 8.25, 12.75, 7.75 ], "texture": "#texture" },
        "up":    { "uv": [ 2.25, 7.75, 3.25, 8.25 ], "texture": "#texture" },
        "north": { "uv": [ 12.75, 5, 13.75, 5.5 ], "texture": "#texture" },
        "south": { "uv": [ 2.25, 5, 3.25, 5.5 ], "texture": "#texture" },
        "west":  { "uv": [ 7.75, 5, 8.25, 5.5 ], "texture": "#texture" },
        "east":  { "uv": [ 7.75, 5, 8.25, 5.5 ], "texture": "#texture" }
    }
},
{
    "from": [ 7.25, 9.25, 7.75 ],
    "to": [ 8.5, 9.5, 8.25 ],
    "faces": {
        "down":  { "uv": [ 8.75, 8.25, 7.5, 7.75 ], "texture": "#texture" },
        "up":    { "uv": [ 7.25, 7.75, 8.5, 8.25 ], "texture": "#texture" },
        "north": { "uv": [ 7.5, 6.5, 8.75, 6.75 ], "texture": "#texture" },
        "south": { "uv": [ 7.25, 6.5, 8.5, 6.75 ], "texture": "#texture" },
        "east":  { "uv": [ 7.75, 6.5, 8.25, 6.75 ], "texture": "#texture" }
    }
},
{
    "from": [ 7.25, 10.5, 7 ],
    "to": [ 11.5, 11.5, 9 ],
    "faces": {
        "down":  { "uv": [ 8.75, 9, 4.5, 7 ], "texture": "#texture" },
        "up":    { "uv": [ 7.25, 7, 11.5, 9 ], "texture": "#texture" },
        "north": { "uv": [ 4.5, 4.5, 8.75, 5.5 ], "texture": "#texture" },
        "south": { "uv": [ 7.25, 4.5, 11.5, 5.5 ], "texture": "#texture" },
        "west":  { "uv": [ 7, 4.5, 9, 5.5 ], "texture": "#texture" },
        "east":  { "uv": [ 7, 4.5, 9, 5.5 ], "texture": "#texture" }
    }
},
{
    "from": [ 2.25, 11.75, 7.25 ],
    "to": [ 7.25, 12, 8.75 ],
    "faces": {
        "up":    { "uv": [ 2.25, 7.25, 7.25, 8.75 ], "texture": "#texture" },
        "north": { "uv": [ 8.75, 4, 13.75, 4.25 ], "texture": "#texture" },
        "south": { "uv": [ 2.25, 4, 7.25, 4.25 ], "texture": "#texture" },
        "west":  { "uv": [ 7.25, 4, 8.75, 4.25 ], "texture": "#texture" },
        "east":  { "uv": [ 7.25, 4, 8.75, 4.25 ], "texture": "#texture" }
    }
},
{
    "from": [ 7.25, 11.75, 7.5 ],
    "to": [ 10, 12, 8.5 ],
    "faces": {
        "up":    { "uv": [ 7.25, 7.5, 10, 8.5 ], "texture": "#texture" },
        "north": { "uv": [ 6, 4, 8.75, 4.25 ], "texture": "#texture" },
        "south": { "uv": [ 7.25, 4, 10, 4.25 ], "texture": "#texture" },
        "east":  { "uv": [ 7.5, 4, 8.5, 4.25 ], "texture": "#texture" }
    }
},
{
    "from": [ 8.375, 9.25, 7.75 ],
    "to": [ 9.625, 9.5, 8.25 ],
    "rotation": { "origin": [ 8.375, 9.5, 7.75 ], "axis": "z", "angle": 22.5 },
    "faces": {
        "down":  { "uv": [ 10.25, 8.5, 9, 7.5 ], "texture": "#texture" },
        "up":    { "uv": [ 5.75, 7.5, 7, 8.5 ], "texture": "#texture" },
        "north": { "uv": [ 9, 0.75, 10.25, 1 ], "texture": "#texture" },
        "south": { "uv": [ 5.75, 0.75, 7, 1 ], "texture": "#texture" },
        "west":  { "uv": [ 7.5, 0.75, 8.5, 1 ], "texture": "#texture" },
        "east":  { "uv": [ 7.5, 0.75, 8.5, 1 ], "texture": "#texture" }
    }
},
{
    "from": [ 8.5, 9.75, 7.75 ],
    "to": [ 8.75, 11.25, 8.25 ],
    "rotation": { "origin": [ 8.5, 11.25, 7.75 ], "axis": "z", "angle": -22.5 },
    "faces": {
        "down":  { "uv": [ 7.5, 8.5, 7.25, 7.5 ], "texture": "#texture" },
        "up":    { "uv": [ 8.5, 7.5, 8.75, 8.5 ], "texture": "#texture" },
        "north": { "uv": [ 7.25, 0.5, 7.5, 2 ], "texture": "#texture" },
        "south": { "uv": [ 8.5, 0.5, 8.75, 2 ], "texture": "#texture" },
        "west":  { "uv": [ 7.5, 0.5, 8.5, 2 ], "texture": "#texture" },
        "east":  { "uv": [ 7.5, 0.5, 8.5, 2 ], "texture": "#texture" }
    }
},
{
    "from": [ 7.25, 11.5, 7.25 ],
    "to": [ 11, 11.75, 8.75 ],
    "faces": {
        "up":    { "uv": [ 7.25, 7.25, 11, 8.75 ], "texture": "#texture" },
        "north": { "uv": [ 5, 4.25, 8.75, 4.5 ], "texture": "#texture" },
        "south": { "uv": [ 7.25, 4.25, 11, 4.5 ], "texture": "#texture" },
        "east":  { "uv": [ 7.25, 4.25, 8.75, 4.5 ], "texture": "#texture" }
    }
},
{
    "from": [ 9.5, 8.75, 7.5 ],
    "to": [ 11.25, 10.5, 8.5 ],
    "faces": {
        "down":  { "uv": [ 6.5, 8.5, 4.75, 7.5 ], "texture": "#texture" },
        "north": { "uv": [ 4.75, 5.5, 6.5, 7.25 ], "texture": "#texture" },
        "south": { "uv": [ 9.5, 5.5, 11.25, 7.25 ], "texture": "#texture" },
        "west":  { "uv": [ 7.5, 5.5, 8.5, 7.25 ], "texture": "#texture" },
        "east":  { "uv": [ 7.5, 5.5, 8.5, 7.25 ], "texture": "#texture" }
    }
},
{
    "from": [ 9.75, 6.75, 7.5 ],
    "to": [ 11.5, 8.75, 8.5 ],
    "faces": {
        "down":  { "uv": [ 6.25, 8.5, 4.5, 7.5 ], "texture": "#texture" },
        "up":    { "uv": [ 9.75, 7.5, 11.5, 8.5 ], "texture": "#texture" },
        "north": { "uv": [ 4.5, 7.25, 6.25, 9.25 ], "texture": "#texture" },
        "south": { "uv": [ 9.75, 7.25, 11.5, 9.25 ], "texture": "#texture" },
        "west":  { "uv": [ 7.5, 7.25, 8.5, 9.25 ], "texture": "#texture" },
        "east":  { "uv": [ 7.5, 7.25, 8.5, 9.25 ], "texture": "#texture" }
    }
},
{
    "from": [ 9.75, 8.75, 7.25 ],
    "to": [ 11, 10.5, 8.75 ],
    "faces": {
        "down":  { "uv": [ 6.25, 8.75, 5, 7.25 ], "texture": "#texture" },
        "north": { "uv": [ 5, 5.5, 6.25, 7.25 ], "texture": "#texture" },
        "south": { "uv": [ 9.75, 5.5, 11, 7.25 ], "texture": "#texture" },
        "west":  { "uv": [ 7.25, 5.5, 8.75, 7.25 ], "texture": "#texture" },
        "east":  { "uv": [ 7.25, 5.5, 8.75, 7.25 ], "texture": "#texture" }
    }
},
{
    "from": [ 10, 6.75, 7.25 ],
    "to": [ 11.25, 8.75, 8.75 ],
    "faces": {
        "down":  { "uv": [ 6, 8.75, 4.75, 7.25 ], "texture": "#texture" },
        "up":    { "uv": [ 10, 7.25, 11.25, 8.75 ], "texture": "#texture" },
        "north": { "uv": [ 4.75, 7.25, 6, 9.25 ], "texture": "#texture" },
        "south": { "uv": [ 10, 7.25, 11.25, 9.25 ], "texture": "#texture" },
        "west":  { "uv": [ 7.25, 7.25, 8.75, 9.25 ], "texture": "#texture" },
        "east":  { "uv": [ 7.25, 7.25, 8.75, 9.25 ], "texture": "#texture" }
    }
},
{
    "from": [ 9.75, 10, 7.25 ],
    "to": [ 11.75, 10.5, 8.75 ],
    "faces": {
        "down":  { "uv": [ 6.25, 8.75, 4.25, 7.25 ], "texture": "#texture" },
        "up":    { "uv": [ 9.75, 7.25, 11.75, 8.75 ], "texture": "#texture" },
        "north": { "uv": [ 4.25, 5.5, 6.25, 6 ], "texture": "#texture" },
        "south": { "uv": [ 9.75, 5.5, 11.75, 6 ], "texture": "#texture" },
        "west":  { "uv": [ 7.25, 5.5, 8.75, 6 ], "texture": "#texture" },
        "east":  { "uv": [ 7.25, 5.5, 8.75, 6 ], "texture": "#texture" }
    }
},
{
    "from": [ 7, 9.5, 6.9375 ],
    "to": [ 7.5, 11.5, 9.0625 ],
    "rotation": { "origin": [ 7, 11.5, 6.9375 ], "axis": "z", "angle": -22.5 },
    "faces": {
        "down":  { "uv": [ 11.25, 8.5, 10.25, 7.5 ], "texture": "#hardened clay stained yellow" },
        "up":    { "uv": [ 4.75, 7.5, 5.75, 8.5 ], "texture": "#hardened clay stained yellow" },
        "north": { "uv": [ 10.25, 3.75, 11.25, 5.25 ], "texture": "#hardened clay stained yellow" },
        "south": { "uv": [ 4.75, 3.75, 5.75, 5.25 ], "texture": "#hardened clay stained yellow" },
        "west":  { "uv": [ 7.5, 3.75, 8.5, 5.25 ], "texture": "#hardened clay stained yellow" },
        "east":  { "uv": [ 7.5, 3.75, 8.5, 5.25 ], "texture": "#hardened clay stained yellow" }
    }
},
{
    "from": [ 6.25, 9.1875, 6.9375 ],
    "to": [ 6.75, 9.6875, 9.0625 ],
    "faces": {
        "down":  { "uv": [ 9.75, 9.0625, 9.25, 6.9375 ], "texture": "#hardened clay stained yellow" },
        "up":    { "uv": [ 6.25, 6.9375, 6.75, 9.0625 ], "texture": "#hardened clay stained yellow" },
        "north": { "uv": [ 9.25, 6.3125, 9.75, 6.8125 ], "texture": "#hardened clay stained yellow" },
        "south": { "uv": [ 6.25, 6.3125, 6.75, 6.8125 ], "texture": "#hardened clay stained yellow" },
        "west":  { "uv": [ 6.9375, 6.3125, 9.0625, 6.8125 ], "texture": "#hardened clay stained yellow" },
        "east":  { "uv": [ 6.9375, 6.3125, 9.0625, 6.8125 ], "texture": "#hardened clay stained yellow" }
    }
},
{
    "from": [ 4.5, 9.1875, 6.9375 ],
    "to": [ 5.5, 9.6875, 9.0625 ],
    "faces": {
        "down":  { "uv": [ 11.5, 9.0625, 10.5, 6.9375 ], "texture": "#hardened clay stained yellow" },
        "up":    { "uv": [ 4.5, 6.9375, 5.5, 9.0625 ], "texture": "#hardened clay stained yellow" },
        "north": { "uv": [ 10.5, 6.3125, 11.5, 6.8125 ], "texture": "#hardened clay stained yellow" },
        "south": { "uv": [ 4.5, 6.3125, 5.5, 6.8125 ], "texture": "#hardened clay stained yellow" },
        "west":  { "uv": [ 6.9375, 6.3125, 9.0625, 6.8125 ], "texture": "#hardened clay stained yellow" },
        "east":  { "uv": [ 6.9375, 6.3125, 9.0625, 6.8125 ], "texture": "#hardened clay stained yellow" }
    }
},
{
    "from": [ 7, 11.3125, 6.9375 ],
    "to": [ 7.5, 11.8125, 9.0625 ],
    "faces": {
        "down":  { "uv": [ 9, 9.0625, 8.5, 6.9375 ], "texture": "#hardened clay stained yellow" },
        "up":    { "uv": [ 7, 6.9375, 7.5, 9.0625 ], "texture": "#hardened clay stained yellow" },
        "north": { "uv": [ 8.5, 4.1875, 9, 4.6875 ], "texture": "#hardened clay stained yellow" },
        "south": { "uv": [ 7, 4.1875, 7.5, 4.6875 ], "texture": "#hardened clay stained yellow" },
        "west":  { "uv": [ 6.9375, 4.1875, 9.0625, 4.6875 ], "texture": "#hardened clay stained yellow" },
        "east":  { "uv": [ 6.9375, 4.1875, 9.0625, 4.6875 ], "texture": "#hardened clay stained yellow" }
    }
},
{
    "from": [ 5.25, 11.125, 6.9375 ],
    "to": [ 6.1875, 11.8125, 9.0625 ],
    "faces": {
        "down":  { "uv": [ 10.75, 9.0625, 9.8125, 6.9375 ], "texture": "#hardened clay stained yellow" },
        "up":    { "uv": [ 5.25, 6.9375, 6.1875, 9.0625 ], "texture": "#hardened clay stained yellow" },
        "north": { "uv": [ 9.8125, 4.1875, 10.75, 4.875 ], "texture": "#hardened clay stained yellow" },
        "south": { "uv": [ 5.25, 4.1875, 6.1875, 4.875 ], "texture": "#hardened clay stained yellow" },
        "west":  { "uv": [ 6.9375, 4.1875, 9.0625, 4.875 ], "texture": "#hardened clay stained yellow" },
        "east":  { "uv": [ 6.9375, 4.1875, 9.0625, 4.875 ], "texture": "#hardened clay stained yellow" }
    }
},
{
    "from": [ 5.25, 9.5, 6.9375 ],
    "to": [ 6.25, 11.5, 9.0625 ],
    "rotation": { "origin": [ 5.25, 11.5, 6.9375 ], "axis": "z", "angle": -22.5 },
    "faces": {
        "down":  { "uv": [ 11.25, 8.5, 10.25, 7.5 ], "texture": "#hardened clay stained yellow" },
        "up":    { "uv": [ 4.75, 7.5, 5.75, 8.5 ], "texture": "#hardened clay stained yellow" },
        "north": { "uv": [ 10.25, 3.75, 11.25, 5.25 ], "texture": "#hardened clay stained yellow" },
        "south": { "uv": [ 4.75, 3.75, 5.75, 5.25 ], "texture": "#hardened clay stained yellow" },
        "west":  { "uv": [ 7.5, 3.75, 8.5, 5.25 ], "texture": "#hardened clay stained yellow" },
        "east":  { "uv": [ 7.5, 3.75, 8.5, 5.25 ], "texture": "#hardened clay stained yellow" }
    }
},
{
    "from": [ 7, 9.75, 7.25 ],
    "to": [ 7.25, 10.5, 8.75 ],
    "faces": {
        "up":    { "uv": [ 7, 7.25, 7.25, 8.75 ], "texture": "#texture" },
        "west":  { "uv": [ 7.25, 5.5, 8.75, 6.25 ], "texture": "#texture" },
        "east":  { "uv": [ 7.25, 5.5, 8.75, 6.25 ], "texture": "#texture" }
    }
}
],
"display": {
    "thirdperson": {
        "rotation": [ 0, 90, -90 ],
        "translation": [ 0, 1.8, -0.8 ],
        "scale": [ 0.85, 0.85, 0.85 ]
    },
    "ground": {
        "rotation": [ 0, 0, 0 ],
        "translation": [ 0, 0, 0 ],
        "scale": [ 3, 3, 3 ]
    },
    "fixed": {
        "rotation": [ 0, 180, -45 ],
        "translation": [ 0.2, -2, -1.1 ],
        "scale": [ 1.6, 1.6, 1.6 ]
    },
    "firstperson": {
        "rotation": [ 0, -135, 0 ],
        "translation": [ -3.4, 1.5, -0.6 ],
        "scale": [ 2, 2, 2 ]
    },
    "gui": {
        "rotation": [ -30, 135, -45 ],
        "translation": [ 0.1, -1.5, 0 ],
        "scale": [ 1.3, 1.3, 1.3 ]
    }
}
}