{
"__comment": "Designed by Corporalblober with BDcraft Cubik PRO 0.95 Beta - http://bdcraft.net",
"textures": {
    "particle": "blocks/anvil 1",
    "texture": "blocks/anvil 1",
    "anvil 1": "blocks/stone andesite smooth",
    "falcon2": "blocks/falcon2",
    "door iron lower": "blocks/door iron lower"
},
"elements": [ 
{
    "from": [ -2.75, 8.25, 6.5 ],
    "to": [ 27.75, 9.25, 7 ],
    "faces": {
        "down":  { "uv": [ 16, 7, 0, 6.5 ], "texture": "#anvil 1" },
        "up":    { "uv": [ 0, 6.5, 16, 7 ], "texture": "#anvil 1" },
        "north": { "uv": [ 0, 6.75, 16, 7.75 ], "texture": "#anvil 1" },
        "south": { "uv": [ 0, 6.75, 16, 7.75 ], "texture": "#anvil 1" },
        "west":  { "uv": [ 6.5, 6.75, 7, 7.75 ], "texture": "#anvil 1" },
        "east":  { "uv": [ 9, 6.75, 9.5, 7.75 ], "texture": "#anvil 1" }
    }
},
{
    "from": [ -2.75, 9.25, 6.75 ],
    "to": [ 27.75, 9.75, 7.25 ],
    "faces": {
        "down":  { "uv": [ 16, 7.25, 0, 6.75 ], "texture": "#anvil 1" },
        "up":    { "uv": [ 0, 6.75, 16, 7.25 ], "texture": "#anvil 1" },
        "north": { "uv": [ 0, 6.25, 16, 6.75 ], "texture": "#anvil 1" },
        "south": { "uv": [ 0, 6.25, 16, 6.75 ], "texture": "#anvil 1" },
        "west":  { "uv": [ 6.75, 6.25, 7.25, 6.75 ], "texture": "#anvil 1" },
        "east":  { "uv": [ 8.75, 6.25, 9.25, 6.75 ], "texture": "#anvil 1" }
    }
},
{
    "from": [ -2.75, 10, 7.5 ],
    "to": [ 27.75, 10.25, 8.5 ],
    "faces": {
        "up":    { "uv": [ 1, 7.5, 16, 8.5 ], "texture": "#anvil 1" },
        "north": { "uv": [ 1, 6, 16, 6.25 ], "texture": "#anvil 1" },
        "south": { "uv": [ 1.25, 5.75, 16, 6 ], "texture": "#anvil 1" },
        "west":  { "uv": [ 7.5, 5.75, 8.5, 6 ], "texture": "#anvil 1" },
        "east":  { "uv": [ 7.5, 5.75, 8.5, 6 ], "texture": "#anvil 1" }
    }
},
{
    "from": [ -2.75, 9.25, 8.75 ],
    "to": [ 27.75, 9.75, 9.25 ],
    "faces": {
        "down":  { "uv": [ 16, 9.25, 1, 8.75 ], "texture": "#anvil 1" },
        "up":    { "uv": [ 1, 9.25, 16, 9.75 ], "texture": "#anvil 1" },
        "north": { "uv": [ 1, 6.25, 16, 6.75 ], "texture": "#anvil 1" },
        "south": { "uv": [ 1, 6, 16, 6.5 ], "texture": "#anvil 1" },
        "west":  { "uv": [ 8.75, 6.25, 9.25, 6.75 ], "texture": "#anvil 1" },
        "east":  { "uv": [ 6.75, 6.25, 7.25, 6.75 ], "texture": "#anvil 1" }
    }
},
{
    "from": [ -2.75, 8.25, 9 ],
    "to": [ 27.75, 9.25, 9.5 ],
    "faces": {
        "down":  { "uv": [ 16, 9.5, 1, 9 ], "texture": "#anvil 1" },
        "up":    { "uv": [ 1, 8.25, 16, 8.75 ], "texture": "#anvil 1" },
        "north": { "uv": [ 1, 6.5, 16, 7.5 ], "texture": "#anvil 1" },
        "south": { "uv": [ 1, 6.5, 16, 7.5 ], "texture": "#anvil 1" },
        "west":  { "uv": [ 9, 6.75, 9.5, 7.75 ], "texture": "#anvil 1" },
        "east":  { "uv": [ 6.5, 6.75, 7, 7.75 ], "texture": "#anvil 1" }
    }
},
{
    "from": [ -2.75, 7.75, 6.75 ],
    "to": [ 27.75, 8.25, 7.25 ],
    "faces": {
        "down":  { "uv": [ 16, 7.25, 0, 6.75 ], "texture": "#anvil 1" },
        "up":    { "uv": [ 0, 6.75, 16, 7.25 ], "texture": "#anvil 1" },
        "north": { "uv": [ 0, 7.75, 16, 8.25 ], "texture": "#anvil 1" },
        "south": { "uv": [ 0, 7.75, 16, 8.25 ], "texture": "#anvil 1" },
        "west":  { "uv": [ 6.75, 7.75, 7.25, 8.25 ], "texture": "#anvil 1" },
        "east":  { "uv": [ 8.75, 7.75, 9.25, 8.25 ], "texture": "#anvil 1" }
    }
},
{
    "from": [ -2.75, 7.25, 7.5 ],
    "to": [ 27.75, 7.5, 8.5 ],
    "faces": {
        "down":  { "uv": [ 16, 8.5, 1, 7.5 ], "texture": "#anvil 1" },
        "north": { "uv": [ 1, 8.5, 16, 8.75 ], "texture": "#anvil 1" },
        "south": { "uv": [ 1, 8, 16, 8.25 ], "texture": "#anvil 1" },
        "west":  { "uv": [ 7.5, 8.5, 8.5, 8.75 ], "texture": "#anvil 1" },
        "east":  { "uv": [ 7.5, 8.5, 8.5, 8.75 ], "texture": "#anvil 1" }
    }
},
{
    "from": [ -2.75, 7.75, 8.75 ],
    "to": [ 27.75, 8.25, 9.25 ],
    "faces": {
        "down":  { "uv": [ 16, 9.25, 1, 8.75 ], "texture": "#anvil 1" },
        "up":    { "uv": [ 1, 8.5, 16, 9 ], "texture": "#anvil 1" },
        "north": { "uv": [ 1, 7.5, 16, 8 ], "texture": "#anvil 1" },
        "south": { "uv": [ 1, 7.5, 16, 8 ], "texture": "#anvil 1" },
        "west":  { "uv": [ 8.75, 7.75, 9.25, 8.25 ], "texture": "#anvil 1" },
        "east":  { "uv": [ 6.75, 7.75, 7.25, 8.25 ], "texture": "#anvil 1" }
    }
},
{
    "from": [ -2.75, 9.75, 7 ],
    "to": [ 27.75, 10, 9 ],
    "faces": {
        "down":  { "uv": [ 16, 9, 1, 7 ], "texture": "#anvil 1" },
        "up":    { "uv": [ 1, 7, 16, 9 ], "texture": "#anvil 1" },
        "north": { "uv": [ 1, 5.75, 16, 6 ], "texture": "#anvil 1" },
        "south": { "uv": [ 1, 5.5, 16, 5.75 ], "texture": "#anvil 1" },
        "west":  { "uv": [ 7, 6, 9, 6.25 ], "texture": "#anvil 1" },
        "east":  { "uv": [ 7, 6, 9, 6.25 ], "texture": "#anvil 1" }
    }
},
{
    "from": [ -2.75, 7.5, 7 ],
    "to": [ 27.75, 7.75, 9 ],
    "faces": {
        "down":  { "uv": [ 16, 9, 1, 7 ], "texture": "#anvil 1" },
        "up":    { "uv": [ 1, 7, 16, 9 ], "texture": "#anvil 1" },
        "north": { "uv": [ 1, 8.25, 16, 8.5 ], "texture": "#anvil 1" },
        "south": { "uv": [ 1, 8, 16, 8.25 ], "texture": "#anvil 1" },
        "west":  { "uv": [ 7, 8.25, 9, 8.5 ], "texture": "#anvil 1" },
        "east":  { "uv": [ 7, 8.25, 9, 8.5 ], "texture": "#anvil 1" }
    }
},
{
    "from": [ 26.75, 8, 6.25 ],
    "to": [ 28, 9.5, 9.75 ],
    "faces": {
        "down":  { "uv": [ 0, 9.75, 0, 6.25 ], "texture": "#texture", "cullface": "east" },
        "up":    { "uv": [ 16, 6.25, 16, 9.75 ], "texture": "#texture", "cullface": "east" },
        "north": { "uv": [ 0, 6.5, 0, 8 ], "texture": "#texture", "cullface": "east" },
        "south": { "uv": [ 16, 6.5, 16, 8 ], "texture": "#texture", "cullface": "east" },
        "west":  { "uv": [ 6.25, 6.5, 9.75, 8 ], "texture": "#texture", "cullface": "east" },
        "east":  { "uv": [ 6.25, 6.5, 9.75, 8 ], "texture": "#texture", "cullface": "east" }
    }
},
{
    "from": [ 26.75, 7.5, 6.5 ],
    "to": [ 28, 10, 9.5 ],
    "faces": {
        "down":  { "uv": [ 0, 9.5, 0, 6.5 ], "texture": "#texture", "cullface": "east" },
        "up":    { "uv": [ 16, 6.5, 16, 9.5 ], "texture": "#texture", "cullface": "east" },
        "north": { "uv": [ 0, 6, 0, 8.5 ], "texture": "#texture", "cullface": "east" },
        "south": { "uv": [ 16, 6, 16, 8.5 ], "texture": "#texture", "cullface": "east" },
        "west":  { "uv": [ 6.5, 6, 9.5, 8.5 ], "texture": "#texture", "cullface": "east" },
        "east":  { "uv": [ 6.5, 6, 9.5, 8.5 ], "texture": "#texture", "cullface": "east" }
    }
},
{
    "from": [ 26.25, 7, 7.25 ],
    "to": [ 28, 10.5, 8.75 ],
    "faces": {
        "down":  { "uv": [ 0, 8.75, 0, 7.25 ], "texture": "#texture", "cullface": "east" },
        "up":    { "uv": [ 16, 7.25, 16, 8.75 ], "texture": "#texture", "cullface": "east" },
        "north": { "uv": [ 0, 5.5, 0, 9 ], "texture": "#texture", "cullface": "east" },
        "south": { "uv": [ 16, 5.5, 16, 9 ], "texture": "#texture", "cullface": "east" },
        "west":  { "uv": [ 7.25, 5.5, 8.75, 9 ], "texture": "#texture", "cullface": "east" },
        "east":  { "uv": [ 7.25, 5.5, 8.75, 9 ], "texture": "#texture", "cullface": "east" }
    }
},
{
    "from": [ 26.5, 7.25, 6.75 ],
    "to": [ 28, 10.25, 9.25 ],
    "faces": {
        "down":  { "uv": [ 0, 9.25, 0, 6.75 ], "texture": "#texture", "cullface": "east" },
        "up":    { "uv": [ 16, 6.75, 16, 9.25 ], "texture": "#texture", "cullface": "east" },
        "north": { "uv": [ 0, 5.75, 0, 8.75 ], "texture": "#texture", "cullface": "east" },
        "south": { "uv": [ 16, 5.75, 16, 8.75 ], "texture": "#texture", "cullface": "east" },
        "west":  { "uv": [ 6.75, 5.75, 9.25, 8.75 ], "texture": "#texture", "cullface": "east" },
        "east":  { "uv": [ 6.75, 5.75, 9.25, 8.75 ], "texture": "#texture", "cullface": "east" }
    }
},
{
    "from": [ 2.75, 6.75, 7.25 ],
    "to": [ 15.25, 7.5, 8.75 ],
    "faces": {
        "down":  { "uv": [ 13.25, 8.75, 0.75, 7.25 ], "texture": "#texture" },
        "north": { "uv": [ 0.75, 8.5, 13.25, 9.25 ], "texture": "#texture" },
        "south": { "uv": [ 2.75, 8.5, 15.25, 9.25 ], "texture": "#texture" },
        "west":  { "uv": [ 7.25, 8.5, 8.75, 9.25 ], "texture": "#texture" },
        "east":  { "uv": [ 7.25, 8.5, 8.75, 9.25 ], "texture": "#texture" }
    }
},
{
    "from": [ 2.75, 6.25, 7.25 ],
    "to": [ 10, 6.75, 8.75 ],
    "faces": {
        "down":  { "uv": [ 13.25, 8.75, 6, 7.25 ], "texture": "#texture" },
        "north": { "uv": [ 6, 9.25, 13.25, 9.75 ], "texture": "#texture" },
        "south": { "uv": [ 2.75, 9.25, 10, 9.75 ], "texture": "#texture" },
        "west":  { "uv": [ 7.25, 9.25, 8.75, 9.75 ], "texture": "#texture" },
        "east":  { "uv": [ 7.25, 9.25, 8.75, 9.75 ], "texture": "#texture" }
    }
},
{
    "from": [ 13, 4.5, 7.25 ],
    "to": [ 14.75, 6.75, 8.75 ],
    "faces": {
        "down":  { "uv": [ 2.75, 8.75, 1, 7.25 ], "texture": "#texture" },
        "north": { "uv": [ 1, 10, 2.75, 14.5 ], "texture": "#texture" },
        "south": { "uv": [ 13.25, 10, 15, 14.5 ], "texture": "#texture" },
        "west":  { "uv": [ 7.25, 10, 8.75, 14.5 ], "texture": "#texture" },
        "east":  { "uv": [ 7.25, 10, 8.75, 14.5 ], "texture": "#texture" }
    }
},
{
    "from": [ 3, 5.25, 7.75 ],
    "to": [ 3.25, 6.25, 8.25 ],
    "faces": {
        "north": { "uv": [ 12.75, 9.75, 13, 10.75 ], "texture": "#texture" },
        "south": { "uv": [ 3, 9.75, 3.25, 10.75 ], "texture": "#texture" },
        "west":  { "uv": [ 7.75, 9.75, 8.25, 10.75 ], "texture": "#texture" },
        "east":  { "uv": [ 7.75, 9.75, 8.25, 10.75 ], "texture": "#texture" }
    }
},
{
    "from": [ 3, 4.5, 7.75 ],
    "to": [ 3.25, 5.25, 8.25 ],
    "rotation": { "origin": [ 3, 5.25, 7.75 ], "axis": "z", "angle": 45 },
    "faces": {
        "down":  { "uv": [ 4, 8.25, 3.75, 7.75 ], "texture": "#texture" },
        "north": { "uv": [ 3.75, 10.75, 4, 11.5 ], "texture": "#texture" },
        "south": { "uv": [ 12, 10.75, 12.25, 11.5 ], "texture": "#texture" },
        "west":  { "uv": [ 7.75, 10.75, 8.25, 11.5 ], "texture": "#texture" },
        "east":  { "uv": [ 7.75, 10.75, 8.25, 11.5 ], "texture": "#texture" }
    }
},
{
    "from": [ 3.5, 4.75, 7.75 ],
    "to": [ 5, 5, 8.25 ],
    "faces": {
        "down":  { "uv": [ 12.5, 8.25, 11, 7.75 ], "texture": "#texture" },
        "up":    { "uv": [ 3.5, 7.75, 5, 8.25 ], "texture": "#texture" },
        "north": { "uv": [ 11, 11, 12.5, 11.25 ], "texture": "#texture" },
        "south": { "uv": [ 3.5, 11, 5, 11.25 ], "texture": "#texture" },
        "west":  { "uv": [ 7.75, 11, 8.25, 11.25 ], "texture": "#texture" }
    }
},
{
    "from": [ 4.5, 5.25, 7.75 ],
    "to": [ 4.75, 6.75, 8.25 ],
    "rotation": { "origin": [ 4.5, 6.75, 7.75 ], "axis": "z", "angle": -22.5 },
    "faces": {
        "down":  { "uv": [ 8.5, 8.25, 8.25, 7.75 ], "texture": "#texture" },
        "north": { "uv": [ 8.25, 0, 8.5, 1.5 ], "texture": "#texture" },
        "south": { "uv": [ 7.5, 0, 7.75, 1.5 ], "texture": "#texture" },
        "west":  { "uv": [ 7.75, 0, 8.25, 1.5 ], "texture": "#texture" },
        "east":  { "uv": [ 7.75, 0, 8.25, 1.5 ], "texture": "#texture" }
    }
},
{
    "from": [ 9.8125, 6.25, 7.25 ],
    "to": [ 11.0625, 6.75, 8.75 ],
    "rotation": { "origin": [ 9.8125, 6.75, 7.25 ], "axis": "z", "angle": 22.5 },
    "faces": {
        "down":  { "uv": [ 7, 8.75, 5.25, 7.25 ], "texture": "#texture" },
        "north": { "uv": [ 5.25, 9.5, 7, 10 ], "texture": "#texture" },
        "south": { "uv": [ 9, 9.5, 10.75, 10 ], "texture": "#texture" },
        "west":  { "uv": [ 7.25, 9.5, 8.75, 10 ], "texture": "#texture" },
        "east":  { "uv": [ 7.25, 9.5, 8.75, 10 ], "texture": "#texture" }
    }
},
{
    "from": [ 5, 4.75, 7.25 ],
    "to": [ 7, 6.75, 8.75 ],
    "faces": {
        "down":  { "uv": [ 11, 8.75, 9, 7.25 ], "texture": "#texture" },
        "north": { "uv": [ 9, 9.25, 11, 11.25 ], "texture": "#texture" },
        "south": { "uv": [ 5, 9.25, 7, 11.25 ], "texture": "#texture" },
        "west":  { "uv": [ 7.25, 9.25, 8.75, 11.25 ], "texture": "#texture" },
        "east":  { "uv": [ 7.25, 9.25, 8.75, 11.25 ], "texture": "#texture" }
    }
},
{
    "from": [ 5.25, 2, 7.25 ],
    "to": [ 7.25, 4.75, 8.75 ],
    "faces": {
        "down":  { "uv": [ 10.75, 8.75, 8.75, 7.25 ], "texture": "#texture" },
        "up":    { "uv": [ 5.25, 7.25, 7.25, 8.75 ], "texture": "#texture" },
        "north": { "uv": [ 8.75, 11.25, 10.75, 14 ], "texture": "#texture" },
        "south": { "uv": [ 5.25, 11.25, 7.25, 14 ], "texture": "#texture" },
        "west":  { "uv": [ 7.25, 11.25, 8.75, 14 ], "texture": "#texture" },
        "east":  { "uv": [ 7.25, 11.25, 8.75, 14 ], "texture": "#texture" }
    }
},
{
    "from": [ 1.75, 10, 7 ],
    "to": [ 17.25, 11, 9 ],
    "faces": {
        "up":    { "uv": [ 1.75, 7, 16, 9 ], "texture": "#texture", "cullface": "east" },
        "north": { "uv": [ 0, 5, 14.25, 6 ], "texture": "#texture", "cullface": "east" },
        "south": { "uv": [ 1.75, 5, 16, 6 ], "texture": "#texture", "cullface": "east" },
        "west":  { "uv": [ 7, 5, 9, 6 ], "texture": "#texture", "cullface": "east" },
        "east":  { "uv": [ 7, 5, 9, 6 ], "texture": "#texture", "cullface": "east" }
    }
},
{
    "from": [ 5.25, 4.75, 7 ],
    "to": [ 6.75, 7.5, 9 ],
    "faces": {
        "down":  { "uv": [ 10.75, 9, 9.25, 7 ], "texture": "#texture" },
        "north": { "uv": [ 9.25, 8.5, 10.75, 11.25 ], "texture": "#texture" },
        "south": { "uv": [ 5.25, 8.5, 6.75, 11.25 ], "texture": "#texture" },
        "west":  { "uv": [ 7, 8.5, 9, 11.25 ], "texture": "#texture" },
        "east":  { "uv": [ 7, 8.5, 9, 11.25 ], "texture": "#texture" }
    }
},
{
    "from": [ 5.5, 2, 7 ],
    "to": [ 7, 4.75, 9 ],
    "faces": {
        "down":  { "uv": [ 10.5, 9, 9, 7 ], "texture": "#texture" },
        "up":    { "uv": [ 5.5, 7, 7, 9 ], "texture": "#texture" },
        "north": { "uv": [ 9, 11.25, 10.5, 14 ], "texture": "#texture" },
        "south": { "uv": [ 5.5, 11.25, 7, 14 ], "texture": "#texture" },
        "west":  { "uv": [ 7, 11.25, 9, 14 ], "texture": "#texture" },
        "east":  { "uv": [ 7, 11.25, 9, 14 ], "texture": "#texture" }
    }
},
{
    "from": [ 13.25, 2, 7.25 ],
    "to": [ 15, 4.5, 8.75 ],
    "faces": {
        "down":  { "uv": [ 2.75, 8.75, 1, 7.25 ], "texture": "#texture" },
        "up":    { "uv": [ 13.25, 7.25, 15, 8.75 ], "texture": "#texture" },
        "north": { "uv": [ 1, 11.5, 2.75, 14 ], "texture": "#texture" },
        "south": { "uv": [ 13.25, 11.5, 15, 14 ], "texture": "#texture" },
        "west":  { "uv": [ 7.25, 11.5, 8.75, 14 ], "texture": "#texture" },
        "east":  { "uv": [ 7.25, 11.5, 8.75, 14 ], "texture": "#texture" }
    }
},
{
    "from": [ 13.25, 4.5, 7 ],
    "to": [ 14.5, 6.75, 9 ],
    "faces": {
        "down":  { "uv": [ 2.75, 9, 1.5, 7 ], "texture": "#texture" },
        "up":    { "uv": [ 13.25, 7, 14.5, 9 ], "texture": "#texture" },
        "north": { "uv": [ 1.5, 9.25, 2.75, 11.5 ], "texture": "#texture" },
        "south": { "uv": [ 13.25, 9.25, 14.5, 11.5 ], "texture": "#texture" },
        "west":  { "uv": [ 7, 9.25, 9, 11.5 ], "texture": "#texture" },
        "east":  { "uv": [ 7, 9.25, 9, 11.5 ], "texture": "#texture" }
    }
},
{
    "from": [ 13.5, 2, 7 ],
    "to": [ 14.75, 4.5, 9 ],
    "faces": {
        "down":  { "uv": [ 2.5, 9, 1.25, 7 ], "texture": "#texture" },
        "up":    { "uv": [ 13.5, 7, 14.75, 9 ], "texture": "#texture" },
        "north": { "uv": [ 1.25, 11.5, 2.5, 14 ], "texture": "#texture" },
        "south": { "uv": [ 13.5, 11.5, 14.75, 14 ], "texture": "#texture" },
        "west":  { "uv": [ 7, 11.5, 9, 14 ], "texture": "#texture" },
        "east":  { "uv": [ 7, 11.5, 9, 14 ], "texture": "#texture" }
    }
},
{
    "from": [ -9.75, 8, 7.25 ],
    "to": [ 27.75, 9.5, 8.75 ],
    "faces": {
        "down":  { "uv": [ 16, 8.75, 0, 7.25 ], "texture": "#door iron lower" },
        "up":    { "uv": [ 0, 7.25, 16, 8.75 ], "texture": "#door iron lower" },
        "north": { "uv": [ 0, 6.5, 16, 8 ], "texture": "#door iron lower" },
        "south": { "uv": [ 0, 6.5, 16, 8 ], "texture": "#door iron lower" },
        "west":  { "uv": [ 7.25, 6.5, 8.75, 8 ], "texture": "#door iron lower" },
        "east":  { "uv": [ 7.25, 6.5, 8.75, 8 ], "texture": "#door iron lower" }
    }
},
{
    "from": [ -8.1875, 7.875, 7.5 ],
    "to": [ -5.1875, 8.625, 8.5 ],
    "rotation": { "origin": [ -8.1875, 8.625, 7.5 ], "axis": "z", "angle": -22.5 },
    "faces": {
        "down":  { "uv": [ 16, 8.5, 16, 7.5 ], "texture": "#door iron lower", "cullface": "west" },
        "up":    { "uv": [ 0, 7.5, 0, 8.5 ], "texture": "#door iron lower", "cullface": "west" },
        "north": { "uv": [ 16, 8.75, 16, 9.5 ], "texture": "#door iron lower", "cullface": "west" },
        "south": { "uv": [ 0, 8.75, 0, 9.5 ], "texture": "#door iron lower", "cullface": "west" },
        "west":  { "uv": [ 7.5, 8.75, 8.5, 9.5 ], "texture": "#door iron lower", "cullface": "west" },
        "east":  { "uv": [ 7.5, 8.75, 8.5, 9.5 ], "texture": "#door iron lower", "cullface": "west" }
    }
},
{
    "from": [ -8.75, 8.25, 7.25 ],
    "to": [ -5.75, 9.25, 8 ],
    "rotation": { "origin": [ -8.75, 8.25, 7.25 ], "axis": "y", "angle": 22.5 },
    "faces": {
        "down":  { "uv": [ 16, 6.5, 16, 5.5 ], "texture": "#door iron lower", "cullface": "west" },
        "up":    { "uv": [ 0, 5.5, 0, 6.5 ], "texture": "#door iron lower", "cullface": "west" },
        "north": { "uv": [ 16, 3.25, 16, 4 ], "texture": "#door iron lower", "cullface": "west" },
        "south": { "uv": [ 0, 3.25, 0, 4 ], "texture": "#door iron lower", "cullface": "west" },
        "west":  { "uv": [ 5.5, 3.25, 6.5, 4 ], "texture": "#door iron lower", "cullface": "west" },
        "east":  { "uv": [ 9.5, 3.25, 10.5, 4 ], "texture": "#door iron lower", "cullface": "west" }
    }
},
{
    "from": [ -8.5, 8.75, 7.5 ],
    "to": [ -5.5, 9.5, 8.5 ],
    "rotation": { "origin": [ -8.5, 9.5, 7.5 ], "axis": "z", "angle": 22.5 },
    "faces": {
        "down":  { "uv": [ 16, 8.5, 16, 7.5 ], "texture": "#door iron lower", "cullface": "west" },
        "up":    { "uv": [ 0, 7.5, 0, 8.5 ], "texture": "#door iron lower", "cullface": "west" },
        "north": { "uv": [ 16, 4.75, 16, 5.5 ], "texture": "#door iron lower", "cullface": "west" },
        "south": { "uv": [ 0, 4.75, 0, 5.5 ], "texture": "#door iron lower", "cullface": "west" },
        "west":  { "uv": [ 7.5, 4.75, 8.5, 5.5 ], "texture": "#door iron lower", "cullface": "west" },
        "east":  { "uv": [ 7.5, 4.75, 8.5, 5.5 ], "texture": "#door iron lower", "cullface": "west" }
    }
},
{
    "from": [ -8.5, 8.25, 8 ],
    "to": [ -5.5, 9.25, 8.75 ],
    "rotation": { "origin": [ -8.5, 8.25, 8 ], "axis": "y", "angle": -22.5 },
    "faces": {
        "down":  { "uv": [ 16, 10.25, 16, 9.25 ], "texture": "#door iron lower", "cullface": "west" },
        "up":    { "uv": [ 0, 9.25, 0, 10.25 ], "texture": "#door iron lower", "cullface": "west" },
        "north": { "uv": [ 16, 2.25, 16, 3 ], "texture": "#door iron lower", "cullface": "west" },
        "south": { "uv": [ 0, 2.25, 0, 3 ], "texture": "#door iron lower", "cullface": "west" },
        "west":  { "uv": [ 9.25, 2.25, 10.25, 3 ], "texture": "#door iron lower", "cullface": "west" },
        "east":  { "uv": [ 5.75, 2.25, 6.75, 3 ], "texture": "#door iron lower", "cullface": "west" }
    }
},
{
    "from": [ -10.5, 8.25, 7.5 ],
    "to": [ -9.75, 9.25, 8.5 ],
    "faces": {
        "down":  { "uv": [ 16, 8.5, 16, 7.5 ], "texture": "#door iron lower", "cullface": "west" },
        "up":    { "uv": [ 0, 7.5, 0, 8.5 ], "texture": "#door iron lower", "cullface": "west" },
        "north": { "uv": [ 16, 6.75, 16, 7.75 ], "texture": "#door iron lower", "cullface": "west" },
        "south": { "uv": [ 0, 6.75, 0, 7.75 ], "texture": "#door iron lower", "cullface": "west" },
        "west":  { "uv": [ 7.5, 6.75, 8.5, 7.75 ], "texture": "#door iron lower", "cullface": "west" }
    }
},
{
    "from": [ -11, 8.5, 7.75 ],
    "to": [ -10.5, 9, 8.25 ],
    "faces": {
        "down":  { "uv": [ 16, 8.25, 16, 7.75 ], "texture": "#door iron lower", "cullface": "west" },
        "up":    { "uv": [ 0, 7.75, 0, 8.25 ], "texture": "#door iron lower", "cullface": "west" },
        "north": { "uv": [ 16, 7, 16, 7.5 ], "texture": "#door iron lower", "cullface": "west" },
        "south": { "uv": [ 0, 7, 0, 7.5 ], "texture": "#door iron lower", "cullface": "west" },
        "west":  { "uv": [ 7.75, 7, 8.25, 7.5 ], "texture": "#door iron lower", "cullface": "west" }
    }
},
{
    "from": [ 6, 8, 9 ],
    "to": [ 8.25, 11.25, 13.5 ],
    "faces": {
        "down":  { "uv": [ 10, 13.5, 7.75, 9 ], "texture": "#texture" },
        "up":    { "uv": [ 6, 9, 8.25, 13.5 ], "texture": "#texture" },
        "north": { "uv": [ 7.75, 4.75, 10, 8 ], "texture": "#texture" },
        "south": { "uv": [ 6, 4.75, 8.25, 8 ], "texture": "#texture" },
        "west":  { "uv": [ 9, 4.75, 13.5, 8 ], "texture": "#texture" },
        "east":  { "uv": [ 0, 0, 16, 12 ], "texture": "#falcon2" }
    }
},
{
    "from": [ 4.75, 8, 10.75 ],
    "to": [ 5.25, 11.25, 13.75 ],
    "rotation": { "origin": [ 4.75, 8, 10.75 ], "axis": "y", "angle": 22.5 },
    "faces": {
        "down":  { "uv": [ 12, 13.5, 11.5, 10.5 ], "texture": "#texture" },
        "up":    { "uv": [ 4, 10.5, 4.5, 13.5 ], "texture": "#texture" },
        "north": { "uv": [ 11.5, 4.5, 12, 5.5 ], "texture": "#texture" },
        "south": { "uv": [ 4, 4.5, 4.5, 5.5 ], "texture": "#texture" },
        "west":  { "uv": [ 10.5, 4.5, 13.5, 5.5 ], "texture": "#texture" },
        "east":  { "uv": [ 2.5, 4.5, 5.5, 5.5 ], "texture": "#texture" }
    }
},
{
    "from": [ 4.75, 8, 8.75 ],
    "to": [ 6, 11.25, 11 ],
    "faces": {
        "down":  { "uv": [ 11.25, 11, 10, 8.75 ], "texture": "#texture" },
        "up":    { "uv": [ 4.75, 8.75, 6, 11 ], "texture": "#texture" },
        "north": { "uv": [ 10, 4.75, 11.25, 8 ], "texture": "#texture" },
        "south": { "uv": [ 4.75, 4.75, 6, 8 ], "texture": "#texture" },
        "west":  { "uv": [ 8.75, 4.75, 11, 8 ], "texture": "#texture" },
        "east":  { "uv": [ 5, 4.75, 7.25, 8 ], "texture": "#texture" }
    }
},
{
    "from": [ 5.25, 8, 10.75 ],
    "to": [ 6, 11.25, 11.5 ],
    "faces": {
        "down":  { "uv": [ 10.75, 11.5, 10, 10.75 ], "texture": "#texture" },
        "up":    { "uv": [ 5.25, 10.75, 6, 11.5 ], "texture": "#texture" },
        "north": { "uv": [ 10, 4.75, 10.75, 8 ], "texture": "#texture" },
        "south": { "uv": [ 5.25, 4.75, 6, 8 ], "texture": "#texture" }
    }
},
{
    "from": [ 5.5, 8, 11.25 ],
    "to": [ 6, 11.25, 12.5 ],
    "faces": {
        "down":  { "uv": [ 10.5, 12.5, 10, 11.25 ], "texture": "#texture" },
        "up":    { "uv": [ 5.5, 11.25, 6, 12.5 ], "texture": "#texture" },
        "north": { "uv": [ 10, 4.75, 10.5, 8 ], "texture": "#texture" },
        "south": { "uv": [ 5.5, 4.75, 6, 8 ], "texture": "#texture" },
        "west":  { "uv": [ 11.25, 4.75, 12.5, 8 ], "texture": "#texture" }
    }
},
{
    "from": [ -11.5, 8.625, 7.875 ],
    "to": [ -11, 8.875, 8.125 ],
    "faces": {
        "down":  { "uv": [ 16, 8.125, 16, 7.875 ], "texture": "#door iron lower", "cullface": "west" },
        "up":    { "uv": [ 0, 7.875, 0, 8.125 ], "texture": "#door iron lower", "cullface": "west" },
        "north": { "uv": [ 16, 7.125, 16, 7.375 ], "texture": "#door iron lower", "cullface": "west" },
        "south": { "uv": [ 0, 7.125, 0, 7.375 ], "texture": "#door iron lower", "cullface": "west" },
        "west":  { "uv": [ 7.875, 7.125, 8.125, 7.375 ], "texture": "#door iron lower", "cullface": "west" }
    }
},
{
    "from": [ 8.25, 11, 9 ],
    "to": [ 8.75, 11.25, 13.5 ],
    "faces": {
        "down":  { "uv": [ 7.75, 13.5, 7.25, 9 ], "texture": "#texture" },
        "up":    { "uv": [ 8.25, 9, 8.75, 13.5 ], "texture": "#texture" },
        "north": { "uv": [ 7.25, 4.75, 7.75, 5 ], "texture": "#texture" },
        "south": { "uv": [ 8.25, 4.75, 8.75, 5 ], "texture": "#texture" },
        "east":  { "uv": [ 2.5, 4.75, 7, 5 ], "texture": "#texture" }
    }
},
{
    "from": [ 8.25, 8, 13.25 ],
    "to": [ 8.75, 11, 13.5 ],
    "faces": {
        "down":  { "uv": [ 7.75, 13.5, 7.25, 13.25 ], "texture": "#texture" },
        "north": { "uv": [ 7.25, 5, 7.75, 8 ], "texture": "#texture" },
        "south": { "uv": [ 8.25, 5, 8.75, 8 ], "texture": "#texture" },
        "east":  { "uv": [ 2.5, 5, 2.75, 8 ], "texture": "#texture" }
    }
},
{
    "from": [ 8.25, 8, 9 ],
    "to": [ 8.75, 8.25, 13.25 ],
    "faces": {
        "down":  { "uv": [ 7.75, 13.25, 7.25, 9 ], "texture": "#texture" },
        "up":    { "uv": [ 8.25, 9, 8.75, 13.25 ], "texture": "#texture" },
        "north": { "uv": [ 7.25, 7.75, 7.75, 8 ], "texture": "#texture" },
        "east":  { "uv": [ 2.75, 7.75, 7, 8 ], "texture": "#texture" }
    }
},
{
    "from": [ 8.25, 9.25, 9 ],
    "to": [ 8.75, 11.25, 9.5 ],
    "faces": {
        "up":    { "uv": [ 8.25, 9, 8.75, 9.5 ], "texture": "#texture" },
        "north": { "uv": [ 7.25, 4.75, 7.75, 6.75 ], "texture": "#texture" },
        "south": { "uv": [ 8.25, 4.75, 8.75, 6.75 ], "texture": "#texture" },
        "east":  { "uv": [ 6.5, 4.75, 7, 6.75 ], "texture": "#texture" }
    }
}
],
"display": {
    "thirdperson": {
        "rotation": [ 0, 90, -90 ],
        "translation": [ 0, -0.2, -2.5 ],
        "scale": [ 0.85, 0.85, 0.85 ]
    },
    "ground": {
        "rotation": [ 0, 0, 0 ],
        "translation": [ 0, 0, 0 ],
        "scale": [ 3, 3, 3 ]
    },
    "fixed": {
        "rotation": [ 0, 180, -45 ],
        "translation": [ 0.1, 0.7, -1.1 ],
        "scale": [ 1.5, 1.5, 1.5 ]
    },
    "firstperson": {
        "rotation": [ 0, -135, 0 ],
        "translation": [ -2.8, 4.1, -0.8 ],
        "scale": [ 2, 2, 2 ]
    },
    "gui": {
        "rotation": [ -30, 135, -45 ],
        "translation": [ 0.5, 0.1, 0 ],
        "scale": [ 0.9, 0.9, 0.9 ]
    }
}
}