{
"__comment": "Designed by Corporalblober with BDcraft Cubik PRO 0.95 Beta - http://bdcraft.net",
"textures": {
    "particle": "blocks/anvil 1",
    "texture": "blocks/anvil 1"
},
"elements": [ 
{
    "from": [ -2, 9, 7.25 ],
    "to": [ 18, 10, 8.75 ],
    "faces": {
        "down":  { "uv": [ 16, 8.75, 0, 7.25 ], "texture": "#texture" },
        "up":    { "uv": [ 0, 7.25, 16, 8.75 ], "texture": "#texture" },
        "north": { "uv": [ 0, 6, 16, 7 ], "texture": "#texture" },
        "south": { "uv": [ 0, 6, 16, 7 ], "texture": "#texture" },
        "west":  { "uv": [ 7.25, 6, 8.75, 7 ], "texture": "#texture" },
        "east":  { "uv": [ 7.25, 6, 8.75, 7 ], "texture": "#texture" }
    }
},
{
    "from": [ -2, 8.75, 7.5 ],
    "to": [ 18, 10.25, 8.5 ],
    "faces": {
        "down":  { "uv": [ 16, 8.5, 0, 7.5 ], "texture": "#texture" },
        "up":    { "uv": [ 0, 7.5, 16, 8.5 ], "texture": "#texture" },
        "north": { "uv": [ 0, 5.75, 16, 7.25 ], "texture": "#texture" },
        "south": { "uv": [ 0, 5.75, 16, 7.25 ], "texture": "#texture" },
        "west":  { "uv": [ 7.5, 5.75, 8.5, 7.25 ], "texture": "#texture" },
        "east":  { "uv": [ 7.5, 5.75, 8.5, 7.25 ], "texture": "#texture" }
    }
},
{
    "from": [ -2.25, 9, 7.5 ],
    "to": [ 18.25, 10, 8.5 ],
    "faces": {
        "down":  { "uv": [ 16, 8.5, 0, 7.5 ], "texture": "#texture" },
        "up":    { "uv": [ 0, 7.5, 16, 8.5 ], "texture": "#texture" },
        "north": { "uv": [ 0, 6, 16, 7 ], "texture": "#texture" },
        "south": { "uv": [ 0, 6, 16, 7 ], "texture": "#texture" },
        "west":  { "uv": [ 7.5, 6, 8.5, 7 ], "texture": "#texture" },
        "east":  { "uv": [ 7.5, 6, 8.5, 7 ], "texture": "#texture" }
    }
},
{
    "from": [ 12.25, 4, 7.5 ],
    "to": [ 13.75, 9, 8.5 ],
    "faces": {
        "down":  { "uv": [ 3.75, 8.5, 2.25, 7.5 ], "texture": "#texture" },
        "north": { "uv": [ 2.25, 7, 3.75, 12 ], "texture": "#texture" },
        "south": { "uv": [ 12.25, 7, 13.75, 12 ], "texture": "#texture" },
        "west":  { "uv": [ 7.5, 7, 8.5, 12 ], "texture": "#texture" },
        "east":  { "uv": [ 7.5, 7, 8.5, 12 ], "texture": "#texture" }
    }
},
{
    "from": [ 12.5, 4, 7.25 ],
    "to": [ 13.5, 9, 8.75 ],
    "faces": {
        "down":  { "uv": [ 3.5, 8.75, 2.5, 7.25 ], "texture": "#texture" },
        "north": { "uv": [ 2.5, 7, 3.5, 12 ], "texture": "#texture" },
        "south": { "uv": [ 12.5, 7, 13.5, 12 ], "texture": "#texture" },
        "west":  { "uv": [ 7.25, 7, 8.75, 12 ], "texture": "#texture" },
        "east":  { "uv": [ 7.25, 7, 8.75, 12 ], "texture": "#texture" }
    }
},
{
    "from": [ 12.5, 3.75, 7.5 ],
    "to": [ 13.5, 4, 8.5 ],
    "faces": {
        "down":  { "uv": [ 3.5, 8.5, 2.5, 7.5 ], "texture": "#texture" },
        "north": { "uv": [ 2.5, 12, 3.5, 12.25 ], "texture": "#texture" },
        "south": { "uv": [ 12.5, 12, 13.5, 12.25 ], "texture": "#texture" },
        "west":  { "uv": [ 7.5, 12, 8.5, 12.25 ], "texture": "#texture" },
        "east":  { "uv": [ 7.5, 12, 8.5, 12.25 ], "texture": "#texture" }
    }
}
],
"display": {
    "thirdperson": {
        "rotation": [ 0, -90, -90 ],
        "translation": [ 0.2, 3.5, 0.6 ],
        "scale": [ 1, 1, 1 ]
    },
    "ground": {
        "rotation": [ 0, 0, 0 ],
        "translation": [ 0, 0, 0 ],
        "scale": [ 3, 3, 3 ]
    },
    "fixed": {
        "rotation": [ 0, 180, -45 ],
        "translation": [ 0.1, -0.1, -1.1 ],
        "scale": [ 1.5, 1.5, 1.5 ]
    },
    "firstperson": {
        "rotation": [ 180, -115, 0 ],
        "translation": [ 2.8, -0.6, -3.2 ],
        "scale": [ 2, 2, 2 ]
    },
    "gui": {
        "rotation": [ -30, 135, -45 ],
        "translation": [ 0.5, 0.1, 0 ],
        "scale": [ 0.9, 0.9, 0.9 ]
    }
}
}