{
"__comment": "Designed by Corporalblober with BDcraft Cubik PRO 0.95 Beta - http://bdcraft.net",
"textures": {
    "particle": "blocks/anvil 1",
    "texture": "blocks/anvil 1",
    "dark wood blade": "blocks/door spruce upper"
},
"elements": [ 
{
    "from": [ -0.5, 10.75, 7.75 ],
    "to": [ 8, 11, 8.5 ],
    "faces": {
        "down":  { "uv": [ 16, 8.5, 8, 7.75 ], "texture": "#texture", "cullface": "west" },
        "up":    { "uv": [ 0, 7.75, 8, 8.5 ], "texture": "#texture", "cullface": "west" },
        "north": { "uv": [ 8, 5, 16, 5.25 ], "texture": "#texture", "cullface": "west" },
        "south": { "uv": [ 0, 5, 8, 5.25 ], "texture": "#texture", "cullface": "west" },
        "west":  { "uv": [ 7.75, 5, 8.5, 5.25 ], "texture": "#texture", "cullface": "west" }
    }
},
{
    "from": [ -0.5, 10, 7.5 ],
    "to": [ 8, 10.75, 7.75 ],
    "faces": {
        "down":  { "uv": [ 16, 7.75, 8, 7.5 ], "texture": "#texture", "cullface": "west" },
        "up":    { "uv": [ 0, 7.5, 8, 7.75 ], "texture": "#texture", "cullface": "west" },
        "north": { "uv": [ 8, 5.25, 16, 6 ], "texture": "#texture", "cullface": "west" },
        "south": { "uv": [ 0, 5.25, 8, 6 ], "texture": "#texture", "cullface": "west" },
        "west":  { "uv": [ 7.5, 5.25, 7.75, 6 ], "texture": "#texture", "cullface": "west" }
    }
},
{
    "from": [ -0.5, 10, 8.5 ],
    "to": [ 8, 10.75, 8.75 ],
    "faces": {
        "down":  { "uv": [ 16, 8.75, 8, 8.5 ], "texture": "#texture", "cullface": "west" },
        "up":    { "uv": [ 0, 8.5, 8, 8.75 ], "texture": "#texture", "cullface": "west" },
        "north": { "uv": [ 8, 5.25, 16, 6 ], "texture": "#texture", "cullface": "west" },
        "south": { "uv": [ 0, 5.25, 8, 6 ], "texture": "#texture", "cullface": "west" },
        "west":  { "uv": [ 8.5, 5.25, 8.75, 6 ], "texture": "#texture", "cullface": "west" }
    }
},
{
    "from": [ -0.5, 9.75, 7.75 ],
    "to": [ 8, 10, 8.5 ],
    "faces": {
        "down":  { "uv": [ 16, 8.5, 8, 7.75 ], "texture": "#texture", "cullface": "west" },
        "up":    { "uv": [ 0, 7.75, 8, 8.5 ], "texture": "#texture", "cullface": "west" },
        "north": { "uv": [ 8, 6, 16, 6.25 ], "texture": "#texture", "cullface": "west" },
        "south": { "uv": [ 0, 6, 8, 6.25 ], "texture": "#texture", "cullface": "west" },
        "west":  { "uv": [ 7.75, 6, 8.5, 6.25 ], "texture": "#texture", "cullface": "west" }
    }
},
{
    "from": [ -0.5, 11.25, 7.875 ],
    "to": [ 8, 11.5, 8.375 ],
    "faces": {
        "down":  { "uv": [ 16, 8.375, 8, 7.875 ], "texture": "#texture", "cullface": "west" },
        "up":    { "uv": [ 0, 7.875, 8, 8.375 ], "texture": "#texture", "cullface": "west" },
        "north": { "uv": [ 8, 4.5, 16, 4.75 ], "texture": "#texture", "cullface": "west" },
        "south": { "uv": [ 0, 4.5, 8, 4.75 ], "texture": "#texture", "cullface": "west" },
        "west":  { "uv": [ 7.875, 4.5, 8.375, 4.75 ], "texture": "#texture", "cullface": "west" }
    }
},
{
    "from": [ -0.5, 11.5, 8 ],
    "to": [ 0.25, 11.75, 8.25 ],
    "faces": {
        "up":    { "uv": [ 0, 8, 0.25, 8.25 ], "texture": "#texture", "cullface": "west" },
        "north": { "uv": [ 15.75, 4.25, 16, 4.5 ], "texture": "#texture", "cullface": "west" },
        "south": { "uv": [ 0, 4.25, 0.25, 4.5 ], "texture": "#texture", "cullface": "west" },
        "west":  { "uv": [ 8, 4.25, 8.25, 4.5 ], "texture": "#texture", "cullface": "west" },
        "east":  { "uv": [ 7.75, 4.25, 8, 4.5 ], "texture": "#texture", "cullface": "west" }
    }
},
{
    "from": [ -0.25, 9.25, 7.875 ],
    "to": [ 8, 9.75, 8.375 ],
    "faces": {
        "down":  { "uv": [ 16, 8.375, 8, 7.875 ], "texture": "#texture", "cullface": "west" },
        "north": { "uv": [ 8, 6.25, 16, 6.75 ], "texture": "#texture", "cullface": "west" },
        "south": { "uv": [ 0, 6.25, 8, 6.75 ], "texture": "#texture", "cullface": "west" },
        "west":  { "uv": [ 7.875, 6.25, 8.375, 6.75 ], "texture": "#texture", "cullface": "west" }
    }
},
{
    "from": [ -0.5, 11, 7.875 ],
    "to": [ 0.25, 11.25, 8.375 ],
    "faces": {
        "north": { "uv": [ 15.75, 4.75, 16, 5 ], "texture": "#texture", "cullface": "west" },
        "south": { "uv": [ 0, 4.75, 0.25, 5 ], "texture": "#texture", "cullface": "west" },
        "west":  { "uv": [ 7.875, 4.75, 8.375, 5 ], "texture": "#texture", "cullface": "west" },
        "east":  { "uv": [ 7.625, 4.75, 8.125, 5 ], "texture": "#texture", "cullface": "west" }
    }
},
{
    "from": [ 1.25, 11, 7.875 ],
    "to": [ 2.25, 11.25, 8.375 ],
    "faces": {
        "north": { "uv": [ 13.75, 4.75, 14.75, 5 ], "texture": "#texture" },
        "south": { "uv": [ 1.25, 4.75, 2.25, 5 ], "texture": "#texture" },
        "west":  { "uv": [ 7.875, 4.75, 8.375, 5 ], "texture": "#texture" },
        "east":  { "uv": [ 7.625, 4.75, 8.125, 5 ], "texture": "#texture" }
    }
},
{
    "from": [ 5.25, 11, 7.875 ],
    "to": [ 6.25, 11.25, 8.375 ],
    "faces": {
        "north": { "uv": [ 9.75, 4.75, 10.75, 5 ], "texture": "#texture" },
        "south": { "uv": [ 5.25, 4.75, 6.25, 5 ], "texture": "#texture" },
        "west":  { "uv": [ 7.875, 4.75, 8.375, 5 ], "texture": "#texture" },
        "east":  { "uv": [ 7.625, 4.75, 8.125, 5 ], "texture": "#texture" }
    }
},
{
    "from": [ 7.25, 11, 7.875 ],
    "to": [ 8, 11.25, 8.375 ],
    "faces": {
        "north": { "uv": [ 8, 4.75, 8.75, 5 ], "texture": "#texture" },
        "south": { "uv": [ 7.25, 4.75, 8, 5 ], "texture": "#texture" },
        "west":  { "uv": [ 7.875, 4.75, 8.375, 5 ], "texture": "#texture" }
    }
},
{
    "from": [ 8, 9.75, 7.25 ],
    "to": [ 8.75, 11, 9 ],
    "faces": {
        "down":  { "uv": [ 8, 9, 7.25, 7.25 ], "texture": "#texture" },
        "up":    { "uv": [ 8, 7.25, 8.75, 9 ], "texture": "#texture" },
        "north": { "uv": [ 7.25, 5, 8, 6.25 ], "texture": "#texture" },
        "south": { "uv": [ 8, 5, 8.75, 6.25 ], "texture": "#texture" },
        "west":  { "uv": [ 7.25, 5, 9, 6.25 ], "texture": "#texture" },
        "east":  { "uv": [ 7, 5, 8.75, 6.25 ], "texture": "#texture" }
    }
},
{
    "from": [ 8, 11, 7.5 ],
    "to": [ 11.25, 11.5, 8.75 ],
    "faces": {
        "down":  { "uv": [ 8, 8.75, 4.75, 7.5 ], "texture": "#texture" },
        "up":    { "uv": [ 8, 7.5, 11.25, 8.75 ], "texture": "#texture" },
        "north": { "uv": [ 4.75, 4.5, 8, 5 ], "texture": "#texture" },
        "south": { "uv": [ 8, 4.5, 11.25, 5 ], "texture": "#texture" },
        "west":  { "uv": [ 7.5, 4.5, 8.75, 5 ], "texture": "#texture" }
    }
},
{
    "from": [ 11.25, 8.25, 7.5 ],
    "to": [ 11.5, 11.5, 8.75 ],
    "faces": {
        "down":  { "uv": [ 4.75, 8.75, 4.5, 7.5 ], "texture": "#texture" },
        "up":    { "uv": [ 11.25, 7.5, 11.5, 8.75 ], "texture": "#texture" },
        "north": { "uv": [ 4.5, 4.5, 4.75, 7.75 ], "texture": "#texture" },
        "south": { "uv": [ 11.25, 4.5, 11.5, 7.75 ], "texture": "#texture" },
        "west":  { "uv": [ 7.5, 4.5, 8.75, 7.75 ], "texture": "#texture" },
        "east":  { "uv": [ 7.25, 4.5, 8.5, 7.75 ], "texture": "#texture" }
    }
},
{
    "from": [ 11.5, 8.25, 7.5 ],
    "to": [ 11.75, 11.25, 8.75 ],
    "faces": {
        "down":  { "uv": [ 4.5, 8.75, 4.25, 7.5 ], "texture": "#texture" },
        "up":    { "uv": [ 11.5, 7.5, 11.75, 8.75 ], "texture": "#texture" },
        "north": { "uv": [ 4.25, 4.75, 4.5, 7.75 ], "texture": "#texture" },
        "south": { "uv": [ 11.5, 4.75, 11.75, 7.75 ], "texture": "#texture" }
    }
},
{
    "from": [ 11.75, 8.25, 7.5 ],
    "to": [ 12, 11.25, 8.75 ],
    "faces": {
        "down":  { "uv": [ 4.25, 8.75, 4, 7.5 ], "texture": "#texture" },
        "up":    { "uv": [ 11.75, 7.5, 12, 8.75 ], "texture": "#texture" },
        "north": { "uv": [ 4, 4.75, 4.25, 7.75 ], "texture": "#texture" },
        "south": { "uv": [ 11.75, 4.75, 12, 7.75 ], "texture": "#texture" },
        "east":  { "uv": [ 7.25, 4.75, 8.5, 7.75 ], "texture": "#texture" }
    }
},
{
    "from": [ 12, 10.5, 7.5 ],
    "to": [ 12.25, 10.75, 8.75 ],
    "faces": {
        "up":    { "uv": [ 12, 7.5, 12.25, 8.75 ], "texture": "#texture" },
        "north": { "uv": [ 3.75, 5.25, 4, 5.5 ], "texture": "#texture" },
        "south": { "uv": [ 12, 5.25, 12.25, 5.5 ], "texture": "#texture" },
        "east":  { "uv": [ 7.25, 5.25, 8.5, 5.5 ], "texture": "#texture" }
    }
},
{
    "from": [ 12, 10.25, 7.5 ],
    "to": [ 12.75, 10.5, 8.75 ],
    "faces": {
        "up":    { "uv": [ 12, 7.5, 12.75, 8.75 ], "texture": "#texture" },
        "north": { "uv": [ 3.25, 5.5, 4, 5.75 ], "texture": "#texture" },
        "south": { "uv": [ 12, 5.5, 12.75, 5.75 ], "texture": "#texture" },
        "east":  { "uv": [ 7.25, 5.5, 8.5, 5.75 ], "texture": "#texture" }
    }
},
{
    "from": [ 8, 8.25, 7.5 ],
    "to": [ 8.75, 9.75, 8.75 ],
    "faces": {
        "down":  { "uv": [ 8, 8.75, 7.25, 7.5 ], "texture": "#texture" },
        "north": { "uv": [ 7.25, 6.25, 8, 7.75 ], "texture": "#texture" },
        "south": { "uv": [ 8, 6.25, 8.75, 7.75 ], "texture": "#texture" },
        "west":  { "uv": [ 7.5, 6.25, 8.75, 7.75 ], "texture": "#texture" },
        "east":  { "uv": [ 7.25, 6.25, 8.5, 7.75 ], "texture": "#texture" }
    }
},
{
    "from": [ 8.75, 9, 7.25 ],
    "to": [ 11.25, 10.75, 9 ],
    "faces": {
        "down":  { "uv": [ 7.25, 9, 4.75, 7.25 ], "texture": "#texture" },
        "up":    { "uv": [ 8.75, 7.25, 11.25, 9 ], "texture": "#texture" },
        "north": { "uv": [ 4.75, 5.25, 7.25, 7 ], "texture": "#texture" },
        "south": { "uv": [ 8.75, 5.25, 11.25, 7 ], "texture": "#texture" },
        "west":  { "uv": [ 7.25, 5.25, 9, 7 ], "texture": "#texture" }
    }
},
{
    "from": [ 8.75, 8.75, 7.5 ],
    "to": [ 11.25, 11, 8.75 ],
    "faces": {
        "north": { "uv": [ 4.75, 5, 7.25, 7.25 ], "texture": "#texture" },
        "south": { "uv": [ 8.75, 5, 11.25, 7.25 ], "texture": "#texture" },
        "west":  { "uv": [ 7.5, 5, 8.75, 7.25 ], "texture": "#texture" }
    }
},
{
    "from": [ 8.75, 9.5, 7 ],
    "to": [ 11.25, 10.25, 9.25 ],
    "faces": {
        "down":  { "uv": [ 7.25, 9.25, 4.75, 7 ], "texture": "#texture" },
        "up":    { "uv": [ 8.75, 7, 11.25, 9.25 ], "texture": "#texture" },
        "north": { "uv": [ 4.75, 5.75, 7.25, 6.5 ], "texture": "#texture" },
        "south": { "uv": [ 8.75, 5.75, 11.25, 6.5 ], "texture": "#texture" },
        "west":  { "uv": [ 7, 5.75, 9.25, 6.5 ], "texture": "#texture" }
    }
},
{
    "from": [ 11.25, 9, 7.25 ],
    "to": [ 11.5, 10.75, 9 ],
    "faces": {
        "down":  { "uv": [ 4.75, 9, 4.5, 7.25 ], "texture": "#texture" },
        "up":    { "uv": [ 11.25, 7.25, 11.5, 9 ], "texture": "#texture" },
        "north": { "uv": [ 4.5, 5.25, 4.75, 7 ], "texture": "#texture" },
        "south": { "uv": [ 11.25, 5.25, 11.5, 7 ], "texture": "#texture" },
        "east":  { "uv": [ 7, 5.25, 8.75, 7 ], "texture": "#texture" }
    }
},
{
    "from": [ 11.25, 9.5, 7 ],
    "to": [ 11.5, 10.25, 9.25 ],
    "faces": {
        "down":  { "uv": [ 4.75, 9.25, 4.5, 7 ], "texture": "#texture" },
        "up":    { "uv": [ 11.25, 7, 11.5, 9.25 ], "texture": "#texture" },
        "north": { "uv": [ 4.5, 5.75, 4.75, 6.5 ], "texture": "#texture" },
        "south": { "uv": [ 11.25, 5.75, 11.5, 6.5 ], "texture": "#texture" },
        "east":  { "uv": [ 6.75, 5.75, 9, 6.5 ], "texture": "#texture" }
    }
},
{
    "from": [ 11.5, 9.5, 7.25 ],
    "to": [ 11.75, 10.25, 9 ],
    "faces": {
        "down":  { "uv": [ 4.5, 9, 4.25, 7.25 ], "texture": "#texture" },
        "up":    { "uv": [ 11.5, 7.25, 11.75, 9 ], "texture": "#texture" },
        "north": { "uv": [ 4.25, 5.75, 4.5, 6.5 ], "texture": "#texture" },
        "south": { "uv": [ 11.5, 5.75, 11.75, 6.5 ], "texture": "#texture" },
        "east":  { "uv": [ 7, 5.75, 8.75, 6.5 ], "texture": "#texture" }
    }
},
{
    "from": [ 11.5, 11.25, 7.75 ],
    "to": [ 11.75, 11.75, 8 ],
    "faces": {
        "up":    { "uv": [ 11.5, 7.75, 11.75, 8 ], "texture": "#texture" },
        "north": { "uv": [ 4.25, 4.25, 4.5, 4.75 ], "texture": "#texture" },
        "south": { "uv": [ 11.5, 4.25, 11.75, 4.75 ], "texture": "#texture" },
        "west":  { "uv": [ 7.75, 4.25, 8, 4.75 ], "texture": "#texture" },
        "east":  { "uv": [ 8, 4.25, 8.25, 4.75 ], "texture": "#texture" }
    }
},
{
    "from": [ 11.5, 11.25, 8.25 ],
    "to": [ 11.75, 11.75, 8.5 ],
    "faces": {
        "up":    { "uv": [ 11.5, 8.25, 11.75, 8.5 ], "texture": "#texture" },
        "north": { "uv": [ 4.25, 4.25, 4.5, 4.75 ], "texture": "#texture" },
        "south": { "uv": [ 11.5, 4.25, 11.75, 4.75 ], "texture": "#texture" },
        "west":  { "uv": [ 8.25, 4.25, 8.5, 4.75 ], "texture": "#texture" },
        "east":  { "uv": [ 7.5, 4.25, 7.75, 4.75 ], "texture": "#texture" }
    }
},
{
    "from": [ 11.5, 11.25, 8 ],
    "to": [ 11.75, 11.5, 8.25 ],
    "faces": {
        "up":    { "uv": [ 11.5, 8, 11.75, 8.25 ], "texture": "#texture" },
        "east":  { "uv": [ 7.75, 4.5, 8, 4.75 ], "texture": "#texture" }
    }
},
{
    "from": [ 12, 10, 7.5 ],
    "to": [ 13.25, 10.25, 8.75 ],
    "faces": {
        "up":    { "uv": [ 12, 7.5, 13.25, 8.75 ], "texture": "#texture" },
        "north": { "uv": [ 2.75, 5.75, 4, 6 ], "texture": "#texture" },
        "south": { "uv": [ 12, 5.75, 13.25, 6 ], "texture": "#texture" },
        "east":  { "uv": [ 7.25, 5.75, 8.5, 6 ], "texture": "#texture" }
    }
},
{
    "from": [ 12, 8, 7.5 ],
    "to": [ 12.25, 9.75, 8.75 ],
    "faces": {
        "down":  { "uv": [ 4, 8.75, 3.75, 7.5 ], "texture": "#texture" },
        "north": { "uv": [ 3.75, 6.25, 4, 8 ], "texture": "#texture" },
        "south": { "uv": [ 12, 6.25, 12.25, 8 ], "texture": "#texture" },
        "west":  { "uv": [ 7.5, 6.25, 8.75, 8 ], "texture": "#texture" }
    }
},
{
    "from": [ 8.75, 8.25, 7.5 ],
    "to": [ 11.25, 8.75, 8.75 ],
    "faces": {
        "down":  { "uv": [ 7.25, 8.75, 4.75, 7.5 ], "texture": "#texture" },
        "north": { "uv": [ 4.75, 7.25, 7.25, 7.75 ], "texture": "#texture" },
        "south": { "uv": [ 8.75, 7.25, 11.25, 7.75 ], "texture": "#texture" }
    }
},
{
    "from": [ 8.75, 8, 7.75 ],
    "to": [ 9.5, 8.25, 8.5 ],
    "faces": {
        "down":  { "uv": [ 7.25, 8.5, 6.5, 7.75 ], "texture": "#texture" },
        "north": { "uv": [ 6.5, 7.75, 7.25, 8 ], "texture": "#texture" },
        "south": { "uv": [ 8.75, 7.75, 9.5, 8 ], "texture": "#texture" },
        "west":  { "uv": [ 7.75, 7.75, 8.5, 8 ], "texture": "#texture" },
        "east":  { "uv": [ 7.5, 7.75, 8.25, 8 ], "texture": "#texture" }
    }
},
{
    "from": [ 9.75, 7, 7.75 ],
    "to": [ 10, 7.25, 8.5 ],
    "faces": {
        "up":    { "uv": [ 9.75, 7.75, 10, 8.5 ], "texture": "#texture" },
        "north": { "uv": [ 6, 8.75, 6.25, 9 ], "texture": "#texture" },
        "south": { "uv": [ 9.75, 8.75, 10, 9 ], "texture": "#texture" },
        "east":  { "uv": [ 7.5, 8.75, 8.25, 9 ], "texture": "#texture" }
    }
},
{
    "from": [ 9.5, 7, 7.75 ],
    "to": [ 9.75, 8, 8.5 ],
    "faces": {
        "down":  { "uv": [ 6.5, 8.5, 6.25, 7.75 ], "texture": "#texture" },
        "north": { "uv": [ 6.25, 8, 6.5, 9 ], "texture": "#texture" },
        "south": { "uv": [ 9.5, 8, 9.75, 9 ], "texture": "#texture" },
        "west":  { "uv": [ 7.75, 8, 8.5, 9 ], "texture": "#texture" },
        "east":  { "uv": [ 7.5, 8, 8.25, 9 ], "texture": "#texture" }
    }
},
{
    "from": [ 9.75, 6.75, 7.75 ],
    "to": [ 11.5, 7, 8.5 ],
    "faces": {
        "down":  { "uv": [ 6.25, 8.5, 4.5, 7.75 ], "texture": "#texture" },
        "up":    { "uv": [ 9.75, 7.75, 11.5, 8.5 ], "texture": "#texture" },
        "north": { "uv": [ 4.5, 9, 6.25, 9.25 ], "texture": "#texture" },
        "south": { "uv": [ 9.75, 9, 11.5, 9.25 ], "texture": "#texture" },
        "west":  { "uv": [ 7.75, 9, 8.5, 9.25 ], "texture": "#texture" },
        "east":  { "uv": [ 7.5, 9, 8.25, 9.25 ], "texture": "#texture" }
    }
},
{
    "from": [ 11.5, 7, 7.75 ],
    "to": [ 11.75, 8.25, 8.5 ],
    "faces": {
        "down":  { "uv": [ 4.5, 8.5, 4.25, 7.75 ], "texture": "#texture" },
        "north": { "uv": [ 4.25, 7.75, 4.5, 9 ], "texture": "#texture" },
        "south": { "uv": [ 11.5, 7.75, 11.75, 9 ], "texture": "#texture" },
        "west":  { "uv": [ 7.75, 7.75, 8.5, 9 ], "texture": "#texture" },
        "east":  { "uv": [ 7.5, 7.75, 8.25, 9 ], "texture": "#texture" }
    }
},
{
    "from": [ 11, 7.25, 8 ],
    "to": [ 11.25, 8.75, 8.25 ],
    "rotation": { "origin": [ 11, 8.75, 8 ], "axis": "z", "angle": -22.5 },
    "faces": {
        "north": { "uv": [ 2.5, 2.25, 3, 3.5 ], "texture": "#texture" },
        "south": { "uv": [ 13, 2.25, 13.5, 3.5 ], "texture": "#texture" },
        "west":  { "uv": [ 8, 2.25, 8.25, 3.5 ], "texture": "#texture" },
        "east":  { "uv": [ 7.75, 2.25, 8, 3.5 ], "texture": "#texture" }
    }
},
{
    "from": [ 13, 4.5, 7.25 ],
    "to": [ 15, 7.25, 9 ],
    "faces": {
        "down":  { "uv": [ 3, 9, 1, 7.25 ], "texture": "#dark wood blade" },
        "up":    { "uv": [ 13, 7.25, 15, 9 ], "texture": "#dark wood blade" },
        "north": { "uv": [ 1, 8.75, 3, 11.5 ], "texture": "#dark wood blade" },
        "south": { "uv": [ 13, 8.75, 15, 11.5 ], "texture": "#dark wood blade" },
        "west":  { "uv": [ 7.25, 8.75, 9, 11.5 ], "texture": "#dark wood blade" },
        "east":  { "uv": [ 7, 8.75, 8.75, 11.5 ], "texture": "#dark wood blade" }
    }
},
{
    "from": [ 12, 9.75, 7.5 ],
    "to": [ 14, 10, 8.75 ],
    "faces": {
        "down":  { "uv": [ 4, 8.75, 2, 7.5 ], "texture": "#texture" },
        "up":    { "uv": [ 12, 7.5, 14, 8.75 ], "texture": "#texture" },
        "north": { "uv": [ 2, 6, 4, 6.25 ], "texture": "#texture" },
        "south": { "uv": [ 12, 6, 14, 6.25 ], "texture": "#texture" },
        "east":  { "uv": [ 7.25, 6, 8.5, 6.25 ], "texture": "#texture" }
    }
},
{
    "from": [ 12.25, 8, 7.5 ],
    "to": [ 13.75, 9.75, 8.75 ],
    "faces": {
        "down":  { "uv": [ 3.75, 8.75, 2.25, 7.5 ], "texture": "#texture" },
        "north": { "uv": [ 2.25, 6.25, 3.75, 8 ], "texture": "#texture" },
        "south": { "uv": [ 12.25, 6.25, 13.75, 8 ], "texture": "#texture" },
        "east":  { "uv": [ 7.25, 6.25, 8.5, 8 ], "texture": "#texture" }
    }
},
{
    "from": [ 13.25, 6.5, 7.5 ],
    "to": [ 14.75, 7.25, 8.75 ],
    "faces": {
        "north": { "uv": [ 1.25, 8.75, 2.75, 9.5 ], "texture": "#texture" },
        "south": { "uv": [ 13.25, 8.75, 14.75, 9.5 ], "texture": "#texture" },
        "west":  { "uv": [ 7.5, 8.75, 8.75, 9.5 ], "texture": "#texture" },
        "east":  { "uv": [ 7.25, 8.75, 8.5, 9.5 ], "texture": "#texture" }
    }
},
{
    "from": [ 13, 7.25, 7.5 ],
    "to": [ 14.5, 7.75, 8.75 ],
    "faces": {
        "north": { "uv": [ 1.5, 8.25, 3, 8.75 ], "texture": "#texture" },
        "south": { "uv": [ 13, 8.25, 14.5, 8.75 ], "texture": "#texture" },
        "west":  { "uv": [ 7.5, 8.25, 8.75, 8.75 ], "texture": "#texture" },
        "east":  { "uv": [ 7.25, 8.25, 8.5, 8.75 ], "texture": "#texture" }
    }
},
{
    "from": [ 13.25, 4.5, 7.5 ],
    "to": [ 14.5, 6.5, 8.75 ],
    "faces": {
        "north": { "uv": [ 1.5, 9.5, 2.75, 11.5 ], "texture": "#texture" },
        "south": { "uv": [ 13.25, 9.5, 14.5, 11.5 ], "texture": "#texture" },
        "west":  { "uv": [ 7.5, 9.5, 8.75, 11.5 ], "texture": "#texture" },
        "east":  { "uv": [ 7.25, 9.5, 8.5, 11.5 ], "texture": "#texture" }
    }
},
{
    "from": [ 12.75, 7.25, 7.25 ],
    "to": [ 14.75, 7.75, 9 ],
    "faces": {
        "down":  { "uv": [ 3.25, 9, 1.25, 7.25 ], "texture": "#dark wood blade" },
        "up":    { "uv": [ 12.75, 7.25, 14.75, 9 ], "texture": "#dark wood blade" },
        "north": { "uv": [ 1.25, 8.25, 3.25, 8.75 ], "texture": "#dark wood blade" },
        "south": { "uv": [ 12.75, 8.25, 14.75, 8.75 ], "texture": "#dark wood blade" },
        "west":  { "uv": [ 7.25, 8.25, 9, 8.75 ], "texture": "#dark wood blade" },
        "east":  { "uv": [ 7, 8.25, 8.75, 8.75 ], "texture": "#dark wood blade" }
    }
},
{
    "from": [ 15, 4.5, 7.25 ],
    "to": [ 15.25, 6.5, 9 ],
    "faces": {
        "up":    { "uv": [ 15, 7.25, 15.25, 9 ], "texture": "#dark wood blade" },
        "north": { "uv": [ 0.75, 9.5, 1, 11.5 ], "texture": "#dark wood blade" },
        "south": { "uv": [ 15, 9.5, 15.25, 11.5 ], "texture": "#dark wood blade" },
        "east":  { "uv": [ 7, 9.5, 8.75, 11.5 ], "texture": "#dark wood blade" }
    }
},
{
    "from": [ 12.25, 7.75, 7.25 ],
    "to": [ 14.5, 8.5, 9 ],
    "faces": {
        "down":  { "uv": [ 3.75, 9, 1.5, 7.25 ], "texture": "#dark wood blade" },
        "north": { "uv": [ 1.5, 7.5, 3.75, 8.25 ], "texture": "#dark wood blade" },
        "south": { "uv": [ 12.25, 7.5, 14.5, 8.25 ], "texture": "#dark wood blade" },
        "west":  { "uv": [ 7.25, 7.5, 9, 8.25 ], "texture": "#dark wood blade" },
        "east":  { "uv": [ 7, 7.5, 8.75, 8.25 ], "texture": "#dark wood blade" }
    }
},
{
    "from": [ 12.25, 8.5, 7.25 ],
    "to": [ 14.5, 8.75, 9 ],
    "faces": {
        "up":    { "uv": [ 12.25, 7.25, 14.5, 9 ], "texture": "#dark wood blade" },
        "north": { "uv": [ 1.5, 7.25, 3.75, 7.5 ], "texture": "#dark wood blade" },
        "south": { "uv": [ 12.25, 7.25, 14.5, 7.5 ], "texture": "#dark wood blade" },
        "west":  { "uv": [ 7.25, 7.25, 9, 7.5 ], "texture": "#dark wood blade" },
        "east":  { "uv": [ 7, 7.25, 8.75, 7.5 ], "texture": "#dark wood blade" }
    }
},
{
    "from": [ 12.5, 8.75, 7.25 ],
    "to": [ 14.5, 9, 9 ],
    "faces": {
        "up":    { "uv": [ 12.5, 7.25, 14.5, 9 ], "texture": "#dark wood blade" },
        "north": { "uv": [ 1.5, 7, 3.5, 7.25 ], "texture": "#dark wood blade" },
        "south": { "uv": [ 12.5, 7, 14.5, 7.25 ], "texture": "#dark wood blade" },
        "west":  { "uv": [ 7.25, 7, 9, 7.25 ], "texture": "#dark wood blade" },
        "east":  { "uv": [ 7, 7, 8.75, 7.25 ], "texture": "#dark wood blade" }
    }
},
{
    "from": [ 12.5, 9, 7.25 ],
    "to": [ 14.25, 9.25, 9 ],
    "faces": {
        "up":    { "uv": [ 12.5, 7.25, 14.25, 9 ], "texture": "#dark wood blade" },
        "north": { "uv": [ 1.75, 6.75, 3.5, 7 ], "texture": "#dark wood blade" },
        "south": { "uv": [ 12.5, 6.75, 14.25, 7 ], "texture": "#dark wood blade" },
        "west":  { "uv": [ 7.25, 6.75, 9, 7 ], "texture": "#dark wood blade" },
        "east":  { "uv": [ 7, 6.75, 8.75, 7 ], "texture": "#dark wood blade" }
    }
},
{
    "from": [ 12.75, 9.25, 7.25 ],
    "to": [ 14.25, 9.5, 9 ],
    "faces": {
        "up":    { "uv": [ 12.75, 7.25, 14.25, 9 ], "texture": "#dark wood blade" },
        "north": { "uv": [ 1.75, 6.5, 3.25, 6.75 ], "texture": "#dark wood blade" },
        "south": { "uv": [ 12.75, 6.5, 14.25, 6.75 ], "texture": "#dark wood blade" },
        "west":  { "uv": [ 7.25, 6.5, 9, 6.75 ], "texture": "#dark wood blade" },
        "east":  { "uv": [ 7, 6.5, 8.75, 6.75 ], "texture": "#dark wood blade" }
    }
},
{
    "from": [ 13.25, 9.5, 7.25 ],
    "to": [ 14, 9.75, 9 ],
    "faces": {
        "up":    { "uv": [ 13.25, 7.25, 14, 9 ], "texture": "#dark wood blade" },
        "north": { "uv": [ 2, 6.25, 2.75, 6.5 ], "texture": "#dark wood blade" },
        "south": { "uv": [ 13.25, 6.25, 14, 6.5 ], "texture": "#dark wood blade" },
        "west":  { "uv": [ 7.25, 6.25, 9, 6.5 ], "texture": "#dark wood blade" },
        "east":  { "uv": [ 7, 6.25, 8.75, 6.5 ], "texture": "#dark wood blade" }
    }
},
{
    "from": [ 12.75, 10.25, 8 ],
    "to": [ 13.25, 11.5, 8.5 ],
    "rotation": { "origin": [ 12.75, 11.5, 8 ], "axis": "z", "angle": -45 },
    "faces": {
        "up":    { "uv": [ 12.5, 8, 13, 8.5 ], "texture": "#texture" },
        "north": { "uv": [ 3, 2.75, 3.5, 4 ], "texture": "#texture" },
        "south": { "uv": [ 12.5, 2.75, 13, 4 ], "texture": "#texture" },
        "west":  { "uv": [ 8, 2.75, 8.5, 4 ], "texture": "#texture" },
        "east":  { "uv": [ 7.5, 2.75, 8, 4 ], "texture": "#texture" }
    }
},
{
    "from": [ 13.25, 4.25, 7.25 ],
    "to": [ 15.25, 4.5, 9 ],
    "faces": {
        "down":  { "uv": [ 2.75, 9, 0.75, 7.25 ], "texture": "#dark wood blade" },
        "up":    { "uv": [ 13.25, 7.25, 15.25, 9 ], "texture": "#dark wood blade" },
        "north": { "uv": [ 0.75, 11.5, 2.75, 11.75 ], "texture": "#dark wood blade" },
        "south": { "uv": [ 13.25, 11.5, 15.25, 11.75 ], "texture": "#dark wood blade" },
        "west":  { "uv": [ 7.25, 11.5, 9, 11.75 ], "texture": "#dark wood blade" },
        "east":  { "uv": [ 7, 11.5, 8.75, 11.75 ], "texture": "#dark wood blade" }
    }
},
{
    "from": [ 11.25, 7, 7.75 ],
    "to": [ 11.5, 7.25, 8.5 ],
    "faces": {
        "up":    { "uv": [ 11.25, 7.75, 11.5, 8.5 ], "texture": "#texture" },
        "north": { "uv": [ 4.5, 8.75, 4.75, 9 ], "texture": "#texture" },
        "south": { "uv": [ 11.25, 8.75, 11.5, 9 ], "texture": "#texture" },
        "west":  { "uv": [ 7.75, 8.75, 8.5, 9 ], "texture": "#texture" }
    }
},
{
    "from": [ 3.25, 11, 7.875 ],
    "to": [ 4.25, 11.25, 8.375 ],
    "faces": {
        "north": { "uv": [ 11.75, 4.75, 12.75, 5 ], "texture": "#texture" },
        "south": { "uv": [ 3.25, 4.75, 4.25, 5 ], "texture": "#texture" },
        "west":  { "uv": [ 7.875, 4.75, 8.375, 5 ], "texture": "#texture" },
        "east":  { "uv": [ 7.625, 4.75, 8.125, 5 ], "texture": "#texture" }
    }
},
{
    "from": [ 9.25, 7.75, 7.75 ],
    "to": [ 9.5, 8, 8.5 ],
    "faces": {
        "down":  { "uv": [ 6.75, 8.5, 6.5, 7.75 ], "texture": "#texture" },
        "north": { "uv": [ 6.5, 8, 6.75, 8.25 ], "texture": "#texture" },
        "south": { "uv": [ 9.25, 8, 9.5, 8.25 ], "texture": "#texture" },
        "west":  { "uv": [ 7.75, 8, 8.5, 8.25 ], "texture": "#texture" }
    }
}
],
"display": {
    "thirdperson": {
        "rotation": [ 0, 90, -90 ],
        "translation": [ 0, 2.6, -1.8 ],
        "scale": [ 0.85, 0.85, 0.85 ]
    },
    "ground": {
        "rotation": [ 0, 0, 0 ],
        "translation": [ 0, 0, 0 ],
        "scale": [ 3, 3, 3 ]
    },
    "fixed": {
        "rotation": [ 0, 180, -45 ],
        "translation": [ 0.6, -0.2, -1.1 ],
        "scale": [ 1.5, 1.5, 1.5 ]
    },
    "firstperson": {
        "rotation": [ 0, -135, 0 ],
        "translation": [ 2.8, 1.4, -3.2 ],
        "scale": [ 2, 2, 2 ]
    },
    "gui": {
        "rotation": [ -30, 135, -45 ],
        "translation": [ -1.8, -1.8, 2.1 ],
        "scale": [ 0.9, 0.9, 0.9 ]
    }
}
}