{
"__comment": "Designed by Corporalblober with BDcraft Cubik PRO 0.95 Beta - http://bdcraft.net",
"textures": {
    "texture": "blocks/anvil 1",
    "glass black": "blocks/glass block"
},
"elements": [ 
{
    "from": [ 3, 1, 7.5 ],
    "to": [ 13, 19, 8.5 ],
    "faces": {
        "up":    { "uv": [ 3, 7.5, 13, 8.5 ], "texture": "#texture", "cullface": "up" },
        "north": { "uv": [ 3, 0, 13, 15 ], "texture": "#texture", "cullface": "up" },
        "south": { "uv": [ 3, 0, 13, 15 ], "texture": "#texture", "cullface": "up" },
        "west":  { "uv": [ 7.5, 0, 8.5, 15 ], "texture": "#texture", "cullface": "up" },
        "east":  { "uv": [ 7.5, 0, 8.5, 15 ], "texture": "#texture", "cullface": "up" }
    }
},
{
    "from": [ 12.5, 1, 7.5625 ],
    "to": [ 14.5, 26, 8.5625 ],
    "rotation": { "origin": [ 12.5, 1, 7.5625 ], "axis": "y", "angle": 22.5 },
    "faces": {
        "down":  { "uv": [ 3, 8.5, 1, 7.5 ], "texture": "#texture", "cullface": "up" },
        "up":    { "uv": [ 13, 7.5, 15, 8.5 ], "texture": "#texture", "cullface": "up" },
        "north": { "uv": [ 1, 1, 3, 15 ], "texture": "#texture", "cullface": "up" },
        "south": { "uv": [ 13, 1, 15, 15 ], "texture": "#texture", "cullface": "up" },
        "west":  { "uv": [ 7.5, 1, 8.5, 15 ], "texture": "#texture", "cullface": "up" },
        "east":  { "uv": [ 7.5, 1, 8.5, 15 ], "texture": "#texture", "cullface": "up" }
    }
},
{
    "from": [ 1.69519, 1, 6.8125 ],
    "to": [ 3.69519, 26, 7.8125 ],
    "rotation": { "origin": [ 1.69519, 1, 6.8125 ], "axis": "y", "angle": -22.5 },
    "faces": {
        "down":  { "uv": [ 15, 8.5, 13, 7.5 ], "texture": "#texture", "cullface": "up" },
        "up":    { "uv": [ 1, 7.5, 3, 8.5 ], "texture": "#texture", "cullface": "up" },
        "north": { "uv": [ 13, 1, 15, 15 ], "texture": "#texture", "cullface": "up" },
        "south": { "uv": [ 1, 1, 3, 15 ], "texture": "#texture", "cullface": "up" },
        "west":  { "uv": [ 7.5, 1, 8.5, 15 ], "texture": "#texture", "cullface": "up" },
        "east":  { "uv": [ 7.5, 1, 8.5, 15 ], "texture": "#texture", "cullface": "up" }
    }
},
{
    "from": [ 14.25, 0, 6.75 ],
    "to": [ 15, 27, 8.25 ],
    "faces": {
        "down":  { "uv": [ 1.75, 8.25, 1, 6.75 ], "texture": "#texture", "cullface": "down" },
        "up":    { "uv": [ 14.25, 6.75, 15, 8.25 ], "texture": "#texture" },
        "north": { "uv": [ 1, 0, 1.75, 16 ], "texture": "#texture" },
        "south": { "uv": [ 14.25, 0, 15, 16 ], "texture": "#texture" },
        "west":  { "uv": [ 6.75, 0, 8.25, 16 ], "texture": "#texture" },
        "east":  { "uv": [ 7.75, 0, 9.25, 16 ], "texture": "#texture" }
    }
},
{
    "from": [ 1, 0, 6.75 ],
    "to": [ 1.75, 27, 8.25 ],
    "faces": {
        "down":  { "uv": [ 15, 8.25, 14.25, 6.75 ], "texture": "#texture", "cullface": "down" },
        "up":    { "uv": [ 1, 6.75, 1.75, 8.25 ], "texture": "#texture" },
        "north": { "uv": [ 14.25, 0, 15, 16 ], "texture": "#texture" },
        "south": { "uv": [ 1, 0, 1.75, 16 ], "texture": "#texture" },
        "west":  { "uv": [ 6.75, 0, 8.25, 16 ], "texture": "#texture" },
        "east":  { "uv": [ 7.75, 0, 9.25, 16 ], "texture": "#texture" }
    }
},
{
    "from": [ 1.75, 0, 6.75 ],
    "to": [ 3.75, 1, 8.25 ],
    "rotation": { "origin": [ 1.75, 0, 6.75 ], "axis": "y", "angle": -22.5 },
    "faces": {
        "down":  { "uv": [ 1.75, 6.75, 3.5, 8.25 ], "texture": "#texture", "cullface": "down" },
        "up":    { "uv": [ 1.75, 6.75, 3.5, 8.25 ], "texture": "#texture" },
        "north": { "uv": [ 1.75, 15, 3.5, 16 ], "texture": "#texture" },
        "south": { "uv": [ 1.75, 15, 3.5, 16 ], "texture": "#texture" },
        "east":  { "uv": [ 6.75, 15, 8.25, 16 ], "texture": "#texture" }
    }
},
{
    "from": [ 3, 26, 7.5 ],
    "to": [ 13, 27, 9 ],
    "faces": {
        "down":  { "uv": [ 13, 9, 3, 7.5 ], "texture": "#texture", "cullface": "up" },
        "up":    { "uv": [ 3, 7.5, 13, 9 ], "texture": "#texture", "cullface": "up" },
        "north": { "uv": [ 3, 0, 13, 0 ], "texture": "#texture", "cullface": "up" },
        "south": { "uv": [ 3, 0, 13, 0 ], "texture": "#texture", "cullface": "up" },
        "west":  { "uv": [ 7.5, 0, 9, 0 ], "texture": "#texture", "cullface": "up" },
        "east":  { "uv": [ 7, 0, 8.5, 0 ], "texture": "#texture", "cullface": "up" }
    }
},
{
    "from": [ 12.5, 26, 7.625 ],
    "to": [ 14.5, 27, 9.125 ],
    "rotation": { "origin": [ 12.5, 26, 7.625 ], "axis": "y", "angle": 22.5 },
    "faces": {
        "down":  { "uv": [ 1.75, 6.75, 3.5, 8.25 ], "texture": "#texture", "cullface": "up" },
        "up":    { "uv": [ 1.75, 6.75, 3.5, 8.25 ], "texture": "#texture", "cullface": "up" },
        "north": { "uv": [ 1.75, 15, 3.5, 16 ], "texture": "#texture", "cullface": "up" },
        "south": { "uv": [ 1.75, 15, 3.5, 16 ], "texture": "#texture", "cullface": "up" },
        "west":  { "uv": [ 6.75, 15, 8.25, 16 ], "texture": "#texture", "cullface": "up" },
        "east":  { "uv": [ 6.75, 15, 8.25, 16 ], "texture": "#texture", "cullface": "up" }
    }
},
{
    "from": [ 3, 22.5, 7.5 ],
    "to": [ 13, 26, 8.5 ],
    "faces": {
        "down":  { "uv": [ 3, 7.5, 13, 8.5 ], "texture": "#texture", "cullface": "up" },
        "north": { "uv": [ 3, 0, 13, 3.5 ], "texture": "#texture", "cullface": "up" },
        "south": { "uv": [ 3, 0, 13, 3.5 ], "texture": "#texture", "cullface": "up" },
        "west":  { "uv": [ 7.5, 0, 8.5, 3.5 ], "texture": "#texture", "cullface": "up" },
        "east":  { "uv": [ 7.5, 0, 8.5, 3.5 ], "texture": "#texture", "cullface": "up" }
    }
},
{
    "from": [ 3, 19, 7.5 ],
    "to": [ 4.25, 22.75, 8.5 ],
    "faces": {
        "up":    { "uv": [ 3, 7.5, 4.25, 8.5 ], "texture": "#texture", "cullface": "up" },
        "north": { "uv": [ 3, 0, 4.25, 3.75 ], "texture": "#texture", "cullface": "up" },
        "south": { "uv": [ 3, 0, 4.25, 3.75 ], "texture": "#texture", "cullface": "up" },
        "west":  { "uv": [ 7.5, 0, 8.5, 3.75 ], "texture": "#texture", "cullface": "up" },
        "east":  { "uv": [ 7.5, 0, 8.5, 3.75 ], "texture": "#texture", "cullface": "up" }
    }
},
{
    "from": [ 12, 19, 7.5 ],
    "to": [ 13, 22.75, 8.5 ],
    "faces": {
        "up":    { "uv": [ 12, 7.5, 13, 8.5 ], "texture": "#texture", "cullface": "up" },
        "north": { "uv": [ 12, 0, 13, 3.75 ], "texture": "#texture", "cullface": "up" },
        "south": { "uv": [ 12, 0, 13, 3.75 ], "texture": "#texture", "cullface": "up" },
        "west":  { "uv": [ 7.5, 0, 8.5, 3.75 ], "texture": "#texture", "cullface": "up" },
        "east":  { "uv": [ 7.5, 0, 8.5, 3.75 ], "texture": "#texture", "cullface": "up" }
    }
},
{
    "from": [ 5, 18.5, 8.5 ],
    "to": [ 11.25, 19, 9 ],
    "faces": {
        "down":  { "uv": [ 11, 9, 4.75, 8.5 ], "texture": "#texture", "cullface": "up" },
        "up":    { "uv": [ 5, 8.5, 11.25, 9 ], "texture": "#texture", "cullface": "up" },
        "south": { "uv": [ 5, 0, 11.25, 0 ], "texture": "#texture", "cullface": "up" },
        "west":  { "uv": [ 8.5, 0, 9, 0 ], "texture": "#texture", "cullface": "up" },
        "east":  { "uv": [ 7, 0, 7.5, 0 ], "texture": "#texture", "cullface": "up" }
    }
},
{
    "from": [ 12, 18.4375, 7.5 ],
    "to": [ 12.5, 19.9375, 9 ],
    "rotation": { "origin": [ 12, 19.9375, 7.5 ], "axis": "z", "angle": -45 },
    "faces": {
        "down":  { "uv": [ 4.75, 9, 4.25, 7.5 ], "texture": "#texture", "cullface": "up" },
        "up":    { "uv": [ 11.25, 7.5, 11.75, 9 ], "texture": "#texture", "cullface": "up" },
        "north": { "uv": [ 4.25, 0, 4.75, 0 ], "texture": "#texture", "cullface": "up" },
        "south": { "uv": [ 11.25, 0, 11.75, 0 ], "texture": "#texture", "cullface": "up" },
        "west":  { "uv": [ 7.5, 0, 9, 0 ], "texture": "#texture", "cullface": "up" },
        "east":  { "uv": [ 7, 0, 8.5, 0 ], "texture": "#texture", "cullface": "up" }
    }
},
{
    "from": [ 5, 21.5, 7.5 ],
    "to": [ 5.5, 23, 9 ],
    "rotation": { "origin": [ 5, 23, 7.5 ], "axis": "z", "angle": -45 },
    "faces": {
        "down":  { "uv": [ 4.75, 9, 4.25, 7.5 ], "texture": "#texture", "cullface": "up" },
        "up":    { "uv": [ 11.25, 7.5, 11.75, 9 ], "texture": "#texture", "cullface": "up" },
        "north": { "uv": [ 4.25, 0, 4.75, 0 ], "texture": "#texture", "cullface": "up" },
        "south": { "uv": [ 11.25, 0, 11.75, 0 ], "texture": "#texture", "cullface": "up" },
        "west":  { "uv": [ 7.5, 0, 9, 0 ], "texture": "#texture", "cullface": "up" },
        "east":  { "uv": [ 7, 0, 8.5, 0 ], "texture": "#texture", "cullface": "up" }
    }
},
{
    "from": [ 3.9375, 18.0625, 7.5 ],
    "to": [ 4.4375, 19.5625, 9 ],
    "rotation": { "origin": [ 3.9375, 19.5625, 7.5 ], "axis": "z", "angle": 45 },
    "faces": {
        "down":  { "uv": [ 4.75, 9, 4.25, 7.5 ], "texture": "#texture", "cullface": "up" },
        "up":    { "uv": [ 11.25, 7.5, 11.75, 9 ], "texture": "#texture", "cullface": "up" },
        "north": { "uv": [ 4.25, 0, 4.75, 0 ], "texture": "#texture", "cullface": "up" },
        "south": { "uv": [ 11.25, 0, 11.75, 0 ], "texture": "#texture", "cullface": "up" },
        "west":  { "uv": [ 7.5, 0, 9, 0 ], "texture": "#texture", "cullface": "up" },
        "east":  { "uv": [ 7, 0, 8.5, 0 ], "texture": "#texture", "cullface": "up" }
    }
},
{
    "from": [ 10.9375, 21.1875, 7.5 ],
    "to": [ 11.4375, 22.6875, 9 ],
    "rotation": { "origin": [ 10.9375, 22.6875, 7.5 ], "axis": "z", "angle": 45 },
    "faces": {
        "down":  { "uv": [ 4.75, 9, 4.25, 7.5 ], "texture": "#texture", "cullface": "up" },
        "up":    { "uv": [ 11.25, 7.5, 11.75, 9 ], "texture": "#texture", "cullface": "up" },
        "north": { "uv": [ 4.25, 0, 4.75, 0 ], "texture": "#texture", "cullface": "up" },
        "south": { "uv": [ 11.25, 0, 11.75, 0 ], "texture": "#texture", "cullface": "up" },
        "west":  { "uv": [ 7.5, 0, 9, 0 ], "texture": "#texture", "cullface": "up" },
        "east":  { "uv": [ 7, 0, 8.5, 0 ], "texture": "#texture", "cullface": "up" }
    }
},
{
    "from": [ 5, 22.5, 8.5 ],
    "to": [ 11.25, 23, 9 ],
    "faces": {
        "down":  { "uv": [ 11, 9, 4.75, 8.5 ], "texture": "#texture", "cullface": "up" },
        "up":    { "uv": [ 5, 8.5, 11.25, 9 ], "texture": "#texture", "cullface": "up" },
        "south": { "uv": [ 5, 0, 11.25, 0 ], "texture": "#texture", "cullface": "up" },
        "west":  { "uv": [ 8.5, 0, 9, 0 ], "texture": "#texture", "cullface": "up" },
        "east":  { "uv": [ 7, 0, 7.5, 0 ], "texture": "#texture", "cullface": "up" }
    }
},
{
    "from": [ 11.8125, 19.5625, 7.5 ],
    "to": [ 12.3125, 21.9375, 9 ],
    "faces": {
        "down":  { "uv": [ 4.1875, 9, 3.6875, 7.5 ], "texture": "#texture", "cullface": "up" },
        "up":    { "uv": [ 11.8125, 7.5, 12.3125, 9 ], "texture": "#texture", "cullface": "up" },
        "north": { "uv": [ 3.6875, 0, 4.1875, 0 ], "texture": "#texture", "cullface": "up" },
        "south": { "uv": [ 11.8125, 0, 12.3125, 0 ], "texture": "#texture", "cullface": "up" },
        "west":  { "uv": [ 7.5, 0, 9, 0 ], "texture": "#texture", "cullface": "up" },
        "east":  { "uv": [ 7, 0, 8.5, 0 ], "texture": "#texture", "cullface": "up" }
    }
},
{
    "from": [ 4, 19.5, 7.5 ],
    "to": [ 4.5, 22, 9 ],
    "faces": {
        "down":  { "uv": [ 12, 9, 11.5, 7.5 ], "texture": "#texture", "cullface": "up" },
        "up":    { "uv": [ 4, 7.5, 4.5, 9 ], "texture": "#texture", "cullface": "up" },
        "north": { "uv": [ 11.5, 0, 12, 0 ], "texture": "#texture", "cullface": "up" },
        "south": { "uv": [ 4, 0, 4.5, 0 ], "texture": "#texture", "cullface": "up" },
        "west":  { "uv": [ 7.5, 0, 9, 0 ], "texture": "#texture", "cullface": "up" },
        "east":  { "uv": [ 7, 0, 8.5, 0 ], "texture": "#texture", "cullface": "up" }
    }
},
{
    "from": [ 3.75, 18.75, 7.5 ],
    "to": [ 4.5, 19.5, 8.5 ],
    "faces": {
        "down":  { "uv": [ 12.25, 8.5, 11.5, 7.5 ], "texture": "#texture", "cullface": "up" },
        "up":    { "uv": [ 3.75, 7.5, 4.5, 8.5 ], "texture": "#texture", "cullface": "up" },
        "north": { "uv": [ 11.5, 0, 12.25, 0 ], "texture": "#texture", "cullface": "up" },
        "south": { "uv": [ 3.75, 0, 4.5, 0 ], "texture": "#texture", "cullface": "up" },
        "west":  { "uv": [ 7.5, 0, 8.5, 0 ], "texture": "#texture", "cullface": "up" },
        "east":  { "uv": [ 7.5, 0, 8.5, 0 ], "texture": "#texture", "cullface": "up" }
    }
},
{
    "from": [ 4, 22.25, 7.5 ],
    "to": [ 4.75, 23, 8.5 ],
    "faces": {
        "down":  { "uv": [ 12, 8.5, 11.25, 7.5 ], "texture": "#texture", "cullface": "up" },
        "up":    { "uv": [ 4, 7.5, 4.75, 8.5 ], "texture": "#texture", "cullface": "up" },
        "north": { "uv": [ 11.25, 0, 12, 0 ], "texture": "#texture", "cullface": "up" },
        "south": { "uv": [ 4, 0, 4.75, 0 ], "texture": "#texture", "cullface": "up" },
        "west":  { "uv": [ 7.5, 0, 8.5, 0 ], "texture": "#texture", "cullface": "up" },
        "east":  { "uv": [ 7.5, 0, 8.5, 0 ], "texture": "#texture", "cullface": "up" }
    }
},
{
    "from": [ 11.75, 18.75, 7.5 ],
    "to": [ 12.25, 19.5, 8.5 ],
    "faces": {
        "down":  { "uv": [ 4.25, 8.5, 3.75, 7.5 ], "texture": "#texture", "cullface": "up" },
        "up":    { "uv": [ 11.75, 7.5, 12.25, 8.5 ], "texture": "#texture", "cullface": "up" },
        "north": { "uv": [ 3.75, 0, 4.25, 0 ], "texture": "#texture", "cullface": "up" },
        "south": { "uv": [ 11.75, 0, 12.25, 0 ], "texture": "#texture", "cullface": "up" },
        "west":  { "uv": [ 7.5, 0, 8.5, 0 ], "texture": "#texture", "cullface": "up" },
        "east":  { "uv": [ 7.5, 0, 8.5, 0 ], "texture": "#texture", "cullface": "up" }
    }
},
{
    "from": [ 11.75, 22, 7.5 ],
    "to": [ 12.25, 22.75, 8.5 ],
    "faces": {
        "down":  { "uv": [ 4.25, 8.5, 3.75, 7.5 ], "texture": "#texture", "cullface": "up" },
        "up":    { "uv": [ 11.75, 7.5, 12.25, 8.5 ], "texture": "#texture", "cullface": "up" },
        "north": { "uv": [ 3.75, 0, 4.25, 0 ], "texture": "#texture", "cullface": "up" },
        "south": { "uv": [ 11.75, 0, 12.25, 0 ], "texture": "#texture", "cullface": "up" },
        "west":  { "uv": [ 7.5, 0, 8.5, 0 ], "texture": "#texture", "cullface": "up" },
        "east":  { "uv": [ 7.5, 0, 8.5, 0 ], "texture": "#texture", "cullface": "up" }
    }
},
{
    "from": [ 1.699, 26, 6.75 ],
    "to": [ 3.699, 27, 8.25 ],
    "rotation": { "origin": [ 1.699, 26, 6.75 ], "axis": "y", "angle": -22.5 },
    "faces": {
        "down":  { "uv": [ 1.75, 6.75, 3.5, 8.25 ], "texture": "#texture", "cullface": "up" },
        "up":    { "uv": [ 1.75, 6.75, 3.5, 8.25 ], "texture": "#texture", "cullface": "up" },
        "north": { "uv": [ 1.75, 15, 3.5, 16 ], "texture": "#texture", "cullface": "up" },
        "south": { "uv": [ 1.75, 15, 3.5, 16 ], "texture": "#texture", "cullface": "up" },
        "west":  { "uv": [ 6.75, 15, 8.25, 16 ], "texture": "#texture", "cullface": "up" },
        "east":  { "uv": [ 6.75, 15, 8.25, 16 ], "texture": "#texture", "cullface": "up" }
    }
},
{
    "from": [ 3, 0, 7.5 ],
    "to": [ 13, 1, 9 ],
    "faces": {
        "down":  { "uv": [ 13, 9, 3, 7.5 ], "texture": "#texture", "cullface": "down" },
        "up":    { "uv": [ 3, 7.5, 13, 9 ], "texture": "#texture" },
        "north": { "uv": [ 3, 15, 13, 16 ], "texture": "#texture" },
        "south": { "uv": [ 3, 15, 13, 16 ], "texture": "#texture" },
        "west":  { "uv": [ 7.5, 15, 9, 16 ], "texture": "#texture" },
        "east":  { "uv": [ 7, 15, 8.5, 16 ], "texture": "#texture" }
    }
},
{
    "from": [ 12.4375, 0, 7.625 ],
    "to": [ 14.4375, 1, 9.125 ],
    "rotation": { "origin": [ 12.4375, 0, 7.625 ], "axis": "y", "angle": 22.5 },
    "faces": {
        "down":  { "uv": [ 1.75, 6.75, 3.5, 8.25 ], "texture": "#texture", "cullface": "down" },
        "up":    { "uv": [ 1.75, 6.75, 3.5, 8.25 ], "texture": "#texture" },
        "north": { "uv": [ 1.75, 15, 3.5, 16 ], "texture": "#texture" },
        "south": { "uv": [ 1.75, 15, 3.5, 16 ], "texture": "#texture" },
        "west":  { "uv": [ 6.75, 15, 8.25, 16 ], "texture": "#texture" },
        "east":  { "uv": [ 6.75, 15, 8.25, 16 ], "texture": "#texture" }
    }
},
{
    "from": [ 7.75, 19, 7.75 ],
    "to": [ 8.5, 22.5, 8.25 ],
    "faces": {
        "north": { "uv": [ 2, 0, 5, 16 ], "texture": "#glass black", "cullface": "up" },
        "south": { "uv": [ 2, 0, 5, 16 ], "texture": "#glass black", "cullface": "up" }
    }
},
{
    "from": [ 4.5, 19, 7.75 ],
    "to": [ 7.75, 22.5, 8.25 ],
    "faces": {
        "north": { "uv": [ 1, 0, 16, 16 ], "texture": "#glass black", "cullface": "up" },
        "south": { "uv": [ 0, 0, 15, 16 ], "texture": "#glass black", "cullface": "up" },
        "west":  { "uv": [ 3.25, 3.75, 7, 6.25 ], "texture": "#glass black", "cullface": "up" }
    }
},
{
    "from": [ 8.5, 19, 7.75 ],
    "to": [ 11.875, 22.5, 8.25 ],
    "faces": {
        "north": { "uv": [ 0, 0, 15, 16 ], "texture": "#glass black", "cullface": "up" },
        "south": { "uv": [ 1, 0, 16, 16 ], "texture": "#glass black", "cullface": "up" },
        "east":  { "uv": [ 3.75, 3.5, 5.75, 10.75 ], "texture": "#glass black", "cullface": "up" }
    }
},
{
    "from": [ 4, 15.75, 3.5 ],
    "to": [ 5, 16.25, 7.5 ],
    "faces": {
        "down":  { "uv": [ 12, 7.5, 11, 3.5 ], "texture": "#texture", "cullface": "up" },
        "up":    { "uv": [ 4, 3.5, 5, 7.5 ], "texture": "#texture", "cullface": "up" },
        "north": { "uv": [ 11, 0, 12, 0.25 ], "texture": "#texture", "cullface": "up" },
        "west":  { "uv": [ 3.5, 0, 7.5, 0.25 ], "texture": "#texture", "cullface": "up" },
        "east":  { "uv": [ 8.5, 0, 12.5, 0.25 ], "texture": "#texture", "cullface": "up" }
    }
},
{
    "from": [ 4, 10.75, 3.5 ],
    "to": [ 5, 11.25, 7.5 ],
    "faces": {
        "down":  { "uv": [ 12, 7.5, 11, 3.5 ], "texture": "#texture" },
        "up":    { "uv": [ 4, 3.5, 5, 7.5 ], "texture": "#texture" },
        "north": { "uv": [ 11, 4.75, 12, 5.25 ], "texture": "#texture" },
        "west":  { "uv": [ 3.5, 4.75, 7.5, 5.25 ], "texture": "#texture" },
        "east":  { "uv": [ 8.5, 4.75, 12.5, 5.25 ], "texture": "#texture" }
    }
},
{
    "from": [ 11, 15.75, 3.5 ],
    "to": [ 12, 16.25, 7.5 ],
    "faces": {
        "down":  { "uv": [ 5, 7.5, 4, 3.5 ], "texture": "#texture", "cullface": "up" },
        "up":    { "uv": [ 11, 3.5, 12, 7.5 ], "texture": "#texture", "cullface": "up" },
        "north": { "uv": [ 4, 0, 5, 0.25 ], "texture": "#texture", "cullface": "up" },
        "west":  { "uv": [ 3.5, 0, 7.5, 0.25 ], "texture": "#texture", "cullface": "up" },
        "east":  { "uv": [ 8.5, 0, 12.5, 0.25 ], "texture": "#texture", "cullface": "up" }
    }
},
{
    "from": [ 11, 10.75, 3.5 ],
    "to": [ 12, 11.25, 7.5 ],
    "faces": {
        "down":  { "uv": [ 5, 7.5, 4, 3.5 ], "texture": "#texture" },
        "up":    { "uv": [ 11, 3.5, 12, 7.5 ], "texture": "#texture" },
        "north": { "uv": [ 4, 4.75, 5, 5.25 ], "texture": "#texture" },
        "west":  { "uv": [ 3.5, 4.75, 7.5, 5.25 ], "texture": "#texture" },
        "east":  { "uv": [ 8.5, 4.75, 12.5, 5.25 ], "texture": "#texture" }
    }
},
{
    "from": [ 4, 11.5, 2.75 ],
    "to": [ 5, 15.5, 3.25 ],
    "faces": {
        "down":  { "uv": [ 12, 3.25, 11, 2.75 ], "texture": "#texture" },
        "up":    { "uv": [ 4, 2.75, 5, 3.25 ], "texture": "#texture" },
        "north": { "uv": [ 11, 0.5, 12, 4.5 ], "texture": "#texture" },
        "south": { "uv": [ 4, 0.5, 5, 4.5 ], "texture": "#texture" },
        "west":  { "uv": [ 2.75, 0.5, 3.25, 4.5 ], "texture": "#texture" },
        "east":  { "uv": [ 12.75, 0.5, 13.25, 4.5 ], "texture": "#texture" }
    }
},
{
    "from": [ 11, 11.5, 2.75 ],
    "to": [ 12, 15.5, 3.25 ],
    "faces": {
        "down":  { "uv": [ 5, 3.25, 4, 2.75 ], "texture": "#texture" },
        "up":    { "uv": [ 11, 2.75, 12, 3.25 ], "texture": "#texture" },
        "north": { "uv": [ 4, 0.5, 5, 4.5 ], "texture": "#texture" },
        "south": { "uv": [ 11, 0.5, 12, 4.5 ], "texture": "#texture" },
        "west":  { "uv": [ 2.75, 0.5, 3.25, 4.5 ], "texture": "#texture" },
        "east":  { "uv": [ 12.75, 0.5, 13.25, 4.5 ], "texture": "#texture" }
    }
},
{
    "from": [ 4, 15.25, 3 ],
    "to": [ 5, 16, 3.75 ],
    "faces": {
        "down":  { "uv": [ 12, 3.75, 11, 3 ], "texture": "#texture" },
        "up":    { "uv": [ 4, 3, 5, 3.75 ], "texture": "#texture", "cullface": "up" },
        "north": { "uv": [ 11, 0, 12, 0.75 ], "texture": "#texture" },
        "south": { "uv": [ 4, 0, 5, 0.75 ], "texture": "#texture" },
        "west":  { "uv": [ 3, 0, 3.75, 0.75 ], "texture": "#texture" },
        "east":  { "uv": [ 12.25, 0, 13, 0.75 ], "texture": "#texture" }
    }
},
{
    "from": [ 11, 11, 3 ],
    "to": [ 12, 11.75, 3.75 ],
    "faces": {
        "down":  { "uv": [ 5, 3.75, 4, 3 ], "texture": "#texture" },
        "up":    { "uv": [ 11, 3, 12, 3.75 ], "texture": "#texture" },
        "north": { "uv": [ 4, 4.25, 5, 5 ], "texture": "#texture" },
        "south": { "uv": [ 11, 4.25, 12, 5 ], "texture": "#texture" },
        "west":  { "uv": [ 3, 4.25, 3.75, 5 ], "texture": "#texture" },
        "east":  { "uv": [ 12.25, 4.25, 13, 5 ], "texture": "#texture" }
    }
},
{
    "from": [ 4, 11, 3 ],
    "to": [ 5, 11.75, 3.75 ],
    "faces": {
        "down":  { "uv": [ 12, 3.75, 11, 3 ], "texture": "#texture" },
        "up":    { "uv": [ 4, 3, 5, 3.75 ], "texture": "#texture" },
        "north": { "uv": [ 11, 4.25, 12, 5 ], "texture": "#texture" },
        "south": { "uv": [ 4, 4.25, 5, 5 ], "texture": "#texture" },
        "west":  { "uv": [ 3, 4.25, 3.75, 5 ], "texture": "#texture" },
        "east":  { "uv": [ 12.25, 4.25, 13, 5 ], "texture": "#texture" }
    }
},
{
    "from": [ 11, 15.25, 3 ],
    "to": [ 12, 16, 3.75 ],
    "faces": {
        "down":  { "uv": [ 5, 3.75, 4, 3 ], "texture": "#texture" },
        "up":    { "uv": [ 11, 3, 12, 3.75 ], "texture": "#texture", "cullface": "up" },
        "north": { "uv": [ 4, 0, 5, 0.75 ], "texture": "#texture" },
        "south": { "uv": [ 11, 0, 12, 0.75 ], "texture": "#texture" },
        "west":  { "uv": [ 3, 0, 3.75, 0.75 ], "texture": "#texture" },
        "east":  { "uv": [ 12.25, 0, 13, 0.75 ], "texture": "#texture" }
    }
}
],
"display": {
    "thirdperson": {
        "rotation": [ -154, 0, 0 ],
        "translation": [ 1.7, 3.8, -1.8 ],
        "scale": [ 1, 1, 1 ]
    },
    "ground": {
        "rotation": [ 0, 0, 0 ],
        "translation": [ 0, 0, 0 ],
        "scale": [ 3, 3, 3 ]
    },
    "fixed": {
        "rotation": [ 0, 180, 45 ],
        "translation": [ -4.4, -3.5, -1.8 ],
        "scale": [ 2, 2, 2 ]
    },
    "firstperson": {
        "rotation": [ 0, 126, -3 ],
        "translation": [ -12.6, 1.4, 0.2 ],
        "scale": [ 1, 1, 1 ]
    },
    "gui": {
        "rotation": [ -30, 135, 45 ],
        "translation": [ -2.4, -3, 0 ],
        "scale": [ 0.9, 0.9, 0.9 ]
    }
}
}