{
"__comment": "Designed by Corporalblober with BDcraft Cubik PRO 0.95 Beta - http://bdcraft.net",
"textures": {
    "particle": "blocks/anvil 1",
    "texture": "blocks/anvil 1",
    "anvil 1": "blocks/anvil 1",
    "door iron lower": "blocks/door iron lower",
    "glass black": "blocks/woo colored black",
    "hardened clay stained green": "blocks/hardened clay stained green"
},
"elements": [ 
{
    "from": [ -16, 10.25, 7.5 ],
    "to": [ 7, 10.75, 7.75 ],
    "faces": {
        "down":  { "uv": [ 16, 7.75, 9, 7.5 ], "texture": "#anvil 1", "cullface": "west" },
        "up":    { "uv": [ 0, 7.5, 7, 7.75 ], "texture": "#anvil 1", "cullface": "west" },
        "north": { "uv": [ 9, 5.25, 16, 5.75 ], "texture": "#anvil 1", "cullface": "west" },
        "south": { "uv": [ 0, 5.25, 7, 5.75 ], "texture": "#anvil 1", "cullface": "west" },
        "west":  { "uv": [ 7.5, 5.25, 7.75, 5.75 ], "texture": "#anvil 1", "cullface": "west" },
        "east":  { "uv": [ 8.25, 5.25, 8.5, 5.75 ], "texture": "#anvil 1", "cullface": "west" }
    }
},
{
    "from": [ 0, 8.75, 7.25 ],
    "to": [ 14.75, 10.25, 8.75 ],
    "faces": {
        "down":  { "uv": [ 16, 8.75, 1.25, 7.25 ], "texture": "#hardened clay stained green" },
        "up":    { "uv": [ 0, 7.25, 14.75, 8.75 ], "texture": "#hardened clay stained green" },
        "north": { "uv": [ 1.25, 5.75, 16, 7.25 ], "texture": "#hardened clay stained green" },
        "south": { "uv": [ 0, 5.75, 14.75, 7.25 ], "texture": "#hardened clay stained green" },
        "west":  { "uv": [ 7.25, 5.75, 8.75, 7.25 ], "texture": "#hardened clay stained green", "cullface": "west" },
        "east":  { "uv": [ 7.25, 5.75, 8.75, 7.25 ], "texture": "#hardened clay stained green" }
    }
},
{
    "from": [ -16, 10, 7.75 ],
    "to": [ 0, 10.25, 8.25 ],
    "faces": {
        "down":  { "uv": [ 16, 8.25, 16, 7.75 ], "texture": "#anvil 1", "cullface": "west" },
        "up":    { "uv": [ 0, 7.75, 0, 8.25 ], "texture": "#anvil 1", "cullface": "west" },
        "north": { "uv": [ 16, 5.75, 16, 6 ], "texture": "#anvil 1", "cullface": "west" },
        "south": { "uv": [ 0, 5.75, 0, 6 ], "texture": "#anvil 1", "cullface": "west" },
        "west":  { "uv": [ 7.75, 5.75, 8.25, 6 ], "texture": "#anvil 1", "cullface": "west" }
    }
},
{
    "from": [ -16, 10.75, 7.75 ],
    "to": [ 7, 11, 8.25 ],
    "faces": {
        "down":  { "uv": [ 16, 8.25, 9, 7.75 ], "texture": "#anvil 1", "cullface": "west" },
        "up":    { "uv": [ 0, 7.75, 7, 8.25 ], "texture": "#anvil 1", "cullface": "west" },
        "north": { "uv": [ 9, 5, 16, 5.25 ], "texture": "#anvil 1", "cullface": "west" },
        "south": { "uv": [ 0, 5, 7, 5.25 ], "texture": "#anvil 1", "cullface": "west" },
        "west":  { "uv": [ 7.75, 5, 8.25, 5.25 ], "texture": "#anvil 1", "cullface": "west" }
    }
},
{
    "from": [ -16, 10.25, 8.25 ],
    "to": [ 7, 10.75, 8.5 ],
    "faces": {
        "down":  { "uv": [ 16, 8.5, 9, 8.25 ], "texture": "#anvil 1", "cullface": "west" },
        "up":    { "uv": [ 0, 8.25, 7, 8.5 ], "texture": "#anvil 1", "cullface": "west" },
        "north": { "uv": [ 9, 5.25, 16, 5.75 ], "texture": "#anvil 1", "cullface": "west" },
        "south": { "uv": [ 0, 5.25, 7, 5.75 ], "texture": "#anvil 1", "cullface": "west" },
        "west":  { "uv": [ 8.25, 5.25, 8.5, 5.75 ], "texture": "#anvil 1", "cullface": "west" },
        "east":  { "uv": [ 7.5, 5.25, 7.75, 5.75 ], "texture": "#anvil 1", "cullface": "west" }
    }
},
{
    "from": [ 6.25, 8.5, 7.25 ],
    "to": [ 13.25, 8.75, 8.75 ],
    "faces": {
        "down":  { "uv": [ 9.75, 8.75, 2.75, 7.25 ], "texture": "#hardened clay stained green" },
        "north": { "uv": [ 2.75, 7.25, 9.75, 7.5 ], "texture": "#hardened clay stained green" },
        "south": { "uv": [ 6.25, 7.25, 13.25, 7.5 ], "texture": "#hardened clay stained green" },
        "west":  { "uv": [ 7.25, 7.25, 8.75, 7.5 ], "texture": "#hardened clay stained green" }
    }
},
{
    "from": [ 5.75, 8.75, 7.25 ],
    "to": [ 8.5, 9, 8.75 ],
    "rotation": { "origin": [ 5.75, 9, 7.25 ], "axis": "z", "angle": -22.5 },
    "faces": {
        "down":  { "uv": [ 8.5, 8.75, 4.25, 7.25 ], "texture": "#hardened clay stained green" },
        "up":    { "uv": [ 7.5, 7.25, 11.75, 8.75 ], "texture": "#hardened clay stained green" },
        "north": { "uv": [ 4.25, 0, 8.5, 0.25 ], "texture": "#hardened clay stained green" },
        "south": { "uv": [ 7.5, 0, 11.75, 0.25 ], "texture": "#hardened clay stained green" },
        "west":  { "uv": [ 7.25, 0, 8.75, 0.25 ], "texture": "#hardened clay stained green" },
        "east":  { "uv": [ 7.25, 0, 8.75, 0.25 ], "texture": "#hardened clay stained green" }
    }
},
{
    "from": [ 7, 8.25, 7.25 ],
    "to": [ 13.25, 8.5, 8.75 ],
    "faces": {
        "down":  { "uv": [ 9, 8.75, 2.75, 7.25 ], "texture": "#hardened clay stained green" },
        "north": { "uv": [ 2.75, 7.5, 9, 7.75 ], "texture": "#hardened clay stained green" },
        "south": { "uv": [ 7, 7.5, 13.25, 7.75 ], "texture": "#hardened clay stained green" },
        "west":  { "uv": [ 7.25, 7.5, 8.75, 7.75 ], "texture": "#hardened clay stained green" },
        "east":  { "uv": [ 7.25, 7.5, 8.75, 7.75 ], "texture": "#hardened clay stained green" }
    }
},
{
    "from": [ 7.5, 8, 7.25 ],
    "to": [ 13.25, 8.25, 8.75 ],
    "faces": {
        "down":  { "uv": [ 8.5, 8.75, 2.75, 7.25 ], "texture": "#hardened clay stained green" },
        "north": { "uv": [ 2.75, 7.75, 8.5, 8 ], "texture": "#hardened clay stained green" },
        "south": { "uv": [ 7.5, 7.75, 13.25, 8 ], "texture": "#hardened clay stained green" },
        "west":  { "uv": [ 7.25, 7.75, 8.75, 8 ], "texture": "#hardened clay stained green" },
        "east":  { "uv": [ 7.25, 7.75, 8.75, 8 ], "texture": "#hardened clay stained green" }
    }
},
{
    "from": [ 8.25, 7.75, 7.25 ],
    "to": [ 13.25, 8, 8.75 ],
    "faces": {
        "down":  { "uv": [ 7.75, 8.75, 2.75, 7.25 ], "texture": "#hardened clay stained green" },
        "north": { "uv": [ 2.75, 8, 7.75, 8.25 ], "texture": "#hardened clay stained green" },
        "south": { "uv": [ 8.25, 8, 13.25, 8.25 ], "texture": "#hardened clay stained green" },
        "west":  { "uv": [ 7.25, 8, 8.75, 8.25 ], "texture": "#hardened clay stained green" },
        "east":  { "uv": [ 7.25, 8, 8.75, 8.25 ], "texture": "#hardened clay stained green" }
    }
},
{
    "from": [ 0, 10.25, 7.25 ],
    "to": [ 10, 10.5, 8.75 ],
    "faces": {
        "up":    { "uv": [ 0, 7.25, 10, 8.75 ], "texture": "#hardened clay stained green" },
        "north": { "uv": [ 6, 5.5, 16, 5.75 ], "texture": "#hardened clay stained green" },
        "south": { "uv": [ 0, 5.5, 10, 5.75 ], "texture": "#hardened clay stained green" },
        "west":  { "uv": [ 7.25, 5.5, 8.75, 5.75 ], "texture": "#hardened clay stained green", "cullface": "west" },
        "east":  { "uv": [ 7.25, 5.5, 8.75, 5.75 ], "texture": "#hardened clay stained green" }
    }
},
{
    "from": [ 12.75, 10, 7.25 ],
    "to": [ 13.5, 10.5, 8.75 ],
    "faces": {
        "down":  { "uv": [ 3.25, 8.75, 2.5, 7.25 ], "texture": "#hardened clay stained green" },
        "up":    { "uv": [ 12.75, 7.25, 13.5, 8.75 ], "texture": "#hardened clay stained green" },
        "north": { "uv": [ 2.5, 5.5, 3.25, 6 ], "texture": "#hardened clay stained green" },
        "south": { "uv": [ 12.75, 5.5, 13.5, 6 ], "texture": "#hardened clay stained green" },
        "west":  { "uv": [ 7.25, 5.5, 8.75, 6 ], "texture": "#hardened clay stained green" },
        "east":  { "uv": [ 7.25, 5.5, 8.75, 6 ], "texture": "#hardened clay stained green" }
    }
},
{
    "from": [ 10, 10.25, 8.5 ],
    "to": [ 12.75, 10.5, 8.75 ],
    "faces": {
        "up":    { "uv": [ 10, 8.5, 12.75, 8.75 ], "texture": "#hardened clay stained green" },
        "north": { "uv": [ 3.25, 5.5, 6, 5.75 ], "texture": "#hardened clay stained green" },
        "south": { "uv": [ 10, 5.5, 12.75, 5.75 ], "texture": "#hardened clay stained green" }
    }
},
{
    "from": [ 7, 10.5, 7.5 ],
    "to": [ 10, 11, 8.5 ],
    "faces": {
        "up":    { "uv": [ 7, 7.5, 10, 8.5 ], "texture": "#anvil 1" },
        "north": { "uv": [ 6, 5, 9, 5.5 ], "texture": "#anvil 1" },
        "south": { "uv": [ 7, 5, 10, 5.5 ], "texture": "#anvil 1" },
        "west":  { "uv": [ 7.5, 5, 8.5, 5.5 ], "texture": "#anvil 1" },
        "east":  { "uv": [ 7.5, 5, 8.5, 5.5 ], "texture": "#anvil 1" }
    }
},
{
    "from": [ 10, 10.25, 7.75 ],
    "to": [ 12.75, 10.75, 8.25 ],
    "faces": {
        "up":    { "uv": [ 10, 7.75, 12.75, 8.25 ], "texture": "#door iron lower" },
        "north": { "uv": [ 3.25, 5.25, 6, 5.75 ], "texture": "#door iron lower" },
        "south": { "uv": [ 10, 5.25, 12.75, 5.75 ], "texture": "#door iron lower" },
        "west":  { "uv": [ 7.75, 5.25, 8.25, 5.75 ], "texture": "#door iron lower" }
    }
},
{
    "from": [ 14.75, 8.75, 7 ],
    "to": [ 24.5, 10, 9 ],
    "faces": {
        "down":  { "uv": [ 1.25, 9, 0, 7 ], "texture": "#hardened clay stained green", "cullface": "east" },
        "up":    { "uv": [ 14.75, 7, 16, 9 ], "texture": "#hardened clay stained green", "cullface": "east" },
        "north": { "uv": [ 0, 6, 1.25, 7.25 ], "texture": "#hardened clay stained green", "cullface": "east" },
        "south": { "uv": [ 14.75, 6, 16, 7.25 ], "texture": "#hardened clay stained green", "cullface": "east" },
        "west":  { "uv": [ 7, 6, 9, 7.25 ], "texture": "#hardened clay stained green", "cullface": "east" }
    }
},
{
    "from": [ 10, 10.5, 8 ],
    "to": [ 12.75, 11.25, 8.5 ],
    "faces": {
        "down":  { "uv": [ 6, 8.5, 3.25, 8 ], "texture": "#anvil 1" },
        "up":    { "uv": [ 10, 8, 12.75, 8.5 ], "texture": "#anvil 1" },
        "north": { "uv": [ 3.25, 4.75, 6, 5.5 ], "texture": "#anvil 1" },
        "south": { "uv": [ 10, 4.75, 12.75, 5.5 ], "texture": "#anvil 1" },
        "west":  { "uv": [ 8, 4.75, 8.5, 5.5 ], "texture": "#anvil 1" },
        "east":  { "uv": [ 7.5, 4.75, 8, 5.5 ], "texture": "#anvil 1" }
    }
},
{
    "from": [ 12.75, 10, 7.5 ],
    "to": [ 15, 11, 8.5 ],
    "faces": {
        "down":  { "uv": [ 3.25, 8.5, 1, 7.5 ], "texture": "#anvil 1" },
        "up":    { "uv": [ 12.75, 7.5, 15, 8.5 ], "texture": "#anvil 1" },
        "north": { "uv": [ 1, 5, 3.25, 6 ], "texture": "#anvil 1" },
        "south": { "uv": [ 12.75, 5, 15, 6 ], "texture": "#anvil 1" },
        "west":  { "uv": [ 7.5, 5, 8.5, 6 ], "texture": "#anvil 1" },
        "east":  { "uv": [ 7.5, 5, 8.5, 6 ], "texture": "#anvil 1" }
    }
},
{
    "from": [ 7.75, 11, 7.75 ],
    "to": [ 10, 11.25, 8.25 ],
    "faces": {
        "up":    { "uv": [ 7.75, 7.75, 10, 8.25 ], "texture": "#anvil 1" },
        "north": { "uv": [ 6, 4.75, 8.25, 5 ], "texture": "#anvil 1" },
        "south": { "uv": [ 7.75, 4.75, 10, 5 ], "texture": "#anvil 1" },
        "west":  { "uv": [ 7.75, 4.75, 8.25, 5 ], "texture": "#anvil 1" },
        "east":  { "uv": [ 7.75, 4.75, 8.25, 5 ], "texture": "#anvil 1" }
    }
},
{
    "from": [ 12.75, 11, 7.75 ],
    "to": [ 13.75, 11.25, 8.25 ],
    "faces": {
        "up":    { "uv": [ 12.75, 7.75, 13.75, 8.25 ], "texture": "#anvil 1" },
        "north": { "uv": [ 2.25, 4.75, 3.25, 5 ], "texture": "#anvil 1" },
        "south": { "uv": [ 12.75, 4.75, 13.75, 5 ], "texture": "#anvil 1" },
        "west":  { "uv": [ 7.75, 4.75, 8.25, 5 ], "texture": "#anvil 1" },
        "east":  { "uv": [ 7.75, 4.75, 8.25, 5 ], "texture": "#anvil 1" }
    }
},
{
    "from": [ 13.75, 9.75, 7.5 ],
    "to": [ 14.25, 10.75, 7.75 ],
    "rotation": { "origin": [ 13.75, 10.75, 7.5 ], "axis": "x", "angle": 45 },
    "faces": {
        "down":  { "uv": [ 3, 7, 2.5, 6.75 ], "texture": "#anvil 1" },
        "up":    { "uv": [ 13, 6.75, 13.5, 7 ], "texture": "#anvil 1" },
        "north": { "uv": [ 2.5, 5.25, 3, 7.75 ], "texture": "#anvil 1" },
        "south": { "uv": [ 13, 5.25, 13.5, 7.75 ], "texture": "#anvil 1" },
        "west":  { "uv": [ 6.75, 5.25, 7, 7.75 ], "texture": "#anvil 1" },
        "east":  { "uv": [ 9, 5.25, 9.25, 7.75 ], "texture": "#anvil 1" }
    }
},
{
    "from": [ 13.5, 8, 6 ],
    "to": [ 14.5, 9, 7 ],
    "faces": {
        "down":  { "uv": [ 2.5, 7, 1.5, 6 ], "texture": "#anvil 1" },
        "up":    { "uv": [ 13.5, 6, 14.5, 7 ], "texture": "#anvil 1" },
        "north": { "uv": [ 1.5, 7, 2.5, 8 ], "texture": "#anvil 1" },
        "south": { "uv": [ 13.5, 7, 14.5, 8 ], "texture": "#anvil 1" },
        "west":  { "uv": [ 6, 7, 7, 8 ], "texture": "#anvil 1" },
        "east":  { "uv": [ 9, 7, 10, 8 ], "texture": "#anvil 1" }
    }
},
{
    "from": [ 13.75, 8.25, 6.75 ],
    "to": [ 14.25, 10, 7 ],
    "rotation": { "origin": [ 13.75, 10, 6.75 ], "axis": "x", "angle": 22.5 },
    "faces": {
        "down":  { "uv": [ 8.5, 7.75, 7.5, 7.5 ], "texture": "#anvil 1" },
        "up":    { "uv": [ 7.5, 7.5, 8.5, 7.75 ], "texture": "#anvil 1" },
        "north": { "uv": [ 7.5, 0, 8.5, 1.75 ], "texture": "#anvil 1" },
        "south": { "uv": [ 7.5, 0, 8.5, 1.75 ], "texture": "#anvil 1" },
        "west":  { "uv": [ 7.5, 0, 7.75, 1.75 ], "texture": "#anvil 1" },
        "east":  { "uv": [ 8.25, 0, 8.5, 1.75 ], "texture": "#anvil 1" }
    }
},
{
    "from": [ 13, 7.25, 7.5 ],
    "to": [ 13.25, 7.75, 8.5 ],
    "faces": {
        "down":  { "uv": [ 3, 8.5, 2.75, 7.5 ], "texture": "#hardened clay stained green" },
        "north": { "uv": [ 2.75, 8.25, 3, 8.75 ], "texture": "#hardened clay stained green" },
        "south": { "uv": [ 13, 8.25, 13.25, 8.75 ], "texture": "#hardened clay stained green" },
        "west":  { "uv": [ 7.5, 8.25, 8.5, 8.75 ], "texture": "#hardened clay stained green" },
        "east":  { "uv": [ 7.5, 8.25, 8.5, 8.75 ], "texture": "#hardened clay stained green" }
    }
},
{
    "from": [ 13.25, 7.25, 7.5 ],
    "to": [ 13.5, 7.5, 8.5 ],
    "faces": {
        "up":    { "uv": [ 13.25, 7.5, 13.5, 8.5 ], "texture": "#hardened clay stained green" },
        "north": { "uv": [ 2.5, 8.5, 2.75, 8.75 ], "texture": "#hardened clay stained green" },
        "south": { "uv": [ 13.25, 8.5, 13.5, 8.75 ], "texture": "#hardened clay stained green" },
        "east":  { "uv": [ 7.5, 8.5, 8.5, 8.75 ], "texture": "#hardened clay stained green" }
    }
},
{
    "from": [ 13.25, 7, 7.5 ],
    "to": [ 15, 7.25, 8.5 ],
    "faces": {
        "down":  { "uv": [ 2.75, 8.5, 1, 7.5 ], "texture": "#hardened clay stained green" },
        "up":    { "uv": [ 13.25, 7.5, 15, 8.5 ], "texture": "#hardened clay stained green" },
        "north": { "uv": [ 1, 8.75, 2.75, 9 ], "texture": "#hardened clay stained green" },
        "south": { "uv": [ 13.25, 8.75, 15, 9 ], "texture": "#hardened clay stained green" },
        "west":  { "uv": [ 7.5, 8.75, 8.5, 9 ], "texture": "#hardened clay stained green" },
        "east":  { "uv": [ 7.5, 8.75, 8.5, 9 ], "texture": "#hardened clay stained green" }
    }
},
{
    "from": [ 14.75, 7.25, 7.5 ],
    "to": [ 15, 7.5, 8.5 ],
    "faces": {
        "up":    { "uv": [ 14.75, 7.5, 15, 8.5 ], "texture": "#hardened clay stained green" },
        "north": { "uv": [ 1, 8.5, 1.25, 8.75 ], "texture": "#hardened clay stained green" },
        "south": { "uv": [ 14.75, 8.5, 15, 8.75 ], "texture": "#hardened clay stained green" },
        "west":  { "uv": [ 7.5, 8.5, 8.5, 8.75 ], "texture": "#hardened clay stained green" }
    }
},
{
    "from": [ 15, 7.25, 7.5 ],
    "to": [ 15.25, 8.5, 8.5 ],
    "faces": {
        "down":  { "uv": [ 1, 8.5, 0.75, 7.5 ], "texture": "#hardened clay stained green" },
        "north": { "uv": [ 0.75, 7.5, 1, 8.75 ], "texture": "#hardened clay stained green" },
        "south": { "uv": [ 15, 7.5, 15.25, 8.75 ], "texture": "#hardened clay stained green" },
        "west":  { "uv": [ 7.5, 7.5, 8.5, 8.75 ], "texture": "#hardened clay stained green" }
    }
},
{
    "from": [ 15.25, 6.75, 7.5 ],
    "to": [ 16.5, 8.5, 8.5 ],
    "faces": {
        "down":  { "uv": [ 0.75, 8.5, 0, 7.5 ], "texture": "#hardened clay stained green", "cullface": "east" },
        "north": { "uv": [ 0, 7.5, 0.75, 9.25 ], "texture": "#hardened clay stained green", "cullface": "east" },
        "south": { "uv": [ 15.25, 7.5, 16, 9.25 ], "texture": "#hardened clay stained green", "cullface": "east" },
        "west":  { "uv": [ 7.5, 7.5, 8.5, 9.25 ], "texture": "#hardened clay stained green", "cullface": "east" },
        "east":  { "uv": [ 7.5, 7.5, 8.5, 9.25 ], "texture": "#hardened clay stained green", "cullface": "east" }
    }
},
{
    "from": [ 15.5, 4.75, 7.5 ],
    "to": [ 16.75, 6.75, 8.5 ],
    "faces": {
        "down":  { "uv": [ 0.5, 8.5, 0, 7.5 ], "texture": "#hardened clay stained green", "cullface": "east" },
        "up":    { "uv": [ 15.5, 7.5, 16, 8.5 ], "texture": "#hardened clay stained green", "cullface": "east" },
        "north": { "uv": [ 0, 9.25, 0.5, 11.25 ], "texture": "#hardened clay stained green", "cullface": "east" },
        "south": { "uv": [ 15.5, 9.25, 16, 11.25 ], "texture": "#hardened clay stained green", "cullface": "east" },
        "west":  { "uv": [ 7.5, 9.25, 8.5, 11.25 ], "texture": "#hardened clay stained green", "cullface": "east" },
        "east":  { "uv": [ 7.5, 9.25, 8.5, 11.25 ], "texture": "#hardened clay stained green", "cullface": "east" }
    }
},
{
    "from": [ 15.5, 6.75, 7.25 ],
    "to": [ 16.25, 8.5, 8.75 ],
    "faces": {
        "down":  { "uv": [ 0.5, 8.75, 0, 7.25 ], "texture": "#hardened clay stained green", "cullface": "east" },
        "north": { "uv": [ 0, 7.5, 0.5, 9.25 ], "texture": "#hardened clay stained green", "cullface": "east" },
        "south": { "uv": [ 15.5, 7.5, 16, 9.25 ], "texture": "#hardened clay stained green", "cullface": "east" },
        "west":  { "uv": [ 7.25, 7.5, 8.75, 9.25 ], "texture": "#hardened clay stained green", "cullface": "east" },
        "east":  { "uv": [ 7.25, 7.5, 8.75, 9.25 ], "texture": "#hardened clay stained green", "cullface": "east" }
    }
},
{
    "from": [ 15.75, 4.75, 7.25 ],
    "to": [ 16.75, 6.75, 8.75 ],
    "faces": {
        "down":  { "uv": [ 0.25, 8.75, 0, 7.25 ], "texture": "#hardened clay stained green", "cullface": "east" },
        "up":    { "uv": [ 15.75, 7.25, 16, 8.75 ], "texture": "#hardened clay stained green", "cullface": "east" },
        "north": { "uv": [ 0, 9.25, 0.25, 11.25 ], "texture": "#hardened clay stained green", "cullface": "east" },
        "south": { "uv": [ 15.75, 9.25, 16, 11.25 ], "texture": "#hardened clay stained green", "cullface": "east" },
        "west":  { "uv": [ 7.25, 9.25, 8.75, 11.25 ], "texture": "#hardened clay stained green", "cullface": "east" },
        "east":  { "uv": [ 7.25, 9.25, 8.75, 11.25 ], "texture": "#hardened clay stained green", "cullface": "east" }
    }
},
{
    "from": [ 13.25, 8.5, 7.25 ],
    "to": [ 16.5, 8.75, 8.75 ],
    "faces": {
        "down":  { "uv": [ 2.75, 8.75, 0, 7.25 ], "texture": "#hardened clay stained green", "cullface": "east" },
        "up":    { "uv": [ 13.25, 7.25, 16, 8.75 ], "texture": "#hardened clay stained green", "cullface": "east" },
        "north": { "uv": [ 0, 7.25, 2.75, 7.5 ], "texture": "#hardened clay stained green", "cullface": "east" },
        "south": { "uv": [ 13.25, 7.25, 16, 7.5 ], "texture": "#hardened clay stained green", "cullface": "east" },
        "east":  { "uv": [ 7.25, 7.25, 8.75, 7.5 ], "texture": "#hardened clay stained green", "cullface": "east" }
    }
},
{
    "from": [ 13.25, 8.25, 7.5 ],
    "to": [ 13.5, 8.5, 8.5 ],
    "faces": {
        "down":  { "uv": [ 2.75, 8.5, 2.5, 7.5 ], "texture": "#hardened clay stained green" },
        "north": { "uv": [ 2.5, 7.5, 2.75, 7.75 ], "texture": "#hardened clay stained green" },
        "south": { "uv": [ 13.25, 7.5, 13.5, 7.75 ], "texture": "#hardened clay stained green" },
        "east":  { "uv": [ 7.5, 7.5, 8.5, 7.75 ], "texture": "#hardened clay stained green" }
    }
},
{
    "from": [ 14.75, 8.25, 7.5 ],
    "to": [ 15, 8.5, 8.5 ],
    "faces": {
        "down":  { "uv": [ 1.25, 8.5, 1, 7.5 ], "texture": "#hardened clay stained green" },
        "north": { "uv": [ 1, 7.5, 1.25, 7.75 ], "texture": "#hardened clay stained green" },
        "south": { "uv": [ 14.75, 7.5, 15, 7.75 ], "texture": "#hardened clay stained green" },
        "west":  { "uv": [ 7.5, 7.5, 8.5, 7.75 ], "texture": "#hardened clay stained green" }
    }
},
{
    "from": [ 14.25, 7.5, 7.75 ],
    "to": [ 14.5, 8.75, 8.25 ],
    "rotation": { "origin": [ 14.25, 8.75, 7.75 ], "axis": "z", "angle": -22.5 },
    "faces": {
        "down":  { "uv": [ 8.5, 8.5, 8.25, 7.5 ], "texture": "#anvil 1" },
        "north": { "uv": [ 8.25, 0, 8.5, 1.25 ], "texture": "#anvil 1" },
        "south": { "uv": [ 7.5, 0, 7.75, 1.25 ], "texture": "#anvil 1" },
        "west":  { "uv": [ 7.5, 0, 8.5, 1.25 ], "texture": "#anvil 1" },
        "east":  { "uv": [ 7.5, 0, 8.5, 1.25 ], "texture": "#anvil 1" }
    }
},
{
    "from": [ 16.75, 5, 7.25 ],
    "to": [ 17.25, 6.5, 8.75 ],
    "faces": {
        "down":  { "uv": [ 0, 8.75, 0, 7.25 ], "texture": "#hardened clay stained green", "cullface": "east" },
        "up":    { "uv": [ 16, 7.25, 16, 8.75 ], "texture": "#hardened clay stained green", "cullface": "east" },
        "north": { "uv": [ 0, 9.5, 0, 11 ], "texture": "#hardened clay stained green", "cullface": "east" },
        "south": { "uv": [ 16, 9.5, 16, 11 ], "texture": "#hardened clay stained green", "cullface": "east" },
        "east":  { "uv": [ 7.25, 9.5, 8.75, 11 ], "texture": "#hardened clay stained green", "cullface": "east" }
    }
},
{
    "from": [ 17.25, 5, 7.25 ],
    "to": [ 17.75, 6.25, 8.75 ],
    "faces": {
        "down":  { "uv": [ 0, 8.75, 0, 7.25 ], "texture": "#hardened clay stained green", "cullface": "east" },
        "up":    { "uv": [ 16, 7.25, 16, 8.75 ], "texture": "#hardened clay stained green", "cullface": "east" },
        "north": { "uv": [ 0, 9.75, 0, 11 ], "texture": "#hardened clay stained green", "cullface": "east" },
        "south": { "uv": [ 16, 9.75, 16, 11 ], "texture": "#hardened clay stained green", "cullface": "east" },
        "east":  { "uv": [ 7.25, 9.75, 8.75, 11 ], "texture": "#hardened clay stained green", "cullface": "east" }
    }
},
{
    "from": [ 17.75, 5.25, 7.25 ],
    "to": [ 19.25, 6.25, 8.75 ],
    "faces": {
        "down":  { "uv": [ 0, 8.75, 0, 7.25 ], "texture": "#hardened clay stained green", "cullface": "east" },
        "up":    { "uv": [ 16, 7.25, 16, 8.75 ], "texture": "#hardened clay stained green", "cullface": "east" },
        "north": { "uv": [ 0, 9.75, 0, 10.75 ], "texture": "#hardened clay stained green", "cullface": "east" },
        "south": { "uv": [ 16, 9.75, 16, 10.75 ], "texture": "#hardened clay stained green", "cullface": "east" },
        "east":  { "uv": [ 7.25, 9.75, 8.75, 10.75 ], "texture": "#hardened clay stained green", "cullface": "east" }
    }
},
{
    "from": [ 16.25, 8, 7.25 ],
    "to": [ 16.75, 8.75, 8.75 ],
    "faces": {
        "down":  { "uv": [ 0, 8.75, 0, 7.25 ], "texture": "#hardened clay stained green", "cullface": "east" },
        "north": { "uv": [ 0, 7.25, 0, 8 ], "texture": "#hardened clay stained green", "cullface": "east" },
        "south": { "uv": [ 16, 7.25, 16, 8 ], "texture": "#hardened clay stained green", "cullface": "east" },
        "west":  { "uv": [ 7.25, 7.25, 8.75, 8 ], "texture": "#hardened clay stained green", "cullface": "east" },
        "east":  { "uv": [ 7.25, 7.25, 8.75, 8 ], "texture": "#hardened clay stained green", "cullface": "east" }
    }
},
{
    "from": [ 16.75, 8.5, 7 ],
    "to": [ 24.5, 8.75, 9 ],
    "faces": {
        "down":  { "uv": [ 0, 9, 0, 7 ], "texture": "#hardened clay stained green", "cullface": "east" },
        "north": { "uv": [ 0, 7.25, 0, 7.5 ], "texture": "#hardened clay stained green", "cullface": "east" },
        "south": { "uv": [ 16, 7.25, 16, 7.5 ], "texture": "#hardened clay stained green", "cullface": "east" },
        "west":  { "uv": [ 7, 7.25, 9, 7.5 ], "texture": "#hardened clay stained green", "cullface": "east" }
    }
},
{
    "from": [ 16.75, 8.25, 7.25 ],
    "to": [ 18.75, 8.5, 8.75 ],
    "faces": {
        "down":  { "uv": [ 0, 8.75, 0, 7.25 ], "texture": "#hardened clay stained green", "cullface": "east" },
        "north": { "uv": [ 0, 7.5, 0, 7.75 ], "texture": "#hardened clay stained green", "cullface": "east" },
        "south": { "uv": [ 16, 7.5, 16, 7.75 ], "texture": "#hardened clay stained green", "cullface": "east" }
    }
},
{
    "from": [ 18.25, 6.25, 7.25 ],
    "to": [ 18.75, 6.5, 8.75 ],
    "faces": {
        "up":    { "uv": [ 16, 7.25, 16, 8.75 ], "texture": "#hardened clay stained green", "cullface": "east" },
        "north": { "uv": [ 0, 9.5, 0, 9.75 ], "texture": "#hardened clay stained green", "cullface": "east" },
        "south": { "uv": [ 16, 9.5, 16, 9.75 ], "texture": "#hardened clay stained green", "cullface": "east" },
        "west":  { "uv": [ 7.25, 9.5, 8.75, 9.75 ], "texture": "#hardened clay stained green", "cullface": "east" }
    }
},
{
    "from": [ 18.75, 7.75, 7.25 ],
    "to": [ 19.25, 8.5, 8.75 ],
    "faces": {
        "down":  { "uv": [ 0, 8.75, 0, 7.25 ], "texture": "#hardened clay stained green", "cullface": "east" },
        "north": { "uv": [ 0, 7.5, 0, 8.25 ], "texture": "#hardened clay stained green", "cullface": "east" },
        "south": { "uv": [ 16, 7.5, 16, 8.25 ], "texture": "#hardened clay stained green", "cullface": "east" },
        "west":  { "uv": [ 7.25, 7.5, 8.75, 8.25 ], "texture": "#hardened clay stained green", "cullface": "east" }
    }
},
{
    "from": [ 19, 6.75, 7.25 ],
    "to": [ 19.25, 7.75, 8.75 ],
    "faces": {
        "north": { "uv": [ 0, 8.25, 0, 9.25 ], "texture": "#hardened clay stained green", "cullface": "east" },
        "south": { "uv": [ 16, 8.25, 16, 9.25 ], "texture": "#hardened clay stained green", "cullface": "east" },
        "west":  { "uv": [ 7.25, 8.25, 8.75, 9.25 ], "texture": "#hardened clay stained green", "cullface": "east" }
    }
},
{
    "from": [ 18.75, 6.25, 7.25 ],
    "to": [ 19.25, 6.75, 8.75 ],
    "faces": {
        "up":    { "uv": [ 16, 7.25, 16, 8.75 ], "texture": "#hardened clay stained green", "cullface": "east" },
        "north": { "uv": [ 0, 9.25, 0, 9.75 ], "texture": "#hardened clay stained green", "cullface": "east" },
        "south": { "uv": [ 16, 9.25, 16, 9.75 ], "texture": "#hardened clay stained green", "cullface": "east" },
        "west":  { "uv": [ 7.25, 9.25, 8.75, 9.75 ], "texture": "#hardened clay stained green", "cullface": "east" }
    }
},
{
    "from": [ 19.5, 8.25, 7 ],
    "to": [ 24.5, 8.5, 9 ],
    "faces": {
        "down":  { "uv": [ 0, 9, 0, 7 ], "texture": "#hardened clay stained green", "cullface": "east" },
        "north": { "uv": [ 0, 7.5, 0, 7.75 ], "texture": "#hardened clay stained green", "cullface": "east" },
        "south": { "uv": [ 16, 7.5, 16, 7.75 ], "texture": "#hardened clay stained green", "cullface": "east" },
        "west":  { "uv": [ 7, 7.5, 9, 7.75 ], "texture": "#hardened clay stained green", "cullface": "east" }
    }
},
{
    "from": [ 19.25, 6.25, 7.25 ],
    "to": [ 20, 8.5, 8.75 ],
    "faces": {
        "down":  { "uv": [ 0, 8.75, 0, 7.25 ], "texture": "#hardened clay stained green", "cullface": "east" },
        "north": { "uv": [ 0, 7.5, 0, 9.75 ], "texture": "#hardened clay stained green", "cullface": "east" },
        "south": { "uv": [ 16, 7.5, 16, 9.75 ], "texture": "#hardened clay stained green", "cullface": "east" },
        "west":  { "uv": [ 7.25, 7.5, 8.75, 9.75 ], "texture": "#hardened clay stained green", "cullface": "east" },
        "east":  { "uv": [ 7.25, 7.5, 8.75, 9.75 ], "texture": "#hardened clay stained green", "cullface": "east" }
    }
},
{
    "from": [ 20, 6.25, 7 ],
    "to": [ 24.5, 7.75, 9 ],
    "faces": {
        "down":  { "uv": [ 0, 9, 0, 7 ], "texture": "#hardened clay stained green", "cullface": "east" },
        "north": { "uv": [ 0, 8.25, 0, 9.75 ], "texture": "#hardened clay stained green", "cullface": "east" },
        "south": { "uv": [ 16, 8.25, 16, 9.75 ], "texture": "#hardened clay stained green", "cullface": "east" },
        "west":  { "uv": [ 7, 8.25, 9, 9.75 ], "texture": "#hardened clay stained green", "cullface": "east" }
    }
},
{
    "from": [ 19.75, 7.75, 7 ],
    "to": [ 24.5, 8.25, 9 ],
    "faces": {
        "down":  { "uv": [ 0, 9, 0, 7 ], "texture": "#hardened clay stained green", "cullface": "east" },
        "north": { "uv": [ 0, 7.75, 0, 8.25 ], "texture": "#hardened clay stained green", "cullface": "east" },
        "south": { "uv": [ 16, 7.75, 16, 8.25 ], "texture": "#hardened clay stained green", "cullface": "east" },
        "west":  { "uv": [ 7, 7.75, 9, 8.25 ], "texture": "#hardened clay stained green", "cullface": "east" }
    }
},
{
    "from": [ 19.25, 5.5, 7.25 ],
    "to": [ 19.75, 6.25, 8.75 ],
    "faces": {
        "down":  { "uv": [ 0, 8.75, 0, 7.25 ], "texture": "#hardened clay stained green", "cullface": "east" },
        "north": { "uv": [ 0, 9.75, 0, 10.5 ], "texture": "#hardened clay stained green", "cullface": "east" },
        "south": { "uv": [ 16, 9.75, 16, 10.5 ], "texture": "#hardened clay stained green", "cullface": "east" },
        "east":  { "uv": [ 7.25, 9.75, 8.75, 10.5 ], "texture": "#hardened clay stained green", "cullface": "east" }
    }
},
{
    "from": [ 22.75, 5.75, 7.25 ],
    "to": [ 24.5, 6.25, 8.75 ],
    "faces": {
        "down":  { "uv": [ 0, 8.75, 0, 7.25 ], "texture": "#hardened clay stained green", "cullface": "east" },
        "north": { "uv": [ 0, 9.75, 0, 10.25 ], "texture": "#hardened clay stained green", "cullface": "east" },
        "south": { "uv": [ 16, 9.75, 16, 10.25 ], "texture": "#hardened clay stained green", "cullface": "east" },
        "west":  { "uv": [ 7.25, 9.75, 8.75, 10.25 ], "texture": "#hardened clay stained green", "cullface": "east" }
    }
},
{
    "from": [ 24.5, 5.25, 7 ],
    "to": [ 25.5, 10.25, 9 ],
    "faces": {
        "down":  { "uv": [ 0, 9, 0, 7 ], "texture": "#anvil 1", "cullface": "east" },
        "up":    { "uv": [ 16, 7, 16, 9 ], "texture": "#anvil 1", "cullface": "east" },
        "north": { "uv": [ 0, 5.75, 0, 10.75 ], "texture": "#anvil 1", "cullface": "east" },
        "south": { "uv": [ 16, 5.75, 16, 10.75 ], "texture": "#anvil 1", "cullface": "east" },
        "west":  { "uv": [ 7, 5.75, 9, 10.75 ], "texture": "#anvil 1", "cullface": "east" }
    }
},
{
    "from": [ 20, 10, 7.5 ],
    "to": [ 24.25, 10.25, 8.5 ],
    "faces": {
        "up":    { "uv": [ 16, 7.5, 16, 8.5 ], "texture": "#anvil 1", "cullface": "east" },
        "north": { "uv": [ 0, 5.75, 0, 6 ], "texture": "#anvil 1", "cullface": "east" },
        "south": { "uv": [ 16, 5.75, 16, 6 ], "texture": "#anvil 1", "cullface": "east" },
        "west":  { "uv": [ 7.5, 5.75, 8.5, 6 ], "texture": "#anvil 1", "cullface": "east" },
        "east":  { "uv": [ 7.5, 5.75, 8.5, 6 ], "texture": "#anvil 1", "cullface": "east" }
    }
},
{
    "from": [ 25.5, 5, 7 ],
    "to": [ 26, 10.25, 9 ],
    "faces": {
        "down":  { "uv": [ 0, 9, 0, 7 ], "texture": "#anvil 1", "cullface": "east" },
        "up":    { "uv": [ 16, 7, 16, 9 ], "texture": "#anvil 1", "cullface": "east" },
        "north": { "uv": [ 0, 5.75, 0, 11 ], "texture": "#anvil 1", "cullface": "east" },
        "south": { "uv": [ 16, 5.75, 16, 11 ], "texture": "#anvil 1", "cullface": "east" },
        "west":  { "uv": [ 7, 5.75, 9, 11 ], "texture": "#anvil 1", "cullface": "east" },
        "east":  { "uv": [ 7, 5.75, 9, 11 ], "texture": "#anvil 1", "cullface": "east" }
    }
},
{
    "from": [ 9.25, 5.5, 7.5 ],
    "to": [ 9.75, 7.75, 8.5 ],
    "faces": {
        "down":  { "uv": [ 6.75, 8.5, 6.25, 7.5 ], "texture": "#anvil 1" },
        "north": { "uv": [ 6.25, 8.25, 6.75, 10.5 ], "texture": "#anvil 1" },
        "south": { "uv": [ 9.25, 8.25, 9.75, 10.5 ], "texture": "#anvil 1" },
        "west":  { "uv": [ 7.5, 8.25, 8.5, 10.5 ], "texture": "#anvil 1" },
        "east":  { "uv": [ 7.5, 8.25, 8.5, 10.5 ], "texture": "#anvil 1" }
    }
},
{
    "from": [ 9.75, 5.5, 7.75 ],
    "to": [ 10, 7.75, 8.25 ],
    "faces": {
        "down":  { "uv": [ 6.25, 8.25, 6, 7.75 ], "texture": "#anvil 1" },
        "north": { "uv": [ 6, 8.25, 6.25, 10.5 ], "texture": "#anvil 1" },
        "south": { "uv": [ 9.75, 8.25, 10, 10.5 ], "texture": "#anvil 1" }
    }
},
{
    "from": [ 10, 5.5, 7.5 ],
    "to": [ 12.5, 7.75, 8.5 ],
    "faces": {
        "down":  { "uv": [ 6, 8.5, 3.5, 7.5 ], "texture": "#anvil 1" },
        "north": { "uv": [ 3.5, 8.25, 6, 10.5 ], "texture": "#anvil 1" },
        "south": { "uv": [ 10, 8.25, 12.5, 10.5 ], "texture": "#anvil 1" },
        "west":  { "uv": [ 7.5, 8.25, 8.5, 10.5 ], "texture": "#anvil 1" },
        "east":  { "uv": [ 7.5, 8.25, 8.5, 10.5 ], "texture": "#anvil 1" }
    }
},
{
    "from": [ 12.5, 11.25, 7.75 ],
    "to": [ 13, 12.25, 8.25 ],
    "faces": {
        "down":  { "uv": [ 3.5, 8.25, 3, 7.75 ], "texture": "#texture" },
        "north": { "uv": [ 3, 3.75, 3.5, 4.75 ], "texture": "#texture" },
        "south": { "uv": [ 12.5, 3.75, 13, 4.75 ], "texture": "#texture" },
        "west":  { "uv": [ 7.75, 3.75, 8.25, 4.75 ], "texture": "#texture" },
        "east":  { "uv": [ 7.75, 3.75, 8.25, 4.75 ], "texture": "#texture" }
    }
},
{
    "from": [ 9, 11.25, 7.75 ],
    "to": [ 9.5, 12.25, 8.25 ],
    "faces": {
        "north": { "uv": [ 6.5, 3.75, 7, 4.75 ], "texture": "#texture" },
        "south": { "uv": [ 9, 3.75, 9.5, 4.75 ], "texture": "#texture" },
        "west":  { "uv": [ 7.75, 3.75, 8.25, 4.75 ], "texture": "#texture" },
        "east":  { "uv": [ 7.75, 3.75, 8.25, 4.75 ], "texture": "#texture" }
    }
},
{
    "from": [ 12.5, 13.5, 7.25 ],
    "to": [ 13, 13.75, 8.75 ],
    "faces": {
        "down":  { "uv": [ 3.5, 8.75, 3, 7.25 ], "texture": "#texture" },
        "up":    { "uv": [ 12.5, 7.25, 13, 8.75 ], "texture": "#texture" },
        "north": { "uv": [ 3, 2.25, 3.5, 2.5 ], "texture": "#texture" },
        "south": { "uv": [ 12.5, 2.25, 13, 2.5 ], "texture": "#texture" },
        "west":  { "uv": [ 7.25, 2.25, 8.75, 2.5 ], "texture": "#texture" },
        "east":  { "uv": [ 7.25, 2.25, 8.75, 2.5 ], "texture": "#texture" }
    }
},
{
    "from": [ 9, 13.5, 7.25 ],
    "to": [ 9.5, 13.75, 7.5 ],
    "faces": {
        "up":    { "uv": [ 9, 7.25, 9.5, 7.5 ], "texture": "#texture" },
        "north": { "uv": [ 6.5, 2.25, 7, 2.5 ], "texture": "#texture" },
        "west":  { "uv": [ 7.25, 2.25, 7.5, 2.5 ], "texture": "#texture" },
        "east":  { "uv": [ 8.5, 2.25, 8.75, 2.5 ], "texture": "#texture" }
    }
},
{
    "from": [ 8, 13.5, 7.5 ],
    "to": [ 13.75, 13.75, 8.5 ],
    "faces": {
        "down":  { "uv": [ 8, 8.5, 2.25, 7.5 ], "texture": "#texture" },
        "up":    { "uv": [ 8, 7.5, 13.75, 8.5 ], "texture": "#texture" },
        "north": { "uv": [ 2.25, 2.25, 8, 2.5 ], "texture": "#texture" },
        "south": { "uv": [ 8, 2.25, 13.75, 2.5 ], "texture": "#texture" }
    }
},
{
    "from": [ 7, 12.5, 7.25 ],
    "to": [ 14.5, 13.5, 7.5 ],
    "faces": {
        "down":  { "uv": [ 9, 7.5, 1.5, 7.25 ], "texture": "#texture" },
        "up":    { "uv": [ 7, 7.25, 14.5, 7.5 ], "texture": "#texture" },
        "north": { "uv": [ 1.5, 2.5, 9, 3.5 ], "texture": "#texture" },
        "south": { "uv": [ 7, 2.5, 14.5, 3.5 ], "texture": "#texture" },
        "west":  { "uv": [ 7.25, 2.5, 7.5, 3.5 ], "texture": "#texture" },
        "east":  { "uv": [ 8.5, 2.5, 8.75, 3.5 ], "texture": "#texture" }
    }
},
{
    "from": [ 8, 12.25, 7.5 ],
    "to": [ 13.75, 12.5, 8.5 ],
    "faces": {
        "down":  { "uv": [ 8, 8.5, 2.25, 7.5 ], "texture": "#texture" },
        "up":    { "uv": [ 8, 7.5, 13.75, 8.5 ], "texture": "#texture" },
        "north": { "uv": [ 2.25, 3.5, 8, 3.75 ], "texture": "#texture" },
        "south": { "uv": [ 8, 3.5, 13.75, 3.75 ], "texture": "#texture" }
    }
},
{
    "from": [ 7, 12.5, 8.5 ],
    "to": [ 14.5, 13.5, 8.75 ],
    "faces": {
        "down":  { "uv": [ 9, 8.75, 1.5, 8.5 ], "texture": "#texture" },
        "up":    { "uv": [ 7, 8.5, 14.5, 8.75 ], "texture": "#texture" },
        "north": { "uv": [ 1.5, 2.5, 9, 3.5 ], "texture": "#texture" },
        "south": { "uv": [ 7, 2.5, 14.5, 3.5 ], "texture": "#texture" },
        "west":  { "uv": [ 8.5, 2.5, 8.75, 3.5 ], "texture": "#texture" },
        "east":  { "uv": [ 7.25, 2.5, 7.5, 3.5 ], "texture": "#texture" }
    }
},
{
    "from": [ 7, 13.5, 7.25 ],
    "to": [ 8, 13.75, 8.75 ],
    "faces": {
        "down":  { "uv": [ 9, 8.75, 8, 7.25 ], "texture": "#texture" },
        "up":    { "uv": [ 7, 7.25, 8, 8.75 ], "texture": "#texture" },
        "north": { "uv": [ 8, 2.25, 9, 2.5 ], "texture": "#texture" },
        "south": { "uv": [ 7, 2.25, 8, 2.5 ], "texture": "#texture" },
        "west":  { "uv": [ 7.25, 2.25, 8.75, 2.5 ], "texture": "#texture" },
        "east":  { "uv": [ 7.25, 2.25, 8.75, 2.5 ], "texture": "#texture" }
    }
},
{
    "from": [ 9, 13.5, 8.5 ],
    "to": [ 9.5, 13.75, 8.75 ],
    "faces": {
        "up":    { "uv": [ 9, 8.5, 9.5, 8.75 ], "texture": "#texture" },
        "south": { "uv": [ 9, 2.25, 9.5, 2.5 ], "texture": "#texture" },
        "west":  { "uv": [ 8.5, 2.25, 8.75, 2.5 ], "texture": "#texture" },
        "east":  { "uv": [ 7.25, 2.25, 7.5, 2.5 ], "texture": "#texture" }
    }
},
{
    "from": [ 12.5, 12.25, 7.25 ],
    "to": [ 13, 12.5, 8.75 ],
    "faces": {
        "down":  { "uv": [ 3.5, 8.75, 3, 7.25 ], "texture": "#texture" },
        "up":    { "uv": [ 12.5, 7.25, 13, 8.75 ], "texture": "#texture" },
        "north": { "uv": [ 3, 3.5, 3.5, 3.75 ], "texture": "#texture" },
        "south": { "uv": [ 12.5, 3.5, 13, 3.75 ], "texture": "#texture" },
        "west":  { "uv": [ 7.25, 3.5, 8.75, 3.75 ], "texture": "#texture" },
        "east":  { "uv": [ 7.25, 3.5, 8.75, 3.75 ], "texture": "#texture" }
    }
},
{
    "from": [ 9, 12.25, 7.25 ],
    "to": [ 9.5, 12.5, 7.5 ],
    "faces": {
        "down":  { "uv": [ 7, 7.5, 6.5, 7.25 ], "texture": "#texture" },
        "north": { "uv": [ 6.5, 3.5, 7, 3.75 ], "texture": "#texture" },
        "west":  { "uv": [ 7.25, 3.5, 7.5, 3.75 ], "texture": "#texture" },
        "east":  { "uv": [ 8.5, 3.5, 8.75, 3.75 ], "texture": "#texture" }
    }
},
{
    "from": [ 7, 12.25, 7.25 ],
    "to": [ 8, 12.5, 8.75 ],
    "faces": {
        "down":  { "uv": [ 9, 8.75, 8, 7.25 ], "texture": "#texture" },
        "up":    { "uv": [ 7, 7.25, 8, 8.75 ], "texture": "#texture" },
        "north": { "uv": [ 8, 3.5, 9, 3.75 ], "texture": "#texture" },
        "south": { "uv": [ 7, 3.5, 8, 3.75 ], "texture": "#texture" },
        "west":  { "uv": [ 7.25, 3.5, 8.75, 3.75 ], "texture": "#texture" },
        "east":  { "uv": [ 7.25, 3.5, 8.75, 3.75 ], "texture": "#texture" }
    }
},
{
    "from": [ 6.25, 13.75, 7.5 ],
    "to": [ 7, 14, 8.5 ],
    "faces": {
        "down":  { "uv": [ 9.75, 8.5, 9, 7.5 ], "texture": "#texture" },
        "up":    { "uv": [ 6.25, 7.5, 7, 8.5 ], "texture": "#texture" },
        "north": { "uv": [ 9, 2, 9.75, 2.25 ], "texture": "#texture" },
        "south": { "uv": [ 6.25, 2, 7, 2.25 ], "texture": "#texture" },
        "west":  { "uv": [ 7.5, 2, 8.5, 2.25 ], "texture": "#texture" },
        "east":  { "uv": [ 7.5, 2, 8.5, 2.25 ], "texture": "#texture" }
    }
},
{
    "from": [ 6.25, 12, 7.5 ],
    "to": [ 7, 12.25, 8.5 ],
    "faces": {
        "down":  { "uv": [ 9.75, 8.5, 9, 7.5 ], "texture": "#texture" },
        "up":    { "uv": [ 6.25, 7.5, 7, 8.5 ], "texture": "#texture" },
        "north": { "uv": [ 9, 3.75, 9.75, 4 ], "texture": "#texture" },
        "south": { "uv": [ 6.25, 3.75, 7, 4 ], "texture": "#texture" },
        "west":  { "uv": [ 7.5, 3.75, 8.5, 4 ], "texture": "#texture" },
        "east":  { "uv": [ 7.5, 3.75, 8.5, 4 ], "texture": "#texture" }
    }
},
{
    "from": [ 6.25, 12.5, 8.75 ],
    "to": [ 7, 13.5, 9 ],
    "faces": {
        "down":  { "uv": [ 9.75, 9, 9, 8.75 ], "texture": "#texture" },
        "up":    { "uv": [ 6.25, 8.75, 7, 9 ], "texture": "#texture" },
        "north": { "uv": [ 9, 2.5, 9.75, 3.5 ], "texture": "#texture" },
        "south": { "uv": [ 6.25, 2.5, 7, 3.5 ], "texture": "#texture" },
        "west":  { "uv": [ 8.75, 2.5, 9, 3.5 ], "texture": "#texture" },
        "east":  { "uv": [ 7, 2.5, 7.25, 3.5 ], "texture": "#texture" }
    }
},
{
    "from": [ 6.25, 12.5, 7 ],
    "to": [ 7, 13.5, 7.25 ],
    "faces": {
        "down":  { "uv": [ 9.75, 7.25, 9, 7 ], "texture": "#texture" },
        "up":    { "uv": [ 6.25, 7, 7, 7.25 ], "texture": "#texture" },
        "north": { "uv": [ 9, 2.5, 9.75, 3.5 ], "texture": "#texture" },
        "south": { "uv": [ 6.25, 2.5, 7, 3.5 ], "texture": "#texture" },
        "west":  { "uv": [ 7, 2.5, 7.25, 3.5 ], "texture": "#texture" },
        "east":  { "uv": [ 8.75, 2.5, 9, 3.5 ], "texture": "#texture" }
    }
},
{
    "from": [ 6.25, 13.5, 8.25 ],
    "to": [ 7, 13.75, 8.75 ],
    "faces": {
        "down":  { "uv": [ 9.75, 8.75, 9, 8.25 ], "texture": "#texture" },
        "up":    { "uv": [ 6.25, 8.25, 7, 8.75 ], "texture": "#texture" },
        "north": { "uv": [ 9, 2.25, 9.75, 2.5 ], "texture": "#texture" },
        "south": { "uv": [ 6.25, 2.25, 7, 2.5 ], "texture": "#texture" },
        "west":  { "uv": [ 8.25, 2.25, 8.75, 2.5 ], "texture": "#texture" }
    }
},
{
    "from": [ 6.25, 13.25, 8.5 ],
    "to": [ 7, 13.5, 8.75 ],
    "faces": {
        "down":  { "uv": [ 9.75, 8.75, 9, 8.5 ], "texture": "#texture" },
        "north": { "uv": [ 9, 2.5, 9.75, 2.75 ], "texture": "#texture" },
        "west":  { "uv": [ 8.5, 2.5, 8.75, 2.75 ], "texture": "#texture" }
    }
},
{
    "from": [ 6.25, 13.5, 7.25 ],
    "to": [ 7, 13.75, 7.75 ],
    "faces": {
        "down":  { "uv": [ 9.75, 7.75, 9, 7.25 ], "texture": "#texture" },
        "up":    { "uv": [ 6.25, 7.25, 7, 7.75 ], "texture": "#texture" },
        "north": { "uv": [ 9, 2.25, 9.75, 2.5 ], "texture": "#texture" },
        "south": { "uv": [ 6.25, 2.25, 7, 2.5 ], "texture": "#texture" },
        "west":  { "uv": [ 7.25, 2.25, 7.75, 2.5 ], "texture": "#texture" }
    }
},
{
    "from": [ 6.25, 13.25, 7.25 ],
    "to": [ 7, 13.5, 7.5 ],
    "faces": {
        "down":  { "uv": [ 9.75, 7.5, 9, 7.25 ], "texture": "#texture" },
        "south": { "uv": [ 6.25, 2.5, 7, 2.75 ], "texture": "#texture" },
        "west":  { "uv": [ 7.25, 2.5, 7.5, 2.75 ], "texture": "#texture" }
    }
},
{
    "from": [ 6.25, 12.25, 8.25 ],
    "to": [ 7, 12.5, 8.75 ],
    "faces": {
        "down":  { "uv": [ 9.75, 8.75, 9, 8.25 ], "texture": "#texture" },
        "up":    { "uv": [ 6.25, 8.25, 7, 8.75 ], "texture": "#texture" },
        "north": { "uv": [ 9, 3.5, 9.75, 3.75 ], "texture": "#texture" },
        "south": { "uv": [ 6.25, 3.5, 7, 3.75 ], "texture": "#texture" },
        "west":  { "uv": [ 8.25, 3.5, 8.75, 3.75 ], "texture": "#texture" }
    }
},
{
    "from": [ 6.25, 12.25, 7.25 ],
    "to": [ 7, 12.5, 7.75 ],
    "faces": {
        "down":  { "uv": [ 9.75, 7.75, 9, 7.25 ], "texture": "#texture" },
        "up":    { "uv": [ 6.25, 7.25, 7, 7.75 ], "texture": "#texture" },
        "north": { "uv": [ 9, 3.5, 9.75, 3.75 ], "texture": "#texture" },
        "south": { "uv": [ 6.25, 3.5, 7, 3.75 ], "texture": "#texture" },
        "west":  { "uv": [ 7.25, 3.5, 7.75, 3.75 ], "texture": "#texture" }
    }
},
{
    "from": [ 6.25, 12.5, 7.25 ],
    "to": [ 7, 12.75, 7.5 ],
    "faces": {
        "up":    { "uv": [ 6.25, 7.25, 7, 7.5 ], "texture": "#texture" },
        "south": { "uv": [ 6.25, 3.25, 7, 3.5 ], "texture": "#texture" },
        "west":  { "uv": [ 7.25, 3.25, 7.5, 3.5 ], "texture": "#texture" }
    }
},
{
    "from": [ 6.25, 12.5, 8.5 ],
    "to": [ 7, 12.75, 8.75 ],
    "faces": {
        "up":    { "uv": [ 6.25, 8.5, 7, 8.75 ], "texture": "#texture" },
        "north": { "uv": [ 9, 3.25, 9.75, 3.5 ], "texture": "#texture" },
        "west":  { "uv": [ 8.5, 3.25, 8.75, 3.5 ], "texture": "#texture" }
    }
},
{
    "from": [ 4.5, 14, 7.5 ],
    "to": [ 6.25, 14.25, 8.5 ],
    "faces": {
        "down":  { "uv": [ 11.5, 8.5, 9.75, 7.5 ], "texture": "#texture" },
        "up":    { "uv": [ 4.5, 7.5, 6.25, 8.5 ], "texture": "#texture" },
        "north": { "uv": [ 9.75, 1.75, 11.5, 2 ], "texture": "#texture" },
        "south": { "uv": [ 4.5, 1.75, 6.25, 2 ], "texture": "#texture" },
        "west":  { "uv": [ 7.5, 1.75, 8.5, 2 ], "texture": "#texture" },
        "east":  { "uv": [ 7.5, 1.75, 8.5, 2 ], "texture": "#texture" }
    }
},
{
    "from": [ 4.5, 13.75, 8.25 ],
    "to": [ 6.25, 14, 8.75 ],
    "faces": {
        "down":  { "uv": [ 11.5, 8.75, 9.75, 8.25 ], "texture": "#texture" },
        "up":    { "uv": [ 4.5, 8.25, 6.25, 8.75 ], "texture": "#texture" },
        "north": { "uv": [ 9.75, 2, 11.5, 2.25 ], "texture": "#texture" },
        "south": { "uv": [ 4.5, 2, 6.25, 2.25 ], "texture": "#texture" },
        "west":  { "uv": [ 8.25, 2, 8.75, 2.25 ], "texture": "#texture" },
        "east":  { "uv": [ 7.25, 2, 7.75, 2.25 ], "texture": "#texture" }
    }
},
{
    "from": [ 4.5, 13.25, 8.75 ],
    "to": [ 6.25, 13.75, 9 ],
    "faces": {
        "down":  { "uv": [ 11.5, 9, 9.75, 8.75 ], "texture": "#texture" },
        "up":    { "uv": [ 4.5, 8.75, 6.25, 9 ], "texture": "#texture" },
        "north": { "uv": [ 9.75, 2.25, 11.5, 2.75 ], "texture": "#texture" },
        "south": { "uv": [ 4.5, 2.25, 6.25, 2.75 ], "texture": "#texture" },
        "west":  { "uv": [ 8.75, 2.25, 9, 2.75 ], "texture": "#texture" },
        "east":  { "uv": [ 7, 2.25, 7.25, 2.75 ], "texture": "#texture" }
    }
},
{
    "from": [ 4.5, 12.5, 9 ],
    "to": [ 6.25, 13.5, 9.25 ],
    "faces": {
        "down":  { "uv": [ 11.5, 9.25, 9.75, 9 ], "texture": "#texture" },
        "up":    { "uv": [ 4.5, 9, 6.25, 9.25 ], "texture": "#texture" },
        "north": { "uv": [ 9.75, 2.5, 11.5, 3.5 ], "texture": "#texture" },
        "south": { "uv": [ 4.5, 2.5, 6.25, 3.5 ], "texture": "#texture" },
        "west":  { "uv": [ 9, 2.5, 9.25, 3.5 ], "texture": "#texture" },
        "east":  { "uv": [ 6.75, 2.5, 7, 3.5 ], "texture": "#texture" }
    }
},
{
    "from": [ 4.5, 12.25, 8.75 ],
    "to": [ 6.25, 12.75, 9 ],
    "faces": {
        "down":  { "uv": [ 11.5, 9, 9.75, 8.75 ], "texture": "#texture" },
        "up":    { "uv": [ 4.5, 8.75, 6.25, 9 ], "texture": "#texture" },
        "north": { "uv": [ 9.75, 3.25, 11.5, 3.75 ], "texture": "#texture" },
        "south": { "uv": [ 4.5, 3.25, 6.25, 3.75 ], "texture": "#texture" },
        "west":  { "uv": [ 8.75, 3.25, 9, 3.75 ], "texture": "#texture" },
        "east":  { "uv": [ 7, 3.25, 7.25, 3.75 ], "texture": "#texture" }
    }
},
{
    "from": [ 4.5, 12, 8.25 ],
    "to": [ 6.25, 12.25, 8.75 ],
    "faces": {
        "down":  { "uv": [ 11.5, 8.75, 9.75, 8.25 ], "texture": "#texture" },
        "up":    { "uv": [ 4.5, 8.25, 6.25, 8.75 ], "texture": "#texture" },
        "north": { "uv": [ 9.75, 3.75, 11.5, 4 ], "texture": "#texture" },
        "south": { "uv": [ 4.5, 3.75, 6.25, 4 ], "texture": "#texture" },
        "west":  { "uv": [ 8.25, 3.75, 8.75, 4 ], "texture": "#texture" },
        "east":  { "uv": [ 7.25, 3.75, 7.75, 4 ], "texture": "#texture" }
    }
},
{
    "from": [ 4.5, 11.75, 7.5 ],
    "to": [ 6.25, 12, 8.5 ],
    "faces": {
        "down":  { "uv": [ 11.5, 8.5, 9.75, 7.5 ], "texture": "#texture" },
        "up":    { "uv": [ 4.5, 7.5, 6.25, 8.5 ], "texture": "#texture" },
        "north": { "uv": [ 9.75, 4, 11.5, 4.25 ], "texture": "#texture" },
        "south": { "uv": [ 4.5, 4, 6.25, 4.25 ], "texture": "#texture" },
        "west":  { "uv": [ 7.5, 4, 8.5, 4.25 ], "texture": "#texture" },
        "east":  { "uv": [ 7.5, 4, 8.5, 4.25 ], "texture": "#texture" }
    }
},
{
    "from": [ 4.5, 12, 7.25 ],
    "to": [ 6.25, 12.25, 7.75 ],
    "faces": {
        "down":  { "uv": [ 11.5, 7.75, 9.75, 7.25 ], "texture": "#texture" },
        "up":    { "uv": [ 4.5, 7.25, 6.25, 7.75 ], "texture": "#texture" },
        "north": { "uv": [ 9.75, 3.75, 11.5, 4 ], "texture": "#texture" },
        "south": { "uv": [ 4.5, 3.75, 6.25, 4 ], "texture": "#texture" },
        "west":  { "uv": [ 7.25, 3.75, 7.75, 4 ], "texture": "#texture" },
        "east":  { "uv": [ 8.25, 3.75, 8.75, 4 ], "texture": "#texture" }
    }
},
{
    "from": [ 4.5, 12.25, 7 ],
    "to": [ 6.25, 12.75, 7.25 ],
    "faces": {
        "down":  { "uv": [ 11.5, 7.25, 9.75, 7 ], "texture": "#texture" },
        "up":    { "uv": [ 4.5, 7, 6.25, 7.25 ], "texture": "#texture" },
        "north": { "uv": [ 9.75, 3.25, 11.5, 3.75 ], "texture": "#texture" },
        "south": { "uv": [ 4.5, 3.25, 6.25, 3.75 ], "texture": "#texture" },
        "west":  { "uv": [ 7, 3.25, 7.25, 3.75 ], "texture": "#texture" },
        "east":  { "uv": [ 8.75, 3.25, 9, 3.75 ], "texture": "#texture" }
    }
},
{
    "from": [ 4.5, 12.5, 6.75 ],
    "to": [ 6.25, 13.5, 7 ],
    "faces": {
        "down":  { "uv": [ 11.5, 7, 9.75, 6.75 ], "texture": "#texture" },
        "up":    { "uv": [ 4.5, 6.75, 6.25, 7 ], "texture": "#texture" },
        "north": { "uv": [ 9.75, 2.5, 11.5, 3.5 ], "texture": "#texture" },
        "south": { "uv": [ 4.5, 2.5, 6.25, 3.5 ], "texture": "#texture" },
        "west":  { "uv": [ 6.75, 2.5, 7, 3.5 ], "texture": "#texture" },
        "east":  { "uv": [ 9, 2.5, 9.25, 3.5 ], "texture": "#texture" }
    }
},
{
    "from": [ 4.5, 13.25, 7 ],
    "to": [ 6.25, 13.75, 7.25 ],
    "faces": {
        "down":  { "uv": [ 11.5, 7.25, 9.75, 7 ], "texture": "#texture" },
        "up":    { "uv": [ 4.5, 7, 6.25, 7.25 ], "texture": "#texture" },
        "north": { "uv": [ 9.75, 2.25, 11.5, 2.75 ], "texture": "#texture" },
        "south": { "uv": [ 4.5, 2.25, 6.25, 2.75 ], "texture": "#texture" },
        "west":  { "uv": [ 7, 2.25, 7.25, 2.75 ], "texture": "#texture" },
        "east":  { "uv": [ 8.75, 2.25, 9, 2.75 ], "texture": "#texture" }
    }
},
{
    "from": [ 4.5, 13.75, 7.25 ],
    "to": [ 6.25, 14, 7.75 ],
    "faces": {
        "down":  { "uv": [ 11.5, 7.75, 9.75, 7.25 ], "texture": "#texture" },
        "up":    { "uv": [ 4.5, 7.25, 6.25, 7.75 ], "texture": "#texture" },
        "north": { "uv": [ 9.75, 2, 11.5, 2.25 ], "texture": "#texture" },
        "south": { "uv": [ 4.5, 2, 6.25, 2.25 ], "texture": "#texture" },
        "west":  { "uv": [ 7.25, 2, 7.75, 2.25 ], "texture": "#texture" },
        "east":  { "uv": [ 8.25, 2, 8.75, 2.25 ], "texture": "#texture" }
    }
},
{
    "from": [ 4.75, 12.25, 7.25 ],
    "to": [ 5.75, 13.75, 8.75 ],
    "faces": {
        "down":  { "uv": [ 7.25, 2.75, 7.75, 2.25 ], "texture": "#glass black" },
        "up":    { "uv": [ 7.25, 2.25, 7.75, 2.75 ], "texture": "#glass black" },
        "north": { "uv": [ 7.25, 2.25, 7.75, 2.75 ], "texture": "#glass black" },
        "south": { "uv": [ 7.25, 2.75, 7.75, 2.25 ], "texture": "#glass black" },
        "west":  { "uv": [ 7.25, 2.25, 7.75, 2.75 ], "texture": "#glass black" },
        "east":  { "uv": [ 7.75, 2.25, 7.25, 2.75 ], "texture": "#glass black" }
    }
},
{
    "from": [ 4.75, 12, 7.75 ],
    "to": [ 5.5, 14, 8.25 ],
    "faces": {
        "north": { "uv": [ 7.5, 2, 8, 2.5 ], "texture": "#glass black" },
        "south": { "uv": [ 7.5, 2.5, 8, 2 ], "texture": "#glass black" },
        "west":  { "uv": [ 7.5, 2, 8, 2.5 ], "texture": "#glass black" },
        "east":  { "uv": [ 8, 2, 7.5, 2.5 ], "texture": "#glass black" }
    }
},
{
    "from": [ 4.75, 12.75, 7 ],
    "to": [ 5.5, 13.25, 9 ],
    "faces": {
        "down":  { "uv": [ 7, 3, 7.5, 2.5 ], "texture": "#glass black" },
        "up":    { "uv": [ 7, 2.5, 7.5, 3 ], "texture": "#glass black" },
        "west":  { "uv": [ 7, 2.5, 7.5, 3 ], "texture": "#glass black" },
        "east":  { "uv": [ 7.5, 2.5, 7, 3 ], "texture": "#glass black" }
    }
},
{
    "from": [ 13.75, 13.5, 7.5 ],
    "to": [ 14.5, 13.75, 8.5 ],
    "faces": {
        "down":  { "uv": [ 2.25, 8.5, 1.5, 7.5 ], "texture": "#texture" },
        "up":    { "uv": [ 13.75, 7.5, 14.5, 8.5 ], "texture": "#texture" },
        "north": { "uv": [ 1.5, 2.25, 2.25, 2.5 ], "texture": "#texture" },
        "south": { "uv": [ 13.75, 2.25, 14.5, 2.5 ], "texture": "#texture" },
        "east":  { "uv": [ 7.5, 2.25, 8.5, 2.5 ], "texture": "#texture" }
    }
},
{
    "from": [ 13.75, 12.25, 7.5 ],
    "to": [ 14.5, 12.5, 8.5 ],
    "faces": {
        "down":  { "uv": [ 2.25, 8.5, 1.5, 7.5 ], "texture": "#texture" },
        "up":    { "uv": [ 13.75, 7.5, 14.5, 8.5 ], "texture": "#texture" },
        "north": { "uv": [ 1.5, 3.5, 2.25, 3.75 ], "texture": "#texture" },
        "south": { "uv": [ 13.75, 3.5, 14.5, 3.75 ], "texture": "#texture" },
        "east":  { "uv": [ 7.5, 3.5, 8.5, 3.75 ], "texture": "#texture" }
    }
},
{
    "from": [ 14.5, 13.75, 7.5 ],
    "to": [ 16, 14, 8.5 ],
    "faces": {
        "down":  { "uv": [ 1.5, 8.5, 0, 7.5 ], "texture": "#texture" },
        "up":    { "uv": [ 14.5, 7.5, 16, 8.5 ], "texture": "#texture" },
        "north": { "uv": [ 0, 2, 1.5, 2.25 ], "texture": "#texture" },
        "south": { "uv": [ 14.5, 2, 16, 2.25 ], "texture": "#texture" },
        "west":  { "uv": [ 7.5, 2, 8.5, 2.25 ], "texture": "#texture" },
        "east":  { "uv": [ 7.5, 2, 8.5, 2.25 ], "texture": "#texture", "cullface": "east" }
    }
},
{
    "from": [ 14.5, 13.5, 7.25 ],
    "to": [ 16, 13.75, 7.75 ],
    "faces": {
        "down":  { "uv": [ 1.5, 7.75, 0, 7.25 ], "texture": "#texture" },
        "up":    { "uv": [ 14.5, 7.25, 16, 7.75 ], "texture": "#texture" },
        "north": { "uv": [ 0, 2.25, 1.5, 2.5 ], "texture": "#texture" },
        "south": { "uv": [ 14.5, 2.25, 16, 2.5 ], "texture": "#texture" },
        "west":  { "uv": [ 7.25, 2.25, 7.75, 2.5 ], "texture": "#texture" },
        "east":  { "uv": [ 8.25, 2.25, 8.75, 2.5 ], "texture": "#texture", "cullface": "east" }
    }
},
{
    "from": [ 14.5, 13.5, 8.25 ],
    "to": [ 16, 13.75, 8.75 ],
    "faces": {
        "down":  { "uv": [ 1.5, 8.75, 0, 8.25 ], "texture": "#texture" },
        "up":    { "uv": [ 14.5, 8.25, 16, 8.75 ], "texture": "#texture" },
        "north": { "uv": [ 0, 2.25, 1.5, 2.5 ], "texture": "#texture" },
        "south": { "uv": [ 14.5, 2.25, 16, 2.5 ], "texture": "#texture" },
        "west":  { "uv": [ 8.25, 2.25, 8.75, 2.5 ], "texture": "#texture" },
        "east":  { "uv": [ 7.25, 2.25, 7.75, 2.5 ], "texture": "#texture", "cullface": "east" }
    }
},
{
    "from": [ 14.5, 12.5, 8.75 ],
    "to": [ 16, 13.5, 9 ],
    "faces": {
        "down":  { "uv": [ 1.5, 9, 0, 8.75 ], "texture": "#texture" },
        "up":    { "uv": [ 14.5, 8.75, 16, 9 ], "texture": "#texture" },
        "north": { "uv": [ 0, 2.5, 1.5, 3.5 ], "texture": "#texture" },
        "south": { "uv": [ 14.5, 2.5, 16, 3.5 ], "texture": "#texture" },
        "west":  { "uv": [ 8.75, 2.5, 9, 3.5 ], "texture": "#texture" },
        "east":  { "uv": [ 7, 2.5, 7.25, 3.5 ], "texture": "#texture", "cullface": "east" }
    }
},
{
    "from": [ 14.5, 12.5, 7 ],
    "to": [ 16, 13.5, 7.25 ],
    "faces": {
        "down":  { "uv": [ 1.5, 7.25, 0, 7 ], "texture": "#texture" },
        "up":    { "uv": [ 14.5, 7, 16, 7.25 ], "texture": "#texture" },
        "north": { "uv": [ 0, 2.5, 1.5, 3.5 ], "texture": "#texture" },
        "south": { "uv": [ 14.5, 2.5, 16, 3.5 ], "texture": "#texture" },
        "west":  { "uv": [ 7, 2.5, 7.25, 3.5 ], "texture": "#texture" },
        "east":  { "uv": [ 8.75, 2.5, 9, 3.5 ], "texture": "#texture", "cullface": "east" }
    }
},
{
    "from": [ 14.5, 12, 7.5 ],
    "to": [ 16, 12.25, 8.5 ],
    "faces": {
        "down":  { "uv": [ 1.5, 8.5, 0, 7.5 ], "texture": "#texture" },
        "up":    { "uv": [ 14.5, 7.5, 16, 8.5 ], "texture": "#texture" },
        "north": { "uv": [ 0, 3.75, 1.5, 4 ], "texture": "#texture" },
        "south": { "uv": [ 14.5, 3.75, 16, 4 ], "texture": "#texture" },
        "west":  { "uv": [ 7.5, 3.75, 8.5, 4 ], "texture": "#texture" },
        "east":  { "uv": [ 7.5, 3.75, 8.5, 4 ], "texture": "#texture", "cullface": "east" }
    }
},
{
    "from": [ 14.5, 12.25, 8.25 ],
    "to": [ 16, 12.5, 8.75 ],
    "faces": {
        "down":  { "uv": [ 1.5, 8.75, 0, 8.25 ], "texture": "#texture" },
        "up":    { "uv": [ 14.5, 8.25, 16, 8.75 ], "texture": "#texture" },
        "north": { "uv": [ 0, 3.5, 1.5, 3.75 ], "texture": "#texture" },
        "south": { "uv": [ 14.5, 3.5, 16, 3.75 ], "texture": "#texture" },
        "west":  { "uv": [ 8.25, 3.5, 8.75, 3.75 ], "texture": "#texture" },
        "east":  { "uv": [ 7.25, 3.5, 7.75, 3.75 ], "texture": "#texture", "cullface": "east" }
    }
},
{
    "from": [ 14.5, 12.25, 7.25 ],
    "to": [ 16, 12.5, 7.75 ],
    "faces": {
        "down":  { "uv": [ 1.5, 7.75, 0, 7.25 ], "texture": "#texture" },
        "up":    { "uv": [ 14.5, 7.25, 16, 7.75 ], "texture": "#texture" },
        "north": { "uv": [ 0, 3.5, 1.5, 3.75 ], "texture": "#texture" },
        "south": { "uv": [ 14.5, 3.5, 16, 3.75 ], "texture": "#texture" },
        "west":  { "uv": [ 7.25, 3.5, 7.75, 3.75 ], "texture": "#texture" },
        "east":  { "uv": [ 8.25, 3.5, 8.75, 3.75 ], "texture": "#texture", "cullface": "east" }
    }
},
{
    "from": [ 14.5, 13.25, 7.25 ],
    "to": [ 16, 13.5, 7.5 ],
    "faces": {
        "down":  { "uv": [ 1.5, 7.5, 0, 7.25 ], "texture": "#texture" },
        "south": { "uv": [ 14.5, 2.5, 16, 2.75 ], "texture": "#texture" },
        "east":  { "uv": [ 8.5, 2.5, 8.75, 2.75 ], "texture": "#texture", "cullface": "east" }
    }
},
{
    "from": [ 14.5, 13.25, 8.5 ],
    "to": [ 16, 13.5, 8.75 ],
    "faces": {
        "down":  { "uv": [ 1.5, 8.75, 0, 8.5 ], "texture": "#texture" },
        "north": { "uv": [ 0, 2.5, 1.5, 2.75 ], "texture": "#texture" },
        "east":  { "uv": [ 7.25, 2.5, 7.5, 2.75 ], "texture": "#texture", "cullface": "east" }
    }
},
{
    "from": [ 14.5, 12.5, 7.25 ],
    "to": [ 16, 12.75, 7.5 ],
    "faces": {
        "up":    { "uv": [ 14.5, 7.25, 16, 7.5 ], "texture": "#texture" },
        "south": { "uv": [ 14.5, 3.25, 16, 3.5 ], "texture": "#texture" },
        "east":  { "uv": [ 8.5, 3.25, 8.75, 3.5 ], "texture": "#texture", "cullface": "east" }
    }
},
{
    "from": [ 14.5, 12.5, 8.5 ],
    "to": [ 16, 12.75, 8.75 ],
    "faces": {
        "up":    { "uv": [ 14.5, 8.5, 16, 8.75 ], "texture": "#texture" },
        "north": { "uv": [ 0, 3.25, 1.5, 3.5 ], "texture": "#texture" },
        "east":  { "uv": [ 7.25, 3.25, 7.5, 3.5 ], "texture": "#texture", "cullface": "east" }
    }
},
{
    "from": [ 15.25, 12.5, 7.5 ],
    "to": [ 15.75, 13.5, 8.5 ],
    "faces": {
        "down":  { "uv": [ 14.75, 8, 15.25, 7.5 ], "texture": "#glass black" },
        "up":    { "uv": [ 14.75, 7.5, 15.25, 8 ], "texture": "#glass black" },
        "north": { "uv": [ 14.75, 7.5, 15.25, 8 ], "texture": "#glass black" },
        "south": { "uv": [ 15.25, 7.5, 14.75, 8 ], "texture": "#glass black" },
        "west":  { "uv": [ 14.75, 7.5, 15.25, 8 ], "texture": "#glass black" },
        "east":  { "uv": [ 15.25, 7.5, 14.75, 8 ], "texture": "#glass black" }
    }
},
{
    "from": [ 15.25, 12.25, 7.75 ],
    "to": [ 15.75, 13.75, 8.25 ],
    "faces": {
        "north": { "uv": [ 14.75, 7.5, 15.25, 8 ], "texture": "#glass black" },
        "south": { "uv": [ 15.25, 7.5, 14.75, 8 ], "texture": "#glass black" },
        "west":  { "uv": [ 14.75, 7.5, 15.25, 8 ], "texture": "#glass black" },
        "east":  { "uv": [ 15.25, 7.5, 14.75, 8 ], "texture": "#glass black" }
    }
},
{
    "from": [ 15.25, 12.75, 7.25 ],
    "to": [ 15.75, 13.25, 8.75 ],
    "faces": {
        "down":  { "uv": [ 14.75, 7.75, 15.25, 7.25 ], "texture": "#glass black" },
        "up":    { "uv": [ 14.75, 7.25, 15.25, 7.75 ], "texture": "#glass black" },
        "west":  { "uv": [ 14.75, 7.25, 15.25, 7.75 ], "texture": "#glass black" },
        "east":  { "uv": [ 15.25, 7.25, 14.75, 7.75 ], "texture": "#glass black" }
    }
}
],
"display": {
    "thirdperson": {
        "rotation": [ 0, 90, -90 ],
        "translation": [ 0, 4, -1.8 ],
        "scale": [ 0.85, 0.85, 0.85 ]
    },
    "ground": {
        "rotation": [ 0, 0, 0 ],
        "translation": [ 0, 0, 0 ],
        "scale": [ 3, 3, 3 ]
    },
    "fixed": {
        "rotation": [ 0, 180, -45 ],
        "translation": [ -0.6, -0.8, -1.1 ],
        "scale": [ 1.5, 1.5, 1.5 ]
    },
    "firstperson": {
        "rotation": [ 0, -135, 0 ],
        "translation": [ 1.7, 1.3, -4.7 ],
        "scale": [ 2, 2, 2 ]
    },
    "gui": {
        "rotation": [ -30, 135, -45 ],
        "translation": [ -1.3, -1.7, 0 ],
        "scale": [ 0.9, 0.9, 0.9 ]
    }
}
}