{
"__comment": "Designed by Corporalblober with BDcraft Cubik PRO 0.95 Beta - http://bdcraft.net",
"textures": {
    "texture": "blocks/anvil 1",
    "planks oak": "blocks/hardened clay stained yellow",
    "hardened clay stained red": "blocks/hardened clay stained red"
},
"elements": [ 
{
    "from": [ 7, 5, 7 ],
    "to": [ 9, 10, 9.25 ],
    "faces": {
        "north": { "uv": [ 7, 6, 9, 11 ], "texture": "#planks oak" },
        "south": { "uv": [ 7, 6, 9, 11 ], "texture": "#planks oak" },
        "west":  { "uv": [ 7, 6, 9.25, 11 ], "texture": "#planks oak" },
        "east":  { "uv": [ 6.75, 6, 9, 11 ], "texture": "#planks oak" }
    }
},
{
    "from": [ 7, 4.5, 7 ],
    "to": [ 9, 5, 9.25 ],
    "faces": {
        "down":  { "uv": [ 9, 9.25, 7, 7 ], "texture": "#texture" },
        "north": { "uv": [ 7, 11, 9, 11.5 ], "texture": "#texture" },
        "south": { "uv": [ 7, 11, 9, 11.5 ], "texture": "#texture" },
        "west":  { "uv": [ 7, 11, 9.25, 11.5 ], "texture": "#texture" },
        "east":  { "uv": [ 6.75, 11, 9, 11.5 ], "texture": "#texture" }
    }
},
{
    "from": [ 7, 10, 7 ],
    "to": [ 9, 10.5, 9.25 ],
    "faces": {
        "up":    { "uv": [ 7, 7, 9, 9.25 ], "texture": "#texture" },
        "north": { "uv": [ 7, 5.5, 9, 6 ], "texture": "#texture" },
        "south": { "uv": [ 7, 5.5, 9, 6 ], "texture": "#texture" },
        "west":  { "uv": [ 7, 5.5, 9.25, 6 ], "texture": "#texture" },
        "east":  { "uv": [ 6.75, 5.5, 9, 6 ], "texture": "#texture" }
    }
},
{
    "from": [ 6.75, 10.5, 7.25 ],
    "to": [ 9, 12.25, 7.5 ],
    "faces": {
        "down":  { "uv": [ 9.25, 7.5, 7, 7.25 ], "texture": "#texture" },
        "up":    { "uv": [ 6.75, 7.25, 9, 7.5 ], "texture": "#texture" },
        "north": { "uv": [ 7, 3.75, 9.25, 5.5 ], "texture": "#texture" },
        "south": { "uv": [ 6.75, 3.75, 9, 5.5 ], "texture": "#texture" },
        "west":  { "uv": [ 7.25, 3.75, 7.5, 5.5 ], "texture": "#texture" },
        "east":  { "uv": [ 8.5, 3.75, 8.75, 5.5 ], "texture": "#texture" }
    }
},
{
    "from": [ 6.75, 10.5, 8.75 ],
    "to": [ 9, 12.25, 9 ],
    "faces": {
        "down":  { "uv": [ 9.25, 9, 7, 8.75 ], "texture": "#texture" },
        "up":    { "uv": [ 6.75, 8.75, 9, 9 ], "texture": "#texture" },
        "north": { "uv": [ 7, 3.75, 9.25, 5.5 ], "texture": "#texture" },
        "south": { "uv": [ 6.75, 3.75, 9, 5.5 ], "texture": "#texture" },
        "west":  { "uv": [ 8.75, 3.75, 9, 5.5 ], "texture": "#texture" },
        "east":  { "uv": [ 7, 3.75, 7.25, 5.5 ], "texture": "#texture" }
    }
},
{
    "from": [ 7.75, 10.5, 7.5 ],
    "to": [ 9.25, 12, 8.75 ],
    "faces": {
        "down":  { "uv": [ 8.25, 8.75, 6.75, 7.5 ], "texture": "#texture" },
        "up":    { "uv": [ 7.75, 7.5, 9.25, 8.75 ], "texture": "#texture" },
        "north": { "uv": [ 6.75, 4, 8.25, 5.5 ], "texture": "#texture" },
        "south": { "uv": [ 7.75, 4, 9.25, 5.5 ], "texture": "#texture" },
        "west":  { "uv": [ 7.5, 4, 8.75, 5.5 ], "texture": "#texture" },
        "east":  { "uv": [ 7.25, 4, 8.5, 5.5 ], "texture": "#texture" }
    }
},
{
    "from": [ 6.75, 12, 7.5 ],
    "to": [ 7.75, 12.25, 8.75 ],
    "faces": {
        "down":  { "uv": [ 9.25, 8.75, 8.25, 7.5 ], "texture": "#texture" },
        "up":    { "uv": [ 6.75, 7.5, 7.75, 8.75 ], "texture": "#texture" },
        "west":  { "uv": [ 7.5, 3.75, 8.75, 4 ], "texture": "#texture" },
        "east":  { "uv": [ 7.25, 3.75, 8.5, 4 ], "texture": "#texture" }
    }
},
{
    "from": [ 7.25, 10.75, 7.5 ],
    "to": [ 7.75, 11.5, 7.75 ],
    "faces": {
        "down":  { "uv": [ 8.75, 7.75, 8.25, 7.5 ], "texture": "#texture" },
        "up":    { "uv": [ 7.25, 7.5, 7.75, 7.75 ], "texture": "#texture" },
        "south": { "uv": [ 7.25, 4.5, 7.75, 5.25 ], "texture": "#texture" },
        "west":  { "uv": [ 7.5, 4.5, 7.75, 5.25 ], "texture": "#texture" }
    }
},
{
    "from": [ 7.25, 11.5, 7.75 ],
    "to": [ 7.75, 11.75, 8.5 ],
    "faces": {
        "down":  { "uv": [ 8.75, 8.5, 8.25, 7.75 ], "texture": "#texture" },
        "up":    { "uv": [ 7.25, 7.75, 7.75, 8.5 ], "texture": "#texture" },
        "north": { "uv": [ 8.25, 4.25, 8.75, 4.5 ], "texture": "#texture" },
        "south": { "uv": [ 7.25, 4.25, 7.75, 4.5 ], "texture": "#texture" },
        "west":  { "uv": [ 7.75, 4.25, 8.5, 4.5 ], "texture": "#texture" }
    }
},
{
    "from": [ 8.25, 12, 7.75 ],
    "to": [ 9, 12.5, 8.5 ],
    "faces": {
        "up":    { "uv": [ 8.25, 7.75, 9, 8.5 ], "texture": "#hardened clay stained red" },
        "north": { "uv": [ 7, 3.5, 7.75, 4 ], "texture": "#hardened clay stained red" },
        "south": { "uv": [ 8.25, 3.5, 9, 4 ], "texture": "#hardened clay stained red" },
        "west":  { "uv": [ 7.75, 3.5, 8.5, 4 ], "texture": "#hardened clay stained red" },
        "east":  { "uv": [ 7.5, 3.5, 8.25, 4 ], "texture": "#hardened clay stained red" }
    }
},
{
    "from": [ 7.25, 10.75, 8.5 ],
    "to": [ 7.75, 11.5, 8.75 ],
    "faces": {
        "down":  { "uv": [ 8.75, 8.75, 8.25, 8.5 ], "texture": "#texture" },
        "up":    { "uv": [ 7.25, 8.5, 7.75, 8.75 ], "texture": "#texture" },
        "north": { "uv": [ 8.25, 4.5, 8.75, 5.25 ], "texture": "#texture" },
        "west":  { "uv": [ 8.5, 4.5, 8.75, 5.25 ], "texture": "#texture" }
    }
},
{
    "from": [ 7.25, 10.5, 7.75 ],
    "to": [ 7.75, 10.75, 8.5 ],
    "faces": {
        "up":    { "uv": [ 7.25, 7.75, 7.75, 8.5 ], "texture": "#texture" },
        "north": { "uv": [ 8.25, 5.25, 8.75, 5.5 ], "texture": "#texture" },
        "south": { "uv": [ 7.25, 5.25, 7.75, 5.5 ], "texture": "#texture" },
        "west":  { "uv": [ 7.75, 5.25, 8.5, 5.5 ], "texture": "#texture" }
    }
},
{
    "from": [ 7.5, 11, 8 ],
    "to": [ 7.75, 11.25, 8.25 ],
    "faces": {
        "down":  { "uv": [ 8.5, 8.25, 8.25, 8 ], "texture": "#texture" },
        "up":    { "uv": [ 7.5, 8, 7.75, 8.25 ], "texture": "#texture" },
        "north": { "uv": [ 8.25, 4.75, 8.5, 5 ], "texture": "#texture" },
        "south": { "uv": [ 7.5, 4.75, 7.75, 5 ], "texture": "#texture" },
        "west":  { "uv": [ 8, 4.75, 8.25, 5 ], "texture": "#texture" }
    }
}
],
"display": {
    "thirdperson": {
        "rotation": [ 0, 90, -90 ],
        "translation": [ 0, 0.8, -1.4 ],
        "scale": [ 0.85, 0.85, 0.85 ]
    },
    "ground": {
        "rotation": [ 0, 0, 0 ],
        "translation": [ 0, 0, 0 ],
        "scale": [ 3, 3, 3 ]
    },
    "fixed": {
        "rotation": [ 0, -90, 0 ],
        "translation": [ 0.1, 0.2, -1.1 ],
        "scale": [ 2, 2, 2 ]
    },
    "firstperson": {
        "rotation": [ 0, -135, 0 ],
        "translation": [ 6.6, -1.3, 0.1 ],
        "scale": [ 2, 2, 2 ]
    },
    "gui": {
        "rotation": [ 0, -135, -37 ],
        "translation": [ 0, 0, 0 ],
        "scale": [ 2, 2, 2 ]
    }
}
}