{
"__comment": "Designed by Corporalblober with BDcraft Cubik PRO 0.95 Beta - http://bdcraft.net",
"textures": {
    "particle": "blocks/anvil 1",
    "texture": "blocks/anvil 1",
    "glass black": "blocks/anvil 1",
    "clay block": "blocks/door iron lower"
},
"elements": [ 
{
    "from": [ 2, 10.75, 7.75 ],
    "to": [ 3.5, 11, 8.25 ],
    "faces": {
        "down":  { "uv": [ 14, 8.25, 12.5, 7.75 ], "texture": "#texture" },
        "up":    { "uv": [ 2, 7.75, 3.5, 8.25 ], "texture": "#texture" },
        "north": { "uv": [ 12.5, 5, 14, 5.25 ], "texture": "#texture" },
        "south": { "uv": [ 2, 5, 3.5, 5.25 ], "texture": "#texture" },
        "west":  { "uv": [ 7.75, 5, 8.25, 5.25 ], "texture": "#texture" }
    }
},
{
    "from": [ 2, 10, 7.75 ],
    "to": [ 3.5, 10.25, 8.25 ],
    "faces": {
        "down":  { "uv": [ 14, 8.25, 12.5, 7.75 ], "texture": "#texture" },
        "up":    { "uv": [ 2, 7.75, 3.5, 8.25 ], "texture": "#texture" },
        "north": { "uv": [ 12.5, 5.75, 14, 6 ], "texture": "#texture" },
        "south": { "uv": [ 2, 5.75, 3.5, 6 ], "texture": "#texture" },
        "west":  { "uv": [ 7.75, 5.75, 8.25, 6 ], "texture": "#texture" }
    }
},
{
    "from": [ 2, 10.25, 8.25 ],
    "to": [ 3.5, 10.75, 8.5 ],
    "faces": {
        "down":  { "uv": [ 14, 8.5, 12.5, 8.25 ], "texture": "#texture" },
        "up":    { "uv": [ 2, 8.25, 3.5, 8.5 ], "texture": "#texture" },
        "north": { "uv": [ 12.5, 5.25, 14, 5.75 ], "texture": "#texture" },
        "south": { "uv": [ 2, 5.25, 3.5, 5.75 ], "texture": "#texture" },
        "west":  { "uv": [ 8.25, 5.25, 8.5, 5.75 ], "texture": "#texture" }
    }
},
{
    "from": [ 2, 10.25, 7.5 ],
    "to": [ 3.5, 10.75, 7.75 ],
    "faces": {
        "down":  { "uv": [ 14, 7.75, 12.5, 7.5 ], "texture": "#texture" },
        "up":    { "uv": [ 2, 7.5, 3.5, 7.75 ], "texture": "#texture" },
        "north": { "uv": [ 12.5, 5.25, 14, 5.75 ], "texture": "#texture" },
        "south": { "uv": [ 2, 5.25, 3.5, 5.75 ], "texture": "#texture" },
        "west":  { "uv": [ 7.5, 5.25, 7.75, 5.75 ], "texture": "#texture" }
    }
},
{
    "from": [ 3.75, 8.5, 7.25 ],
    "to": [ 4, 11.75, 8.75 ],
    "rotation": { "origin": [ 3.75, 11.75, 7.25 ], "axis": "z", "angle": -22.5 },
    "faces": {
        "down":  { "uv": [ 12, 8.5, 11.75, 7.5 ], "texture": "#texture" },
        "up":    { "uv": [ 4, 7.5, 4.25, 8.5 ], "texture": "#texture" },
        "north": { "uv": [ 11.75, 4, 12, 6.75 ], "texture": "#texture" },
        "south": { "uv": [ 4, 4, 4.25, 6.75 ], "texture": "#texture" },
        "west":  { "uv": [ 7.5, 4, 8.5, 6.75 ], "texture": "#texture" },
        "east":  { "uv": [ 7.5, 4, 8.5, 6.75 ], "texture": "#texture" }
    }
},
{
    "from": [ 3.75, 11.25, 7.25 ],
    "to": [ 11.5, 11.75, 8.75 ],
    "faces": {
        "up":    { "uv": [ 3.75, 7.25, 11.5, 8.75 ], "texture": "#texture" },
        "north": { "uv": [ 4.5, 4.25, 12.25, 4.75 ], "texture": "#texture" },
        "south": { "uv": [ 3.75, 4.25, 11.5, 4.75 ], "texture": "#texture" },
        "west":  { "uv": [ 7.25, 4.25, 8.75, 4.75 ], "texture": "#texture" },
        "east":  { "uv": [ 7.25, 4.25, 8.75, 4.75 ], "texture": "#texture" }
    }
},
{
    "from": [ 3.5625, 11, 7.25 ],
    "to": [ 11.5, 11.25, 8.75 ],
    "faces": {
        "up":    { "uv": [ 3.5625, 7.25, 11.5, 8.75 ], "texture": "#texture" },
        "north": { "uv": [ 4.5, 4.75, 12.4375, 5 ], "texture": "#texture" },
        "south": { "uv": [ 3.5625, 4.75, 11.5, 5 ], "texture": "#texture" },
        "west":  { "uv": [ 7.25, 4.75, 8.75, 5 ], "texture": "#texture" },
        "east":  { "uv": [ 7.25, 4.75, 8.75, 5 ], "texture": "#texture" }
    }
},
{
    "from": [ 3.5, 10.75, 7.25 ],
    "to": [ 11.5, 11, 8.75 ],
    "faces": {
        "up":    { "uv": [ 3.5, 7.25, 11.5, 8.75 ], "texture": "#texture" },
        "north": { "uv": [ 4.5, 5, 12.5, 5.25 ], "texture": "#texture" },
        "south": { "uv": [ 3.5, 5, 11.5, 5.25 ], "texture": "#texture" },
        "west":  { "uv": [ 7.25, 5, 8.75, 5.25 ], "texture": "#texture" },
        "east":  { "uv": [ 7.25, 5, 8.75, 5.25 ], "texture": "#texture" }
    }
},
{
    "from": [ 3.25, 10, 7.25 ],
    "to": [ 12.25, 10.5, 8.75 ],
    "faces": {
        "up":    { "uv": [ 3.25, 7.25, 12.25, 8.75 ], "texture": "#texture" },
        "north": { "uv": [ 3.75, 5.5, 12.75, 6 ], "texture": "#texture" },
        "south": { "uv": [ 3.25, 5.5, 12.25, 6 ], "texture": "#texture" },
        "west":  { "uv": [ 7.25, 5.5, 8.75, 6 ], "texture": "#texture" },
        "east":  { "uv": [ 7.25, 5.5, 8.75, 6 ], "texture": "#texture" }
    }
},
{
    "from": [ 3, 9.5, 7.25 ],
    "to": [ 12.25, 10, 8.75 ],
    "faces": {
        "down":  { "uv": [ 13, 8.75, 3.75, 7.25 ], "texture": "#texture" },
        "up":    { "uv": [ 3, 7.25, 12.25, 8.75 ], "texture": "#texture" },
        "north": { "uv": [ 3.75, 6, 13, 6.5 ], "texture": "#texture" },
        "south": { "uv": [ 3, 6, 12.25, 6.5 ], "texture": "#texture" },
        "west":  { "uv": [ 7.25, 6, 8.75, 6.5 ], "texture": "#texture" },
        "east":  { "uv": [ 7.25, 6, 8.75, 6.5 ], "texture": "#texture" }
    }
},
{
    "from": [ 7.25, 8.75, 7.5 ],
    "to": [ 8.75, 9.5, 8.5 ],
    "faces": {
        "down":  { "uv": [ 8.75, 8.5, 7.25, 7.5 ], "texture": "#texture" },
        "north": { "uv": [ 7.25, 6.5, 8.75, 7.25 ], "texture": "#texture" },
        "south": { "uv": [ 7.25, 6.5, 8.75, 7.25 ], "texture": "#texture" },
        "west":  { "uv": [ 7.5, 6.5, 8.5, 7.25 ], "texture": "#texture" },
        "east":  { "uv": [ 7.5, 6.5, 8.5, 7.25 ], "texture": "#texture" }
    }
},
{
    "from": [ 7.5, 7.75, 7.5 ],
    "to": [ 9, 8.75, 8.5 ],
    "faces": {
        "down":  { "uv": [ 8.5, 8.5, 7, 7.5 ], "texture": "#texture" },
        "up":    { "uv": [ 7.5, 7.5, 9, 8.5 ], "texture": "#texture" },
        "north": { "uv": [ 7, 7.25, 8.5, 8.25 ], "texture": "#texture" },
        "south": { "uv": [ 7.5, 7.25, 9, 8.25 ], "texture": "#texture" },
        "west":  { "uv": [ 7.5, 7.25, 8.5, 8.25 ], "texture": "#texture" },
        "east":  { "uv": [ 7.5, 7.25, 8.5, 8.25 ], "texture": "#texture" }
    }
},
{
    "from": [ 7.75, 5.5, 7.5 ],
    "to": [ 9.25, 7.75, 8.5 ],
    "faces": {
        "down":  { "uv": [ 8.25, 8.5, 6.75, 7.5 ], "texture": "#texture" },
        "up":    { "uv": [ 7.75, 7.5, 9.25, 8.5 ], "texture": "#texture" },
        "north": { "uv": [ 6.75, 8.25, 8.25, 10.5 ], "texture": "#texture" },
        "south": { "uv": [ 7.75, 8.25, 9.25, 10.5 ], "texture": "#texture" },
        "west":  { "uv": [ 7.5, 8.25, 8.5, 10.5 ], "texture": "#texture" },
        "east":  { "uv": [ 7.5, 8.25, 8.5, 10.5 ], "texture": "#texture" }
    }
},
{
    "from": [ 3.5, 9.5, 7.25 ],
    "to": [ 6.25, 10.75, 8.75 ],
    "rotation": { "origin": [ 3.5, 10.75, 7.25 ], "axis": "z", "angle": -22.5 },
    "faces": {
        "down":  { "uv": [ 3.5, 7.25, 6.25, 8.75 ], "texture": "#texture" },
        "north": { "uv": [ 3.5, 5.25, 6.25, 6.5 ], "texture": "#texture" },
        "south": { "uv": [ 3.5, 5.25, 6.25, 6.5 ], "texture": "#texture" },
        "west":  { "uv": [ 7.25, 5.25, 8.75, 6.5 ], "texture": "#texture" },
        "east":  { "uv": [ 7.25, 5.25, 8.75, 6.5 ], "texture": "#texture" }
    }
},
{
    "from": [ 5.5, 8.75, 7.5 ],
    "to": [ 6.75, 9, 8.5 ],
    "rotation": { "origin": [ 5.5, 9, 7.5 ], "axis": "z", "angle": -45 },
    "faces": {
        "down":  { "uv": [ 10.75, 8.5, 9.5, 7.5 ], "texture": "#texture" },
        "up":    { "uv": [ 5.25, 7.5, 6.5, 8.5 ], "texture": "#texture" },
        "north": { "uv": [ 9.5, 7.25, 10.75, 7.5 ], "texture": "#texture" },
        "south": { "uv": [ 5.25, 7.25, 6.5, 7.5 ], "texture": "#texture" },
        "west":  { "uv": [ 7.5, 7.25, 8.5, 7.5 ], "texture": "#texture" },
        "east":  { "uv": [ 7.5, 7.25, 8.5, 7.5 ], "texture": "#texture" }
    }
},
{
    "from": [ 6.25, 8, 7.5 ],
    "to": [ 7.5, 8.25, 8.5 ],
    "faces": {
        "down":  { "uv": [ 9.75, 8.5, 8.5, 7.5 ], "texture": "#texture" },
        "up":    { "uv": [ 6.25, 7.5, 7.5, 8.5 ], "texture": "#texture" },
        "north": { "uv": [ 8.5, 7.75, 9.75, 8 ], "texture": "#texture" },
        "south": { "uv": [ 6.25, 7.75, 7.5, 8 ], "texture": "#texture" },
        "west":  { "uv": [ 7.5, 7.75, 8.5, 8 ], "texture": "#texture" }
    }
},
{
    "from": [ 6.75, 8.5, 7.75 ],
    "to": [ 7, 9.75, 8.25 ],
    "rotation": { "origin": [ 6.75, 9.75, 7.75 ], "axis": "z", "angle": -22.5 },
    "faces": {
        "down":  { "uv": [ 8.5, 8.5, 8.25, 7.5 ], "texture": "#texture" },
        "up":    { "uv": [ 7.5, 7.5, 7.75, 8.5 ], "texture": "#texture" },
        "north": { "uv": [ 8.25, 0, 8.5, 1 ], "texture": "#texture" },
        "south": { "uv": [ 7.5, 0, 7.75, 1 ], "texture": "#texture" },
        "west":  { "uv": [ 7.5, 0, 8.5, 1 ], "texture": "#texture" },
        "east":  { "uv": [ 7.5, 0, 8.5, 1 ], "texture": "#texture" }
    }
},
{
    "from": [ 8.25, 9.25, 7.25 ],
    "to": [ 10, 9.5, 8.75 ],
    "faces": {
        "down":  { "uv": [ 7.75, 8.75, 6, 7.25 ], "texture": "#texture" },
        "north": { "uv": [ 6, 6.5, 7.75, 6.75 ], "texture": "#texture" },
        "south": { "uv": [ 8.25, 6.5, 10, 6.75 ], "texture": "#texture" },
        "west":  { "uv": [ 7.25, 6.5, 8.75, 6.75 ], "texture": "#texture" },
        "east":  { "uv": [ 7.25, 6.5, 8.75, 6.75 ], "texture": "#texture" }
    }
},
{
    "from": [ 3.5, 10.5, 7.25 ],
    "to": [ 12.75, 10.75, 8.75 ],
    "faces": {
        "down":  { "uv": [ 12.5, 8.75, 3.25, 7.25 ], "texture": "#texture" },
        "up":    { "uv": [ 3.5, 7.25, 12.75, 8.75 ], "texture": "#texture" },
        "north": { "uv": [ 3.25, 5.25, 12.5, 5.5 ], "texture": "#texture" },
        "south": { "uv": [ 3.5, 5.25, 12.75, 5.5 ], "texture": "#texture" },
        "west":  { "uv": [ 7.25, 5.25, 8.75, 5.5 ], "texture": "#texture" },
        "east":  { "uv": [ 7.25, 5.25, 8.75, 5.5 ], "texture": "#texture" }
    }
},
{
    "from": [ 3.5, 8.5, 7.5 ],
    "to": [ 4.75, 9.5, 8.5 ],
    "faces": {
        "down":  { "uv": [ 8.5, 8.5, 6.75, 7.5 ], "texture": "#texture" },
        "north": { "uv": [ 6.75, 0, 8.5, 0.75 ], "texture": "#texture" },
        "south": { "uv": [ 7.5, 0, 9.25, 0.75 ], "texture": "#texture" },
        "west":  { "uv": [ 7.5, 0, 8.5, 0.75 ], "texture": "#texture" },
        "east":  { "uv": [ 7.5, 0, 8.5, 0.75 ], "texture": "#texture" }
    }
},
{
    "from": [ 3.75, 8, 7.75 ],
    "to": [ 4.5, 8.5, 8.25 ],
    "faces": {
        "north": { "uv": [ 11.5, 7.5, 12.25, 8 ], "texture": "#texture" },
        "south": { "uv": [ 3.75, 7.5, 4.5, 8 ], "texture": "#texture" },
        "west":  { "uv": [ 7.75, 7.5, 8.25, 8 ], "texture": "#texture" },
        "east":  { "uv": [ 7.75, 7.5, 8.25, 8 ], "texture": "#texture" }
    }
},
{
    "from": [ 3.5, 5.25, 7.5 ],
    "to": [ 4.75, 8, 8.5 ],
    "faces": {
        "down":  { "uv": [ 12.5, 8.5, 11.25, 7.5 ], "texture": "#texture" },
        "up":    { "uv": [ 3.5, 7.5, 4.75, 8.5 ], "texture": "#texture" },
        "north": { "uv": [ 11.25, 8, 12.5, 10.75 ], "texture": "#texture" },
        "south": { "uv": [ 3.5, 8, 4.75, 10.75 ], "texture": "#texture" },
        "west":  { "uv": [ 7.5, 8, 8.5, 10.75 ], "texture": "#texture" },
        "east":  { "uv": [ 7.5, 8, 8.5, 10.75 ], "texture": "#texture" }
    }
},
{
    "from": [ 7.875, 2.5, 7.625 ],
    "to": [ 9.125, 5.5, 8.375 ],
    "faces": {
        "down":  { "uv": [ 8.125, 8.375, 6.875, 7.625 ], "texture": "#texture" },
        "north": { "uv": [ 6.875, 10.5, 8.125, 13.5 ], "texture": "#texture" },
        "south": { "uv": [ 7.875, 10.5, 9.125, 13.5 ], "texture": "#texture" },
        "west":  { "uv": [ 7.625, 10.5, 8.375, 13.5 ], "texture": "#texture" },
        "east":  { "uv": [ 7.625, 10.5, 8.375, 13.5 ], "texture": "#texture" }
    }
},
{
    "from": [ 10.5, 11.75, 7.5 ],
    "to": [ 11, 12, 7.75 ],
    "faces": {
        "up":    { "uv": [ 10.5, 7.5, 11, 7.75 ], "texture": "#texture" },
        "north": { "uv": [ 5, 4, 5.5, 4.25 ], "texture": "#texture" },
        "south": { "uv": [ 10.5, 4, 11, 4.25 ], "texture": "#texture" },
        "west":  { "uv": [ 7.5, 4, 7.75, 4.25 ], "texture": "#texture" },
        "east":  { "uv": [ 8.25, 4, 8.5, 4.25 ], "texture": "#texture" }
    }
},
{
    "from": [ 10.5, 11.75, 8.25 ],
    "to": [ 11, 12, 8.5 ],
    "faces": {
        "up":    { "uv": [ 10.5, 8.25, 11, 8.5 ], "texture": "#texture" },
        "north": { "uv": [ 5, 4, 5.5, 4.25 ], "texture": "#texture" },
        "south": { "uv": [ 10.5, 4, 11, 4.25 ], "texture": "#texture" },
        "west":  { "uv": [ 8.25, 4, 8.5, 4.25 ], "texture": "#texture" },
        "east":  { "uv": [ 7.5, 4, 7.75, 4.25 ], "texture": "#texture" }
    }
},
{
    "from": [ 10, 11.25, 7.5 ],
    "to": [ 10.75, 11.75, 7.75 ],
    "rotation": { "origin": [ 10, 11.75, 7.5 ], "axis": "z", "angle": 22.5 },
    "faces": {
        "up":    { "uv": [ 10, 7.5, 10.75, 7.75 ], "texture": "#texture" },
        "north": { "uv": [ 10, 4.25, 10.75, 4.75 ], "texture": "#texture" },
        "south": { "uv": [ 10, 4.25, 10.75, 4.75 ], "texture": "#texture" },
        "west":  { "uv": [ 7.5, 4.25, 7.75, 4.75 ], "texture": "#texture" },
        "east":  { "uv": [ 7.5, 4.25, 7.75, 4.75 ], "texture": "#texture" }
    }
},
{
    "from": [ 10, 11.25, 8.25 ],
    "to": [ 10.75, 11.75, 8.5 ],
    "rotation": { "origin": [ 10, 11.75, 8.25 ], "axis": "z", "angle": 22.5 },
    "faces": {
        "up":    { "uv": [ 10, 7.5, 10.75, 7.75 ], "texture": "#texture" },
        "north": { "uv": [ 10, 4.25, 10.75, 4.75 ], "texture": "#texture" },
        "south": { "uv": [ 10, 4.25, 10.75, 4.75 ], "texture": "#texture" },
        "west":  { "uv": [ 7.5, 4.25, 7.75, 4.75 ], "texture": "#texture" },
        "east":  { "uv": [ 7.5, 4.25, 7.75, 4.75 ], "texture": "#texture" }
    }
},
{
    "from": [ 4, 11, 7.5 ],
    "to": [ 4.75, 11.75, 7.75 ],
    "rotation": { "origin": [ 4, 11.75, 7.5 ], "axis": "z", "angle": 22.5 },
    "faces": {
        "up":    { "uv": [ 4, 7.5, 4.75, 7.75 ], "texture": "#texture" },
        "north": { "uv": [ 11.25, 4, 12, 4.75 ], "texture": "#texture" },
        "south": { "uv": [ 4, 4, 4.75, 4.75 ], "texture": "#texture" },
        "east":  { "uv": [ 8.25, 4, 8.5, 4.75 ], "texture": "#texture" }
    }
},
{
    "from": [ 4, 11, 8.25 ],
    "to": [ 4.75, 11.75, 8.5 ],
    "rotation": { "origin": [ 4, 11.75, 8.25 ], "axis": "z", "angle": 22.5 },
    "faces": {
        "up":    { "uv": [ 4, 8.25, 4.75, 8.5 ], "texture": "#texture" },
        "north": { "uv": [ 11.25, 4, 12, 4.75 ], "texture": "#texture" },
        "south": { "uv": [ 4, 4, 4.75, 4.75 ], "texture": "#texture" },
        "east":  { "uv": [ 7.5, 4, 7.75, 4.75 ], "texture": "#texture" }
    }
},
{
    "from": [ 4.25, 11.75, 7.875 ],
    "to": [ 4.75, 12, 8.125 ],
    "faces": {
        "up":    { "uv": [ 4.25, 7.875, 4.75, 8.125 ], "texture": "#texture" },
        "north": { "uv": [ 11.25, 4, 11.75, 4.25 ], "texture": "#texture" },
        "south": { "uv": [ 4.25, 4, 4.75, 4.25 ], "texture": "#texture" },
        "west":  { "uv": [ 7.875, 4, 8.125, 4.25 ], "texture": "#texture" },
        "east":  { "uv": [ 7.875, 4, 8.125, 4.25 ], "texture": "#texture" }
    }
}
],
"display": {
    "thirdperson": {
        "rotation": [ 0, 90, -90 ],
        "translation": [ 0, 1.1, -1.1 ],
        "scale": [ 0.85, 0.85, 0.85 ]
    },
    "ground": {
        "rotation": [ 0, 0, 0 ],
        "translation": [ 0, 0, 0 ],
        "scale": [ 3, 3, 3 ]
    },
    "fixed": {
        "rotation": [ 0, 180, -45 ],
        "translation": [ -0.7, -0.9, -1.1 ],
        "scale": [ 1.5, 1.5, 1.5 ]
    },
    "firstperson": {
        "rotation": [ 0, -135, 0 ],
        "translation": [ 1.2, -0.2, -0.4 ],
        "scale": [ 2, 2, 2 ]
    },
    "gui": {
        "rotation": [ -30, 135, -45 ],
        "translation": [ -0.4, -0.6, 0 ],
        "scale": [ 0.9, 0.9, 0.9 ]
    }
}
}