{
"__comment": "Designed by Corporalblober with BDcraft Cubik PRO 0.95 Beta - http://bdcraft.net",
"textures": {
    "particle": "blocks/anvil 1",
    "texture": "blocks/anvil 1",
    "bed end top": "blocks/bed end top",
    "door iron lower": "blocks/door iron lower"
},
"elements": [ 
{
    "from": [ 0, 8.25, 7.5 ],
    "to": [ 16, 8.5, 8.5 ],
    "faces": {
        "down":  { "uv": [ 16, 8.5, 0, 7.5 ], "texture": "#texture" },
        "up":    { "uv": [ 0, 7.5, 16, 8.5 ], "texture": "#texture" },
        "north": { "uv": [ 0, 7.5, 16, 7.75 ], "texture": "#texture" },
        "south": { "uv": [ 0, 7.5, 16, 7.75 ], "texture": "#texture" },
        "west":  { "uv": [ 7.5, 7.5, 8.5, 7.75 ], "texture": "#texture" },
        "east":  { "uv": [ 7.5, 7.5, 8.5, 7.75 ], "texture": "#texture" }
    }
},
{
    "from": [ 0, 7.25, 8.5 ],
    "to": [ 16, 8.25, 8.75 ],
    "faces": {
        "down":  { "uv": [ 16, 8.75, 0, 8.5 ], "texture": "#texture" },
        "up":    { "uv": [ 0, 8.5, 16, 8.75 ], "texture": "#texture" },
        "north": { "uv": [ 0, 7.75, 16, 8.75 ], "texture": "#texture" },
        "south": { "uv": [ 0, 7.75, 16, 8.75 ], "texture": "#texture" },
        "west":  { "uv": [ 8.5, 7.75, 8.75, 8.75 ], "texture": "#texture" },
        "east":  { "uv": [ 7.25, 7.75, 7.5, 8.75 ], "texture": "#texture" }
    }
},
{
    "from": [ 0, 7, 7.5 ],
    "to": [ 16, 7.25, 8.5 ],
    "faces": {
        "down":  { "uv": [ 16, 8.5, 0, 7.5 ], "texture": "#texture" },
        "up":    { "uv": [ 0, 7.5, 16, 8.5 ], "texture": "#texture" },
        "north": { "uv": [ 0, 8.75, 16, 9 ], "texture": "#texture" },
        "south": { "uv": [ 0, 8.75, 16, 9 ], "texture": "#texture" },
        "west":  { "uv": [ 7.5, 8.75, 8.5, 9 ], "texture": "#texture" },
        "east":  { "uv": [ 7.5, 8.75, 8.5, 9 ], "texture": "#texture" }
    }
},
{
    "from": [ 0, 7.25, 7.25 ],
    "to": [ 16, 8.25, 7.5 ],
    "faces": {
        "down":  { "uv": [ 16, 7.5, 0, 7.25 ], "texture": "#texture" },
        "up":    { "uv": [ 0, 7.25, 16, 7.5 ], "texture": "#texture" },
        "north": { "uv": [ 0, 7.75, 16, 8.75 ], "texture": "#texture" },
        "south": { "uv": [ 0, 7.75, 16, 8.75 ], "texture": "#texture" },
        "west":  { "uv": [ 7.25, 7.75, 7.5, 8.75 ], "texture": "#texture" },
        "east":  { "uv": [ 8.5, 7.75, 8.75, 8.75 ], "texture": "#texture" }
    }
},
{
    "from": [ 2, 7, 8.75 ],
    "to": [ 3, 8.5, 9.75 ],
    "faces": {
        "down":  { "uv": [ 14, 9.75, 13, 8.75 ], "texture": "#texture" },
        "up":    { "uv": [ 2, 8.75, 3, 9.75 ], "texture": "#texture" },
        "north": { "uv": [ 13, 7.5, 14, 9 ], "texture": "#texture" },
        "south": { "uv": [ 2, 7.5, 3, 9 ], "texture": "#texture" },
        "west":  { "uv": [ 8.75, 7.5, 9.75, 9 ], "texture": "#texture" },
        "east":  { "uv": [ 6.25, 7.5, 7.25, 9 ], "texture": "#texture" }
    }
},
{
    "from": [ 4, 7, 8.75 ],
    "to": [ 5, 8.5, 9.75 ],
    "faces": {
        "down":  { "uv": [ 12, 9.75, 11, 8.75 ], "texture": "#texture" },
        "up":    { "uv": [ 4, 8.75, 5, 9.75 ], "texture": "#texture" },
        "north": { "uv": [ 11, 7.5, 12, 9 ], "texture": "#texture" },
        "south": { "uv": [ 4, 7.5, 5, 9 ], "texture": "#texture" },
        "west":  { "uv": [ 8.75, 7.5, 9.75, 9 ], "texture": "#texture" },
        "east":  { "uv": [ 6.25, 7.5, 7.25, 9 ], "texture": "#texture" }
    }
},
{
    "from": [ 8, 7, 8.75 ],
    "to": [ 9, 8.5, 9.75 ],
    "faces": {
        "down":  { "uv": [ 8, 9.75, 7, 8.75 ], "texture": "#texture" },
        "up":    { "uv": [ 8, 8.75, 9, 9.75 ], "texture": "#texture" },
        "north": { "uv": [ 7, 7.5, 8, 9 ], "texture": "#texture" },
        "south": { "uv": [ 8, 7.5, 9, 9 ], "texture": "#texture" },
        "west":  { "uv": [ 8.75, 7.5, 9.75, 9 ], "texture": "#texture" },
        "east":  { "uv": [ 6.25, 7.5, 7.25, 9 ], "texture": "#texture" }
    }
},
{
    "from": [ 8.25, 6, 9 ],
    "to": [ 8.75, 10.5, 9.5 ],
    "faces": {
        "down":  { "uv": [ 7.75, 9.5, 7.25, 9 ], "texture": "#door iron lower" },
        "up":    { "uv": [ 8.25, 9, 8.75, 9.5 ], "texture": "#door iron lower" },
        "north": { "uv": [ 7.25, 5.5, 7.75, 10 ], "texture": "#door iron lower" },
        "south": { "uv": [ 8.25, 5.5, 8.75, 10 ], "texture": "#door iron lower" },
        "west":  { "uv": [ 9, 5.5, 9.5, 10 ], "texture": "#door iron lower" },
        "east":  { "uv": [ 6.5, 5.5, 7, 10 ], "texture": "#door iron lower" }
    }
},
{
    "from": [ 6.25, 6, 9 ],
    "to": [ 6.75, 10.5, 9.5 ],
    "faces": {
        "down":  { "uv": [ 9.75, 9.5, 9.25, 9 ], "texture": "#door iron lower" },
        "up":    { "uv": [ 6.25, 9, 6.75, 9.5 ], "texture": "#door iron lower" },
        "north": { "uv": [ 9.25, 5.5, 9.75, 10 ], "texture": "#door iron lower" },
        "south": { "uv": [ 6.25, 5.5, 6.75, 10 ], "texture": "#door iron lower" },
        "west":  { "uv": [ 9, 5.5, 9.5, 10 ], "texture": "#door iron lower" },
        "east":  { "uv": [ 6.5, 5.5, 7, 10 ], "texture": "#door iron lower" }
    }
},
{
    "from": [ 2.25, 6, 9 ],
    "to": [ 2.75, 10.5, 9.5 ],
    "faces": {
        "down":  { "uv": [ 13.75, 9.5, 13.25, 9 ], "texture": "#door iron lower" },
        "up":    { "uv": [ 2.25, 9, 2.75, 9.5 ], "texture": "#door iron lower" },
        "north": { "uv": [ 13.25, 5.5, 13.75, 10 ], "texture": "#door iron lower" },
        "south": { "uv": [ 2.25, 5.5, 2.75, 10 ], "texture": "#door iron lower" },
        "west":  { "uv": [ 9, 5.5, 9.5, 10 ], "texture": "#door iron lower" },
        "east":  { "uv": [ 6.5, 5.5, 7, 10 ], "texture": "#door iron lower" }
    }
},
{
    "from": [ 0, 8.5, 7.5 ],
    "to": [ 0.75, 9, 7.75 ],
    "faces": {
        "down":  { "uv": [ 16, 7.75, 15.25, 7.5 ], "texture": "#texture" },
        "up":    { "uv": [ 0, 7.5, 0.75, 7.75 ], "texture": "#texture" },
        "north": { "uv": [ 15.25, 7, 16, 7.5 ], "texture": "#texture" },
        "south": { "uv": [ 0, 7, 0.75, 7.5 ], "texture": "#texture" },
        "west":  { "uv": [ 7.5, 7, 7.75, 7.5 ], "texture": "#texture" },
        "east":  { "uv": [ 8.25, 7, 8.5, 7.5 ], "texture": "#texture" }
    }
},
{
    "from": [ 0, 8.5, 8.25 ],
    "to": [ 0.75, 9, 8.5 ],
    "faces": {
        "down":  { "uv": [ 16, 8.5, 15.25, 8.25 ], "texture": "#texture" },
        "up":    { "uv": [ 0, 8.25, 0.75, 8.5 ], "texture": "#texture" },
        "north": { "uv": [ 15.25, 7, 16, 7.5 ], "texture": "#texture" },
        "south": { "uv": [ 0, 7, 0.75, 7.5 ], "texture": "#texture" },
        "west":  { "uv": [ 8.25, 7, 8.5, 7.5 ], "texture": "#texture" },
        "east":  { "uv": [ 7.5, 7, 7.75, 7.5 ], "texture": "#texture" }
    }
},
{
    "from": [ 0.75, 8.5, 7.5 ],
    "to": [ 2, 9, 7.75 ],
    "rotation": { "origin": [ 0.75, 9, 7.5 ], "axis": "z", "angle": -22.5 },
    "faces": {
        "down":  { "uv": [ 0.75, 7.5, 2, 7.75 ], "texture": "#texture" },
        "up":    { "uv": [ 0.75, 7.5, 2, 7.75 ], "texture": "#texture" },
        "north": { "uv": [ 0.75, 7, 2, 7.5 ], "texture": "#texture" },
        "south": { "uv": [ 0.75, 7, 2, 7.5 ], "texture": "#texture" },
        "west":  { "uv": [ 7.5, 7, 7.75, 7.5 ], "texture": "#texture" },
        "east":  { "uv": [ 7.5, 7, 7.75, 7.5 ], "texture": "#texture" }
    }
},
{
    "from": [ 0.691313, 8.5, 8.25 ],
    "to": [ 1.94131, 9, 8.5 ],
    "rotation": { "origin": [ 0.691313, 9, 8.25 ], "axis": "z", "angle": -22.5 },
    "faces": {
        "down":  { "uv": [ 0.75, 7.5, 2, 7.75 ], "texture": "#texture" },
        "up":    { "uv": [ 0.75, 7.5, 2, 7.75 ], "texture": "#texture" },
        "north": { "uv": [ 0.75, 7, 2, 7.5 ], "texture": "#texture" },
        "south": { "uv": [ 0.75, 7, 2, 7.5 ], "texture": "#texture" },
        "west":  { "uv": [ 7.5, 7, 7.75, 7.5 ], "texture": "#texture" },
        "east":  { "uv": [ 7.5, 7, 7.75, 7.5 ], "texture": "#texture" }
    }
},
{
    "from": [ 0, 8.5, 7.875 ],
    "to": [ 0.75, 8.75, 8.125 ],
    "faces": {
        "down":  { "uv": [ 16, 8, 15.25, 7.75 ], "texture": "#bed end top" },
        "up":    { "uv": [ 0, 7.75, 0.75, 8 ], "texture": "#bed end top" },
        "north": { "uv": [ 15.25, 0, 16, 1 ], "texture": "#bed end top" },
        "south": { "uv": [ 0, 0, 0.75, 1 ], "texture": "#bed end top" },
        "west":  { "uv": [ 7.75, 0, 8, 1 ], "texture": "#bed end top" },
        "east":  { "uv": [ 8, 0, 8.25, 1 ], "texture": "#bed end top" }
    }
},
{
    "from": [ 6, 7, 8.75 ],
    "to": [ 7, 8.5, 9.75 ],
    "faces": {
        "down":  { "uv": [ 10, 9.75, 9, 8.75 ], "texture": "#texture" },
        "up":    { "uv": [ 6, 8.75, 7, 9.75 ], "texture": "#texture" },
        "north": { "uv": [ 9, 7.5, 10, 9 ], "texture": "#texture" },
        "south": { "uv": [ 6, 7.5, 7, 9 ], "texture": "#texture" },
        "west":  { "uv": [ 8.75, 7.5, 9.75, 9 ], "texture": "#texture" },
        "east":  { "uv": [ 6.25, 7.5, 7.25, 9 ], "texture": "#texture" }
    }
},
{
    "from": [ 4.25, 6, 9 ],
    "to": [ 4.75, 10.5, 9.5 ],
    "faces": {
        "down":  { "uv": [ 11.75, 9.5, 11.25, 9 ], "texture": "#door iron lower" },
        "up":    { "uv": [ 4.25, 9, 4.75, 9.5 ], "texture": "#door iron lower" },
        "north": { "uv": [ 11.25, 5.5, 11.75, 10 ], "texture": "#door iron lower" },
        "south": { "uv": [ 4.25, 5.5, 4.75, 10 ], "texture": "#door iron lower" },
        "west":  { "uv": [ 9, 5.5, 9.5, 10 ], "texture": "#door iron lower" },
        "east":  { "uv": [ 6.5, 5.5, 7, 10 ], "texture": "#door iron lower" }
    }
},
{
    "from": [ 6.375, 5.25, 9.125 ],
    "to": [ 6.625, 6, 9.375 ],
    "faces": {
        "down":  { "uv": [ 6.375, 9.125, 6.625, 9.375 ], "texture": "#door iron lower" },
        "up":    { "uv": [ 6.375, 9.125, 6.625, 9.375 ], "texture": "#door iron lower" },
        "north": { "uv": [ 6.375, 10, 6.625, 10.75 ], "texture": "#door iron lower" },
        "south": { "uv": [ 6.375, 10, 6.625, 10.75 ], "texture": "#door iron lower" },
        "west":  { "uv": [ 9.125, 10, 9.375, 10.75 ], "texture": "#door iron lower" },
        "east":  { "uv": [ 9.125, 10, 9.375, 10.75 ], "texture": "#door iron lower" }
    }
},
{
    "from": [ 8.375, 5.25, 9.125 ],
    "to": [ 8.625, 6, 9.375 ],
    "faces": {
        "down":  { "uv": [ 8.375, 9.125, 8.625, 9.375 ], "texture": "#door iron lower" },
        "up":    { "uv": [ 8.375, 9.125, 8.625, 9.375 ], "texture": "#door iron lower" },
        "north": { "uv": [ 8.375, 10, 8.625, 10.75 ], "texture": "#door iron lower" },
        "south": { "uv": [ 8.375, 10, 8.625, 10.75 ], "texture": "#door iron lower" },
        "west":  { "uv": [ 9.125, 10, 9.375, 10.75 ], "texture": "#door iron lower" },
        "east":  { "uv": [ 9.125, 10, 9.375, 10.75 ], "texture": "#door iron lower" }
    }
},
{
    "from": [ 2.375, 5.25, 9.125 ],
    "to": [ 2.625, 6, 9.375 ],
    "faces": {
        "down":  { "uv": [ 2.375, 9.125, 2.625, 9.375 ], "texture": "#door iron lower" },
        "up":    { "uv": [ 2.375, 9.125, 2.625, 9.375 ], "texture": "#door iron lower" },
        "north": { "uv": [ 2.375, 10, 2.625, 10.75 ], "texture": "#door iron lower" },
        "south": { "uv": [ 2.375, 10, 2.625, 10.75 ], "texture": "#door iron lower" },
        "west":  { "uv": [ 9.125, 10, 9.375, 10.75 ], "texture": "#door iron lower" },
        "east":  { "uv": [ 9.125, 10, 9.375, 10.75 ], "texture": "#door iron lower" }
    }
},
{
    "from": [ 4.375, 5.25, 9.125 ],
    "to": [ 4.625, 6, 9.375 ],
    "faces": {
        "down":  { "uv": [ 4.375, 9.125, 4.625, 9.375 ], "texture": "#door iron lower" },
        "up":    { "uv": [ 4.375, 9.125, 4.625, 9.375 ], "texture": "#door iron lower" },
        "north": { "uv": [ 4.375, 10, 4.625, 10.75 ], "texture": "#door iron lower" },
        "south": { "uv": [ 4.375, 10, 4.625, 10.75 ], "texture": "#door iron lower" },
        "west":  { "uv": [ 9.125, 10, 9.375, 10.75 ], "texture": "#door iron lower" },
        "east":  { "uv": [ 9.125, 10, 9.375, 10.75 ], "texture": "#door iron lower" }
    }
},
{
    "from": [ 3.75, 9.25, 9.125 ],
    "to": [ 4.25, 10.25, 9.375 ],
    "rotation": { "origin": [ 3.75, 10.25, 9.125 ], "axis": "z", "angle": 22.5 },
    "faces": {
        "down":  { "uv": [ 14.5, 8.5, 14, 7.5 ], "texture": "#bed end top" },
        "up":    { "uv": [ 1.5, 7.5, 2, 8.5 ], "texture": "#bed end top" },
        "north": { "uv": [ 14, 5.25, 14.5, 6.25 ], "texture": "#bed end top" },
        "south": { "uv": [ 1.5, 5.25, 2, 6.25 ], "texture": "#bed end top" },
        "west":  { "uv": [ 7.5, 5.25, 8.5, 6.25 ], "texture": "#bed end top" },
        "east":  { "uv": [ 7.5, 5.25, 8.5, 6.25 ], "texture": "#bed end top" }
    }
},
{
    "from": [ 7.75, 9.25, 9.125 ],
    "to": [ 8.25, 10.25, 9.375 ],
    "rotation": { "origin": [ 7.75, 10.25, 9.125 ], "axis": "z", "angle": 22.5 },
    "faces": {
        "down":  { "uv": [ 14.5, 8.5, 14, 7.5 ], "texture": "#bed end top" },
        "up":    { "uv": [ 1.5, 7.5, 2, 8.5 ], "texture": "#bed end top" },
        "north": { "uv": [ 14, 5.25, 14.5, 6.25 ], "texture": "#bed end top" },
        "south": { "uv": [ 1.5, 5.25, 2, 6.25 ], "texture": "#bed end top" },
        "west":  { "uv": [ 7.5, 5.25, 8.5, 6.25 ], "texture": "#bed end top" },
        "east":  { "uv": [ 7.5, 5.25, 8.5, 6.25 ], "texture": "#bed end top" }
    }
},
{
    "from": [ 5.75, 9.25, 9.125 ],
    "to": [ 6.25, 10.25, 9.375 ],
    "rotation": { "origin": [ 5.75, 10.25, 9.125 ], "axis": "z", "angle": 22.5 },
    "faces": {
        "down":  { "uv": [ 14.5, 8.5, 14, 7.5 ], "texture": "#bed end top" },
        "up":    { "uv": [ 1.5, 7.5, 2, 8.5 ], "texture": "#bed end top" },
        "north": { "uv": [ 14, 5.25, 14.5, 6.25 ], "texture": "#bed end top" },
        "south": { "uv": [ 1.5, 5.25, 2, 6.25 ], "texture": "#bed end top" },
        "west":  { "uv": [ 7.5, 5.25, 8.5, 6.25 ], "texture": "#bed end top" },
        "east":  { "uv": [ 7.5, 5.25, 8.5, 6.25 ], "texture": "#bed end top" }
    }
},
{
    "from": [ 1.75, 9.25, 9.125 ],
    "to": [ 2.25, 10.25, 9.375 ],
    "rotation": { "origin": [ 1.75, 10.25, 9.125 ], "axis": "z", "angle": 22.5 },
    "faces": {
        "down":  { "uv": [ 14.5, 8.5, 14, 7.5 ], "texture": "#bed end top" },
        "up":    { "uv": [ 1.5, 7.5, 2, 8.5 ], "texture": "#bed end top" },
        "north": { "uv": [ 14, 5.25, 14.5, 6.25 ], "texture": "#bed end top" },
        "south": { "uv": [ 1.5, 5.25, 2, 6.25 ], "texture": "#bed end top" },
        "west":  { "uv": [ 7.5, 5.25, 8.5, 6.25 ], "texture": "#bed end top" },
        "east":  { "uv": [ 7.5, 5.25, 8.5, 6.25 ], "texture": "#bed end top" }
    }
},
{
    "from": [ 4.75, 9.5, 9.125 ],
    "to": [ 5.25, 10.5, 9.375 ],
    "rotation": { "origin": [ 4.75, 10.5, 9.125 ], "axis": "z", "angle": -22.5 },
    "faces": {
        "down":  { "uv": [ 14.5, 8.5, 14, 7.5 ], "texture": "#bed end top" },
        "up":    { "uv": [ 1.5, 7.5, 2, 8.5 ], "texture": "#bed end top" },
        "north": { "uv": [ 14, 5.25, 14.5, 6.25 ], "texture": "#bed end top" },
        "south": { "uv": [ 1.5, 5.25, 2, 6.25 ], "texture": "#bed end top" },
        "west":  { "uv": [ 7.5, 5.25, 8.5, 6.25 ], "texture": "#bed end top" },
        "east":  { "uv": [ 7.5, 5.25, 8.5, 6.25 ], "texture": "#bed end top" }
    }
},
{
    "from": [ 2.75, 9.5, 9.125 ],
    "to": [ 3.25, 10.5, 9.375 ],
    "rotation": { "origin": [ 2.75, 10.5, 9.125 ], "axis": "z", "angle": -22.5 },
    "faces": {
        "down":  { "uv": [ 14.5, 8.5, 14, 7.5 ], "texture": "#bed end top" },
        "up":    { "uv": [ 1.5, 7.5, 2, 8.5 ], "texture": "#bed end top" },
        "north": { "uv": [ 14, 5.25, 14.5, 6.25 ], "texture": "#bed end top" },
        "south": { "uv": [ 1.5, 5.25, 2, 6.25 ], "texture": "#bed end top" },
        "west":  { "uv": [ 7.5, 5.25, 8.5, 6.25 ], "texture": "#bed end top" },
        "east":  { "uv": [ 7.5, 5.25, 8.5, 6.25 ], "texture": "#bed end top" }
    }
},
{
    "from": [ 6.75, 9.5, 9.125 ],
    "to": [ 7.25, 10.5, 9.375 ],
    "rotation": { "origin": [ 6.75, 10.5, 9.125 ], "axis": "z", "angle": -22.5 },
    "faces": {
        "down":  { "uv": [ 14.5, 8.5, 14, 7.5 ], "texture": "#bed end top" },
        "up":    { "uv": [ 1.5, 7.5, 2, 8.5 ], "texture": "#bed end top" },
        "north": { "uv": [ 14, 5.25, 14.5, 6.25 ], "texture": "#bed end top" },
        "south": { "uv": [ 1.5, 5.25, 2, 6.25 ], "texture": "#bed end top" },
        "west":  { "uv": [ 7.5, 5.25, 8.5, 6.25 ], "texture": "#bed end top" },
        "east":  { "uv": [ 7.5, 5.25, 8.5, 6.25 ], "texture": "#bed end top" }
    }
},
{
    "from": [ 8.75, 9.5, 9.125 ],
    "to": [ 9.25, 10.5, 9.375 ],
    "rotation": { "origin": [ 8.75, 10.5, 9.125 ], "axis": "z", "angle": -22.5 },
    "faces": {
        "down":  { "uv": [ 14.5, 8.5, 14, 7.5 ], "texture": "#bed end top" },
        "up":    { "uv": [ 1.5, 7.5, 2, 8.5 ], "texture": "#bed end top" },
        "north": { "uv": [ 14, 5.25, 14.5, 6.25 ], "texture": "#bed end top" },
        "south": { "uv": [ 1.5, 5.25, 2, 6.25 ], "texture": "#bed end top" },
        "west":  { "uv": [ 7.5, 5.25, 8.5, 6.25 ], "texture": "#bed end top" },
        "east":  { "uv": [ 7.5, 5.25, 8.5, 6.25 ], "texture": "#bed end top" }
    }
},
{
    "from": [ 6.375, 9.24619, 8.5 ],
    "to": [ 6.625, 10.2462, 9 ],
    "rotation": { "origin": [ 6.375, 10.2462, 8.5 ], "axis": "x", "angle": -22.5 },
    "faces": {
        "down":  { "uv": [ 13.75, 9, 13.5, 8.25 ], "texture": "#bed end top" },
        "up":    { "uv": [ 2.25, 8.25, 2.5, 9 ], "texture": "#bed end top" },
        "north": { "uv": [ 13.5, 0, 13.75, 1 ], "texture": "#bed end top" },
        "south": { "uv": [ 2.25, 0, 2.5, 1 ], "texture": "#bed end top" },
        "west":  { "uv": [ 8.25, 0, 9, 1 ], "texture": "#bed end top" },
        "east":  { "uv": [ 7, 0, 7.75, 1 ], "texture": "#bed end top" }
    }
},
{
    "from": [ 8.375, 9.25, 8.5 ],
    "to": [ 8.625, 10.25, 9 ],
    "rotation": { "origin": [ 8.375, 10.25, 8.5 ], "axis": "x", "angle": -22.5 },
    "faces": {
        "down":  { "uv": [ 13.75, 9, 13.5, 8.25 ], "texture": "#bed end top" },
        "up":    { "uv": [ 2.25, 8.25, 2.5, 9 ], "texture": "#bed end top" },
        "north": { "uv": [ 13.5, 0, 13.75, 1 ], "texture": "#bed end top" },
        "south": { "uv": [ 2.25, 0, 2.5, 1 ], "texture": "#bed end top" },
        "west":  { "uv": [ 8.25, 0, 9, 1 ], "texture": "#bed end top" },
        "east":  { "uv": [ 7, 0, 7.75, 1 ], "texture": "#bed end top" }
    }
},
{
    "from": [ 4.375, 9.25, 8.5 ],
    "to": [ 4.625, 10.25, 9 ],
    "rotation": { "origin": [ 4.375, 10.25, 8.5 ], "axis": "x", "angle": -22.5 },
    "faces": {
        "down":  { "uv": [ 13.75, 9, 13.5, 8.25 ], "texture": "#bed end top" },
        "up":    { "uv": [ 2.25, 8.25, 2.5, 9 ], "texture": "#bed end top" },
        "north": { "uv": [ 13.5, 0, 13.75, 1 ], "texture": "#bed end top" },
        "south": { "uv": [ 2.25, 0, 2.5, 1 ], "texture": "#bed end top" },
        "west":  { "uv": [ 8.25, 0, 9, 1 ], "texture": "#bed end top" },
        "east":  { "uv": [ 7, 0, 7.75, 1 ], "texture": "#bed end top" }
    }
},
{
    "from": [ 4.375, 9.5, 9.5 ],
    "to": [ 4.625, 10.5, 10 ],
    "rotation": { "origin": [ 4.375, 10.5, 9.5 ], "axis": "x", "angle": 22.5 },
    "faces": {
        "down":  { "uv": [ 13.75, 9, 13.5, 8.25 ], "texture": "#bed end top" },
        "up":    { "uv": [ 2.25, 8.25, 2.5, 9 ], "texture": "#bed end top" },
        "north": { "uv": [ 13.5, 0, 13.75, 1 ], "texture": "#bed end top" },
        "south": { "uv": [ 2.25, 0, 2.5, 1 ], "texture": "#bed end top" },
        "west":  { "uv": [ 8.25, 0, 9, 1 ], "texture": "#bed end top" },
        "east":  { "uv": [ 7, 0, 7.75, 1 ], "texture": "#bed end top" }
    }
},
{
    "from": [ 2.375, 9.25, 8.5 ],
    "to": [ 2.625, 10.25, 9 ],
    "rotation": { "origin": [ 2.375, 10.25, 8.5 ], "axis": "x", "angle": -22.5 },
    "faces": {
        "down":  { "uv": [ 13.75, 9, 13.5, 8.25 ], "texture": "#bed end top" },
        "up":    { "uv": [ 2.25, 8.25, 2.5, 9 ], "texture": "#bed end top" },
        "north": { "uv": [ 13.5, 0, 13.75, 1 ], "texture": "#bed end top" },
        "south": { "uv": [ 2.25, 0, 2.5, 1 ], "texture": "#bed end top" },
        "west":  { "uv": [ 8.25, 0, 9, 1 ], "texture": "#bed end top" },
        "east":  { "uv": [ 7, 0, 7.75, 1 ], "texture": "#bed end top" }
    }
},
{
    "from": [ 8.375, 9.5, 9.5 ],
    "to": [ 8.625, 10.5, 10 ],
    "rotation": { "origin": [ 8.375, 10.5, 9.5 ], "axis": "x", "angle": 22.5 },
    "faces": {
        "down":  { "uv": [ 13.75, 9, 13.5, 8.25 ], "texture": "#bed end top" },
        "up":    { "uv": [ 2.25, 8.25, 2.5, 9 ], "texture": "#bed end top" },
        "north": { "uv": [ 13.5, 0, 13.75, 1 ], "texture": "#bed end top" },
        "south": { "uv": [ 2.25, 0, 2.5, 1 ], "texture": "#bed end top" },
        "west":  { "uv": [ 8.25, 0, 9, 1 ], "texture": "#bed end top" },
        "east":  { "uv": [ 7, 0, 7.75, 1 ], "texture": "#bed end top" }
    }
},
{
    "from": [ 6.375, 9.5, 9.5 ],
    "to": [ 6.625, 10.5, 10 ],
    "rotation": { "origin": [ 6.375, 10.5, 9.5 ], "axis": "x", "angle": 22.5 },
    "faces": {
        "down":  { "uv": [ 13.75, 9, 13.5, 8.25 ], "texture": "#bed end top" },
        "up":    { "uv": [ 2.25, 8.25, 2.5, 9 ], "texture": "#bed end top" },
        "north": { "uv": [ 13.5, 0, 13.75, 1 ], "texture": "#bed end top" },
        "south": { "uv": [ 2.25, 0, 2.5, 1 ], "texture": "#bed end top" },
        "west":  { "uv": [ 8.25, 0, 9, 1 ], "texture": "#bed end top" },
        "east":  { "uv": [ 7, 0, 7.75, 1 ], "texture": "#bed end top" }
    }
},
{
    "from": [ 2.375, 9.5, 9.5 ],
    "to": [ 2.625, 10.5, 10 ],
    "rotation": { "origin": [ 2.375, 10.5, 9.5 ], "axis": "x", "angle": 22.5 },
    "faces": {
        "down":  { "uv": [ 13.75, 9, 13.5, 8.25 ], "texture": "#bed end top" },
        "up":    { "uv": [ 2.25, 8.25, 2.5, 9 ], "texture": "#bed end top" },
        "north": { "uv": [ 13.5, 0, 13.75, 1 ], "texture": "#bed end top" },
        "south": { "uv": [ 2.25, 0, 2.5, 1 ], "texture": "#bed end top" },
        "west":  { "uv": [ 8.25, 0, 9, 1 ], "texture": "#bed end top" },
        "east":  { "uv": [ 7, 0, 7.75, 1 ], "texture": "#bed end top" }
    }
}
],
"display": {
    "thirdperson": {
        "rotation": [ 0, 90, -90 ],
        "translation": [ 0, 2.2, -1.8 ],
        "scale": [ 0.85, 0.85, 0.85 ]
    },
    "ground": {
        "rotation": [ 0, 0, 0 ],
        "translation": [ 0, 0, 0 ],
        "scale": [ 3, 3, 3 ]
    },
    "fixed": {
        "rotation": [ 0, 180, -45 ],
        "translation": [ -0.8, 0, -1.1 ],
        "scale": [ 1.5, 1.5, 1.5 ]
    },
    "firstperson": {
        "rotation": [ 0, -135, 0 ],
        "translation": [ -5.4, 5.2, -7 ],
        "scale": [ 2, 2, 2 ]
    },
    "gui": {
        "rotation": [ -30, 135, -45 ],
        "translation": [ -0.6, -0.6, 0 ],
        "scale": [ 0.9, 0.9, 0.9 ]
    }
}
}