{
"__comment": "Designed by Corporalblober with BDcraft Cubik PRO 0.95 Beta - http://bdcraft.net",
"textures": {
    "texture": "blocks/anvil 1",
    "anvil": "blocks/anvil 1",
    "orange": "blocks/hardened clay stained orange",
    "iron": "blocks/door iron lower"
},
"elements": [ 
{
    "from": [ 8.75, 5.25, 6.5 ],
    "to": [ 17.5, 10.25, 13.5 ],
    "faces": {
        "down":  { "uv": [ 7.25, 13.5, 0, 6.5 ], "texture": "#orange", "cullface": "east" },
        "up":    { "uv": [ 8.75, 6.5, 16, 13.5 ], "texture": "#orange", "cullface": "east" },
        "north": { "uv": [ 0, 5.75, 7.25, 10.75 ], "texture": "#orange", "cullface": "east" },
        "south": { "uv": [ 8.75, 5.75, 16, 10.75 ], "texture": "#orange", "cullface": "east" },
        "west":  { "uv": [ 6.5, 5.75, 13.5, 10.75 ], "texture": "#orange", "cullface": "east" },
        "east":  { "uv": [ 2.5, 5.75, 9.5, 10.75 ], "texture": "#orange", "cullface": "east" }
    }
},
{
    "from": [ -5.5, 6.25, 7.75 ],
    "to": [ 8.75, 9.5, 8.25 ],
    "faces": {
        "down":  { "uv": [ 1, 7.75, 15, 8.25 ], "texture": "#iron", "cullface": "west" },
        "up":    { "uv": [ 1, 7.75, 15, 8.25 ], "texture": "#iron", "cullface": "west" },
        "north": { "uv": [ 1, 6.5, 15, 9.75 ], "texture": "#iron", "cullface": "west" },
        "south": { "uv": [ 1, 6.5, 15, 9.75 ], "texture": "#iron", "cullface": "west" },
        "west":  { "uv": [ 7.75, 6.5, 8.25, 9.75 ], "texture": "#iron", "cullface": "west" }
    }
},
{
    "from": [ -6.25, 6.5, 7.75 ],
    "to": [ -5.5, 9.25, 8.25 ],
    "faces": {
        "down":  { "uv": [ -1, 7.75, -0.25, 8.25 ], "texture": "#iron", "cullface": "west" },
        "up":    { "uv": [ 1, 7.75, 1.75, 8.25 ], "texture": "#iron", "cullface": "west" },
        "north": { "uv": [ 1, 6.75, 1.75, 9.5 ], "texture": "#iron", "cullface": "west" },
        "south": { "uv": [ 1, 6.75, 1.75, 9.5 ], "texture": "#iron", "cullface": "west" },
        "west":  { "uv": [ 7.75, 6.75, 8.25, 9.5 ], "texture": "#iron", "cullface": "west" }
    }
},
{
    "from": [ -6.75, 6.75, 7.75 ],
    "to": [ -6.25, 9, 8.25 ],
    "faces": {
        "down":  { "uv": [ -6.75, 7.75, -6.25, 8.25 ], "texture": "#iron", "cullface": "west" },
        "up":    { "uv": [ 1, 7.75, 1.5, 8.25 ], "texture": "#iron", "cullface": "west" },
        "north": { "uv": [ 1, 7, 1.5, 9.25 ], "texture": "#iron", "cullface": "west" },
        "south": { "uv": [ 1, 7, 1.5, 9.25 ], "texture": "#iron", "cullface": "west" }
    }
},
{
    "from": [ -7, 7, 7.75 ],
    "to": [ -6.75, 8.75, 8.25 ],
    "faces": {
        "down":  { "uv": [ 16, 8.25, 16, 7.75 ], "texture": "#texture", "cullface": "west" },
        "up":    { "uv": [ 0, 7.75, 0, 8.25 ], "texture": "#texture", "cullface": "west" },
        "north": { "uv": [ 16, 7.25, 16, 9 ], "texture": "#texture", "cullface": "west" },
        "south": { "uv": [ 0, 7.25, 0, 9 ], "texture": "#texture", "cullface": "west" },
        "west":  { "uv": [ 7.75, 7.25, 8.25, 9 ], "texture": "#texture", "cullface": "west" }
    }
},
{
    "from": [ -5.5, 9.25, 7.5 ],
    "to": [ 8.75, 9.75, 8.5 ],
    "faces": {
        "down":  { "uv": [ 16, 8.5, 7.25, 7.5 ], "texture": "#texture", "cullface": "west" },
        "up":    { "uv": [ 0, 7.5, 8.75, 8.5 ], "texture": "#texture", "cullface": "west" },
        "north": { "uv": [ 7.25, 6.25, 16, 6.75 ], "texture": "#texture", "cullface": "west" },
        "south": { "uv": [ 0, 6.25, 8.75, 6.75 ], "texture": "#texture", "cullface": "west" },
        "west":  { "uv": [ 7.5, 6.25, 8.5, 6.75 ], "texture": "#texture", "cullface": "west" }
    }
},
{
    "from": [ -6.25, 9, 7.5 ],
    "to": [ -5.5, 9.5, 8.5 ],
    "faces": {
        "down":  { "uv": [ 16, 8.5, 16, 7.5 ], "texture": "#texture", "cullface": "west" },
        "up":    { "uv": [ 0, 7.5, 0, 8.5 ], "texture": "#texture", "cullface": "west" },
        "north": { "uv": [ 16, 6.5, 16, 7 ], "texture": "#texture", "cullface": "west" },
        "south": { "uv": [ 0, 6.5, 0, 7 ], "texture": "#texture", "cullface": "west" },
        "west":  { "uv": [ 7.5, 6.5, 8.5, 7 ], "texture": "#texture", "cullface": "west" },
        "east":  { "uv": [ 7.5, 6.5, 8.5, 7 ], "texture": "#texture", "cullface": "west" }
    }
},
{
    "from": [ -6.75, 8.75, 7.5 ],
    "to": [ -6.25, 9.25, 8.5 ],
    "faces": {
        "down":  { "uv": [ 16, 8.5, 16, 7.5 ], "texture": "#texture", "cullface": "west" },
        "up":    { "uv": [ 0, 7.5, 0, 8.5 ], "texture": "#texture", "cullface": "west" },
        "north": { "uv": [ 16, 6.75, 16, 7.25 ], "texture": "#texture", "cullface": "west" },
        "south": { "uv": [ 0, 6.75, 0, 7.25 ], "texture": "#texture", "cullface": "west" },
        "west":  { "uv": [ 7.5, 6.75, 8.5, 7.25 ], "texture": "#texture", "cullface": "west" },
        "east":  { "uv": [ 7.5, 6.75, 8.5, 7.25 ], "texture": "#texture", "cullface": "west" }
    }
},
{
    "from": [ -7.25, 6.75, 7.5 ],
    "to": [ -6.75, 9, 8.5 ],
    "faces": {
        "down":  { "uv": [ 16, 8.5, 16, 7.5 ], "texture": "#texture", "cullface": "west" },
        "up":    { "uv": [ 0, 7.5, 0, 8.5 ], "texture": "#texture", "cullface": "west" },
        "north": { "uv": [ 16, 7, 16, 9.25 ], "texture": "#texture", "cullface": "west" },
        "south": { "uv": [ 0, 7, 0, 9.25 ], "texture": "#texture", "cullface": "west" },
        "west":  { "uv": [ 7.5, 7, 8.5, 9.25 ], "texture": "#texture", "cullface": "west" },
        "east":  { "uv": [ 7.5, 7, 8.5, 9.25 ], "texture": "#texture", "cullface": "west" }
    }
},
{
    "from": [ -6.75, 6.5, 7.5 ],
    "to": [ -6.25, 7, 8.5 ],
    "faces": {
        "down":  { "uv": [ 16, 8.5, 16, 7.5 ], "texture": "#texture", "cullface": "west" },
        "up":    { "uv": [ 0, 7.5, 0, 8.5 ], "texture": "#texture", "cullface": "west" },
        "north": { "uv": [ 16, 9, 16, 9.5 ], "texture": "#texture", "cullface": "west" },
        "south": { "uv": [ 0, 9, 0, 9.5 ], "texture": "#texture", "cullface": "west" },
        "west":  { "uv": [ 7.5, 9, 8.5, 9.5 ], "texture": "#texture", "cullface": "west" },
        "east":  { "uv": [ 7.5, 9, 8.5, 9.5 ], "texture": "#texture", "cullface": "west" }
    }
},
{
    "from": [ -6.25, 6.25, 7.5 ],
    "to": [ -5.5, 6.75, 8.5 ],
    "faces": {
        "down":  { "uv": [ 16, 8.5, 16, 7.5 ], "texture": "#texture", "cullface": "west" },
        "up":    { "uv": [ 0, 7.5, 0, 8.5 ], "texture": "#texture", "cullface": "west" },
        "north": { "uv": [ 16, 9.25, 16, 9.75 ], "texture": "#texture", "cullface": "west" },
        "south": { "uv": [ 0, 9.25, 0, 9.75 ], "texture": "#texture", "cullface": "west" },
        "west":  { "uv": [ 7.5, 9.25, 8.5, 9.75 ], "texture": "#texture", "cullface": "west" },
        "east":  { "uv": [ 7.5, 9.25, 8.5, 9.75 ], "texture": "#texture", "cullface": "west" }
    }
},
{
    "from": [ -5.5, 6, 7.5 ],
    "to": [ 8.75, 6.5, 8.5 ],
    "faces": {
        "down":  { "uv": [ 16, 8.5, 7.25, 7.5 ], "texture": "#texture", "cullface": "west" },
        "up":    { "uv": [ 0, 7.5, 8.75, 8.5 ], "texture": "#texture", "cullface": "west" },
        "north": { "uv": [ 7.25, 9.5, 16, 10 ], "texture": "#texture", "cullface": "west" },
        "south": { "uv": [ 0, 9.5, 8.75, 10 ], "texture": "#texture", "cullface": "west" },
        "west":  { "uv": [ 7.5, 9.5, 8.5, 10 ], "texture": "#texture", "cullface": "west" }
    }
},
{
    "from": [ 10.75, 10.25, 6.75 ],
    "to": [ 17.5, 11.75, 13.25 ],
    "faces": {
        "up":    { "uv": [ 10.75, 6.75, 16, 13.25 ], "texture": "#orange", "cullface": "east" },
        "north": { "uv": [ 0, 4.25, 5.25, 5.75 ], "texture": "#orange", "cullface": "east" },
        "south": { "uv": [ 10.75, 4.25, 16, 5.75 ], "texture": "#orange", "cullface": "east" },
        "west":  { "uv": [ 6.75, 4.25, 13.25, 5.75 ], "texture": "#orange", "cullface": "east" },
        "east":  { "uv": [ 2.75, 4.25, 9.25, 5.75 ], "texture": "#orange", "cullface": "east" }
    }
},
{
    "from": [ 10.75, 11.75, 7 ],
    "to": [ 17.5, 12, 13 ],
    "faces": {
        "up":    { "uv": [ 10.75, 7, 16, 13 ], "texture": "#orange", "cullface": "east" },
        "north": { "uv": [ 0, 4, 5.25, 4.25 ], "texture": "#orange", "cullface": "east" },
        "south": { "uv": [ 10.75, 4, 16, 4.25 ], "texture": "#orange", "cullface": "east" },
        "west":  { "uv": [ 7, 4, 13, 4.25 ], "texture": "#orange", "cullface": "east" },
        "east":  { "uv": [ 3, 4, 9, 4.25 ], "texture": "#orange", "cullface": "east" }
    }
},
{
    "from": [ 10.75, 12, 7.5 ],
    "to": [ 17.5, 12.25, 12.5 ],
    "faces": {
        "up":    { "uv": [ 10.75, 7.5, 16, 12.5 ], "texture": "#orange", "cullface": "east" },
        "north": { "uv": [ 0, 3.75, 5.25, 4 ], "texture": "#orange", "cullface": "east" },
        "south": { "uv": [ 10.75, 3.75, 16, 4 ], "texture": "#orange", "cullface": "east" },
        "west":  { "uv": [ 7.5, 3.75, 12.5, 4 ], "texture": "#orange", "cullface": "east" },
        "east":  { "uv": [ 3.5, 3.75, 8.5, 4 ], "texture": "#orange", "cullface": "east" }
    }
},
{
    "from": [ 10.75, 9.25, 8.75 ],
    "to": [ 13, 11.75, 13.25 ],
    "rotation": { "origin": [ 10.75, 11.75, 8.75 ], "axis": "z", "angle": -45 },
    "faces": {
        "down":  { "uv": [ 7.25, 13, 5, 9.25 ], "texture": "#orange" },
        "up":    { "uv": [ 8.75, 9.25, 11, 13 ], "texture": "#orange" },
        "north": { "uv": [ 5, 4, 7.25, 6.5 ], "texture": "#orange" },
        "south": { "uv": [ 8.75, 4, 11, 6.5 ], "texture": "#orange" },
        "west":  { "uv": [ 9.25, 4, 13, 6.5 ], "texture": "#orange" },
        "east":  { "uv": [ 3, 4, 6.75, 6.5 ], "texture": "#orange" }
    }
},
{
    "from": [ 9, 10.25, 7 ],
    "to": [ 10.5, 12, 8.5 ],
    "faces": {
        "up":    { "uv": [ 9, 7, 10.5, 8.5 ], "texture": "#orange" },
        "north": { "uv": [ 5.5, 4, 7, 5.75 ], "texture": "#orange" },
        "south": { "uv": [ 9, 4, 10.5, 5.75 ], "texture": "#orange" },
        "west":  { "uv": [ 7, 4, 8.5, 5.75 ], "texture": "#orange" },
        "east":  { "uv": [ 7.5, 4, 9, 5.75 ], "texture": "#orange" }
    }
},
{
    "from": [ 9.25, 12, 7.25 ],
    "to": [ 10.25, 12.5, 8.25 ],
    "faces": {
        "up":    { "uv": [ 9.25, 7.25, 10.25, 8.25 ], "texture": "#texture" },
        "north": { "uv": [ 5.75, 3.5, 6.75, 4 ], "texture": "#texture" },
        "south": { "uv": [ 9.25, 3.5, 10.25, 4 ], "texture": "#texture" },
        "west":  { "uv": [ 7.25, 3.5, 8.25, 4 ], "texture": "#texture" },
        "east":  { "uv": [ 7.75, 3.5, 8.75, 4 ], "texture": "#texture" }
    }
},
{
    "from": [ 9.25, 13.8125, 8.75 ],
    "to": [ 10.25, 14.8125, 10 ],
    "rotation": { "origin": [ 9.25, 14.8125, 8.75 ], "axis": "x", "angle": -22.5 },
    "faces": {
        "down":  { "uv": [ 9.25, 7.25, 10.25, 10 ], "texture": "#texture" },
        "up":    { "uv": [ 9.25, 7.25, 10.25, 10 ], "texture": "#texture" },
        "north": { "uv": [ 9.25, 1.75, 10.25, 2.75 ], "texture": "#texture" },
        "south": { "uv": [ 9.25, 1.75, 10.25, 2.75 ], "texture": "#texture" },
        "west":  { "uv": [ 7.25, 1.75, 10, 2.75 ], "texture": "#texture" },
        "east":  { "uv": [ 7.25, 1.75, 10, 2.75 ], "texture": "#texture" }
    }
},
{
    "from": [ 9.25, 14.25, 9.75 ],
    "to": [ 10.25, 15.25, 12.5 ],
    "faces": {
        "down":  { "uv": [ 6.75, 13.5, 5.75, 9.75 ], "texture": "#texture" },
        "up":    { "uv": [ 9.25, 9.75, 10.25, 13.5 ], "texture": "#texture" },
        "north": { "uv": [ 5.75, 1, 6.75, 2 ], "texture": "#texture" },
        "west":  { "uv": [ 9.75, 1, 13.5, 2 ], "texture": "#texture" },
        "east":  { "uv": [ 2.5, 1, 6.25, 2 ], "texture": "#texture" }
    }
},
{
    "from": [ 9.25, 13.75, 13.75 ],
    "to": [ 10.25, 14.75, 14.75 ],
    "rotation": { "origin": [ 9.25, 14.75, 13.75 ], "axis": "x", "angle": 45 },
    "faces": {
        "down":  { "uv": [ 9.25, 13, 10.25, 15 ], "texture": "#texture" },
        "up":    { "uv": [ 9.25, 13, 10.25, 15 ], "texture": "#texture" },
        "north": { "uv": [ 9.25, 1, 10.25, 2 ], "texture": "#texture" },
        "south": { "uv": [ 9.25, 1, 10.25, 2 ], "texture": "#texture" },
        "west":  { "uv": [ 13, 1, 15, 2 ], "texture": "#texture" },
        "east":  { "uv": [ 13, 1, 15, 2 ], "texture": "#texture" }
    }
},
{
    "from": [ 9.25, 8.5, 14 ],
    "to": [ 10.25, 12.75, 15 ],
    "faces": {
        "down":  { "uv": [ 6.75, 15, 5.75, 14 ], "texture": "#texture" },
        "up":    { "uv": [ 9.25, 14, 10.25, 15 ], "texture": "#texture" },
        "north": { "uv": [ 5.75, 3.25, 6.75, 7.5 ], "texture": "#texture" },
        "south": { "uv": [ 9.25, 3.25, 10.25, 7.5 ], "texture": "#texture" },
        "west":  { "uv": [ 14, 3.25, 15, 7.5 ], "texture": "#texture" },
        "east":  { "uv": [ 1, 3.25, 2, 7.5 ], "texture": "#texture" }
    }
},
{
    "from": [ 9.25, 7.5, 14.125 ],
    "to": [ 10.25, 9, 15.125 ],
    "rotation": { "origin": [ 9.25, 9, 14.125 ], "axis": "x", "angle": 22.5 },
    "faces": {
        "down":  { "uv": [ 9.25, 14, 10.25, 15 ], "texture": "#texture" },
        "up":    { "uv": [ 9.25, 14, 10.25, 15 ], "texture": "#texture" },
        "north": { "uv": [ 9.25, 7.75, 10.25, 10 ], "texture": "#texture" },
        "south": { "uv": [ 9.25, 7.75, 10.25, 10 ], "texture": "#texture" },
        "west":  { "uv": [ 14, 7.75, 15, 10 ], "texture": "#texture" },
        "east":  { "uv": [ 14, 7.75, 15, 10 ], "texture": "#texture" }
    }
},
{
    "from": [ 9.25, 12.25, 7.75 ],
    "to": [ 10.25, 13.75, 8.75 ],
    "rotation": { "origin": [ 9.25, 13.75, 7.75 ], "axis": "x", "angle": 22.5 },
    "faces": {
        "down":  { "uv": [ 8.5, 8, 7.5, 7 ], "texture": "#texture" },
        "up":    { "uv": [ 7.5, 7, 8.5, 8 ], "texture": "#texture" },
        "north": { "uv": [ 7.5, 1.5, 8.5, 3.5 ], "texture": "#texture" },
        "south": { "uv": [ 7.5, 1.5, 8.5, 3.5 ], "texture": "#texture" },
        "west":  { "uv": [ 7, 1.5, 8, 3.5 ], "texture": "#texture" },
        "east":  { "uv": [ 8, 1.5, 9, 3.5 ], "texture": "#texture" }
    }
},
{
    "from": [ 9.25, 12.75, 7.75 ],
    "to": [ 10.25, 13.75, 9.25 ],
    "rotation": { "origin": [ 9.25, 13.75, 7.75 ], "axis": "x", "angle": -45 },
    "faces": {
        "down":  { "uv": [ 9.25, 7.75, 10.25, 9.25 ], "texture": "#texture" },
        "up":    { "uv": [ 9.25, 7.75, 10.25, 9.25 ], "texture": "#texture" },
        "north": { "uv": [ 9.25, 2, 10.25, 3 ], "texture": "#texture" },
        "south": { "uv": [ 9.25, 2, 10.25, 3 ], "texture": "#texture" },
        "west":  { "uv": [ 7.75, 2, 9.25, 3 ], "texture": "#texture" },
        "east":  { "uv": [ 7.75, 2, 9.25, 3 ], "texture": "#texture" }
    }
},
{
    "from": [ 9.25, 14.25, 12.5 ],
    "to": [ 10.25, 15.25, 14 ],
    "rotation": { "origin": [ 9.25, 15.25, 12.5 ], "axis": "x", "angle": 22.5 },
    "faces": {
        "down":  { "uv": [ 9.25, 12.5, 10.25, 14 ], "texture": "#texture" },
        "up":    { "uv": [ 9.25, 12.5, 10.25, 14 ], "texture": "#texture" },
        "south": { "uv": [ 9.25, 1, 10.25, 2 ], "texture": "#texture" },
        "west":  { "uv": [ 12.5, 1, 14, 2 ], "texture": "#texture" },
        "east":  { "uv": [ 12.5, 1, 14, 2 ], "texture": "#texture" }
    }
},
{
    "from": [ 9.25, 12.25, 13.5 ],
    "to": [ 10.25, 13.75, 14.5 ],
    "rotation": { "origin": [ 9.25, 13.75, 13.5 ], "axis": "x", "angle": -22.5 },
    "faces": {
        "down":  { "uv": [ 8.5, 14.75, 7.5, 13.75 ], "texture": "#texture" },
        "up":    { "uv": [ 7.5, 13.75, 8.5, 14.75 ], "texture": "#texture" },
        "north": { "uv": [ 7.5, 2.25, 8.5, 3.75 ], "texture": "#texture" },
        "south": { "uv": [ 7.5, 2.25, 8.5, 3.75 ], "texture": "#texture" },
        "west":  { "uv": [ 13.75, 2.25, 14.75, 3.75 ], "texture": "#texture" },
        "east":  { "uv": [ 1.25, 2.25, 2.25, 3.75 ], "texture": "#texture" }
    }
},
{
    "from": [ 9.25, 6, 12.75 ],
    "to": [ 10.25, 7, 14.25 ],
    "rotation": { "origin": [ 9.25, 7, 12.75 ], "axis": "x", "angle": -45 },
    "faces": {
        "down":  { "uv": [ 9.25, 12.75, 10.25, 14.25 ], "texture": "#texture" },
        "up":    { "uv": [ 9.25, 12.75, 10.25, 14.25 ], "texture": "#texture" },
        "north": { "uv": [ 9.25, 9, 10.25, 10 ], "texture": "#texture" },
        "south": { "uv": [ 9.25, 9, 10.25, 10 ], "texture": "#texture" },
        "west":  { "uv": [ 12.75, 9, 14.25, 10 ], "texture": "#texture" },
        "east":  { "uv": [ 12.75, 9, 14.25, 10 ], "texture": "#texture" }
    }
},
{
    "from": [ 17.375, 10.125, 9.25 ],
    "to": [ 22.875, 11.375, 10.75 ],
    "rotation": { "origin": [ 17.375, 11.375, 9.25 ], "axis": "z", "angle": -22.5 },
    "faces": {
        "down":  { "uv": [ 0, 10.75, 0, 9.25 ], "texture": "#orange", "cullface": "east" },
        "up":    { "uv": [ 16, 9.25, 16, 10.75 ], "texture": "#orange", "cullface": "east" },
        "north": { "uv": [ 0, 5.5, 0, 6.75 ], "texture": "#orange", "cullface": "east" },
        "south": { "uv": [ 16, 5.5, 16, 6.75 ], "texture": "#orange", "cullface": "east" },
        "west":  { "uv": [ 9.25, 5.5, 10.75, 6.75 ], "texture": "#orange", "cullface": "east" },
        "east":  { "uv": [ 5.25, 5.5, 6.75, 6.75 ], "texture": "#orange", "cullface": "east" }
    }
},
{
    "from": [ 21.25, 8.5, 9.25 ],
    "to": [ 22.5, 9.25, 10.75 ],
    "faces": {
        "up":    { "uv": [ 16, 9.25, 16, 10.75 ], "texture": "#orange", "cullface": "east" },
        "north": { "uv": [ 0, 6.75, 0, 7.5 ], "texture": "#orange", "cullface": "east" },
        "south": { "uv": [ 16, 6.75, 16, 7.5 ], "texture": "#orange", "cullface": "east" },
        "west":  { "uv": [ 9.25, 6.75, 10.75, 7.5 ], "texture": "#orange", "cullface": "east" },
        "east":  { "uv": [ 5.25, 6.75, 6.75, 7.5 ], "texture": "#orange", "cullface": "east" }
    }
},
{
    "from": [ 17.5, 6.25, 8.75 ],
    "to": [ 22.5, 7.75, 11.25 ],
    "faces": {
        "down":  { "uv": [ 0, 11.25, 0, 8.75 ], "texture": "#orange", "cullface": "east" },
        "up":    { "uv": [ 16, 8.75, 16, 11.25 ], "texture": "#orange", "cullface": "east" },
        "north": { "uv": [ 0, 8.25, 0, 9.75 ], "texture": "#orange", "cullface": "east" },
        "south": { "uv": [ 16, 8.25, 16, 9.75 ], "texture": "#orange", "cullface": "east" },
        "east":  { "uv": [ 4.75, 8.25, 7.25, 9.75 ], "texture": "#orange", "cullface": "east" }
    }
},
{
    "from": [ 17.75, 9.25, 9.5 ],
    "to": [ 19.5, 10.5, 10.5 ],
    "rotation": { "origin": [ 17.75, 10.5, 9.5 ], "axis": "z", "angle": -22.5 },
    "faces": {
        "down":  { "uv": [ 0, 10.5, 0, 9.5 ], "texture": "#anvil", "cullface": "east" },
        "up":    { "uv": [ 16, 9.5, 16, 10.5 ], "texture": "#anvil", "cullface": "east" },
        "north": { "uv": [ 0, 0, 0, 1 ], "texture": "#anvil", "cullface": "east" },
        "south": { "uv": [ 16, 0, 16, 1 ], "texture": "#anvil", "cullface": "east" },
        "west":  { "uv": [ 9.5, 0, 10.5, 1 ], "texture": "#anvil", "cullface": "east" },
        "east":  { "uv": [ 5.5, 0, 6.5, 1 ], "texture": "#anvil", "cullface": "east" }
    }
},
{
    "from": [ 16.75, 5.125, 8.75 ],
    "to": [ 19.5, 6.625, 11.25 ],
    "rotation": { "origin": [ 16.75, 6.625, 8.75 ], "axis": "z", "angle": 22.5 },
    "faces": {
        "down":  { "uv": [ 13.25, 8.75, 16, 11.25 ], "texture": "#orange", "cullface": "east" },
        "up":    { "uv": [ 13.25, 8.75, 16, 11.25 ], "texture": "#orange", "cullface": "east" },
        "north": { "uv": [ 13.25, 9.375, 16, 10.875 ], "texture": "#orange", "cullface": "east" },
        "south": { "uv": [ 13.25, 9.375, 16, 10.875 ], "texture": "#orange", "cullface": "east" },
        "west":  { "uv": [ 8.75, 9.375, 11.25, 10.875 ], "texture": "#orange", "cullface": "east" },
        "east":  { "uv": [ 8.75, 9.375, 11.25, 10.875 ], "texture": "#orange", "cullface": "east" }
    }
},
{
    "from": [ 21.25, 7.75, 9 ],
    "to": [ 22.5, 8.5, 11 ],
    "faces": {
        "up":    { "uv": [ 16, 9, 16, 11 ], "texture": "#orange", "cullface": "east" },
        "north": { "uv": [ 0, 7.5, 0, 8.25 ], "texture": "#orange", "cullface": "east" },
        "south": { "uv": [ 16, 7.5, 16, 8.25 ], "texture": "#orange", "cullface": "east" },
        "west":  { "uv": [ 9, 7.5, 11, 8.25 ], "texture": "#orange", "cullface": "east" },
        "east":  { "uv": [ 5, 7.5, 7, 8.25 ], "texture": "#orange", "cullface": "east" }
    }
}
],
"display": {
    "thirdperson": {
        "rotation": [ 0, 90, -170 ],
        "translation": [ -0.8, 2.5, -5.7 ],
        "scale": [ 0.85, 0.85, 0.85 ]
    },
    "ground": {
        "rotation": [ 0, 0, 0 ],
        "translation": [ 0, 0, 0 ],
        "scale": [ 3, 3, 3 ]
    },
    "fixed": {
        "rotation": [ 0, 180, -45 ],
        "translation": [ -0.8, 0.5, -1.1 ],
        "scale": [ 1.5, 1.5, 1.5 ]
    },
    "firstperson": {
        "rotation": [ 13, -94, 0 ],
        "translation": [ 0.8, 1.2, -9.3 ],
        "scale": [ 2, 2, 2 ]
    },
    "gui": {
        "rotation": [ -30, 135, -45 ],
        "translation": [ -1.8, -1.4, 1.3 ],
        "scale": [ 0.9, 0.9, 0.9 ]
    }
}
}