{
"__comment": "Designed by Corporalblober with BDcraft Cubik PRO 0.95 Beta - http://bdcraft.net",
"textures": {
    "particle": "blocks/anvil 1",
    "texture": "blocks/anvil 1",
    "wool colored red": "blocks/hardened clay stained red"
},
"elements": [ 
{
    "from": [ 7.25, 1.25, 7.5 ],
    "to": [ 8.75, 13.25, 8.5 ],
    "faces": {
        "north": { "uv": [ 7.25, 2.75, 8.75, 14.75 ], "texture": "#wool colored red" },
        "south": { "uv": [ 7.25, 2.75, 8.75, 14.75 ], "texture": "#wool colored red" },
        "west":  { "uv": [ 7.5, 2.75, 8.5, 14.75 ], "texture": "#wool colored red" },
        "east":  { "uv": [ 7.5, 2.75, 8.5, 14.75 ], "texture": "#wool colored red" }
    }
},
{
    "from": [ 7.5, 1.25, 7.25 ],
    "to": [ 8.5, 13.25, 8.75 ],
    "faces": {
        "north": { "uv": [ 7.5, 2.75, 8.5, 14.75 ], "texture": "#wool colored red" },
        "south": { "uv": [ 7.5, 2.75, 8.5, 14.75 ], "texture": "#wool colored red" },
        "west":  { "uv": [ 7.25, 2.75, 8.75, 14.75 ], "texture": "#wool colored red" },
        "east":  { "uv": [ 7.25, 2.75, 8.75, 14.75 ], "texture": "#wool colored red" }
    }
},
{
    "from": [ 7.25, 0.75, 7.5 ],
    "to": [ 8.75, 1.25, 8.5 ],
    "faces": {
        "north": { "uv": [ 7.25, 14.75, 8.75, 15.25 ], "texture": "#texture" },
        "south": { "uv": [ 7.25, 14.75, 8.75, 15.25 ], "texture": "#texture" },
        "west":  { "uv": [ 7.5, 14.75, 8.5, 15.25 ], "texture": "#texture" },
        "east":  { "uv": [ 7.5, 14.75, 8.5, 15.25 ], "texture": "#texture" }
    }
},
{
    "from": [ 7.5, 0.75, 7.25 ],
    "to": [ 8.5, 1.25, 8.75 ],
    "faces": {
        "down":  { "uv": [ 8.5, 8.75, 7.5, 7.25 ], "texture": "#texture" },
        "north": { "uv": [ 7.5, 14.75, 8.5, 15.25 ], "texture": "#texture" },
        "south": { "uv": [ 7.5, 14.75, 8.5, 15.25 ], "texture": "#texture" },
        "west":  { "uv": [ 7.25, 14.75, 8.75, 15.25 ], "texture": "#texture" },
        "east":  { "uv": [ 7.25, 14.75, 8.75, 15.25 ], "texture": "#texture" }
    }
},
{
    "from": [ 7.25, -0.25, 7.5 ],
    "to": [ 8.75, 0.75, 8.5 ],
    "rotation": { "origin": [ 7.25, 0.75, 7.5 ], "axis": "z", "angle": 22.5 },
    "faces": {
        "down":  { "uv": [ 8.75, 8.5, 7.25, 7.5 ], "texture": "#texture", "cullface": "down" },
        "north": { "uv": [ 7.25, 15.25, 8.75, 16 ], "texture": "#texture", "cullface": "down" },
        "south": { "uv": [ 7.25, 15.25, 8.75, 16 ], "texture": "#texture", "cullface": "down" },
        "west":  { "uv": [ 7.5, 15.25, 8.5, 16 ], "texture": "#texture", "cullface": "down" },
        "east":  { "uv": [ 7.5, 15.25, 8.5, 16 ], "texture": "#texture", "cullface": "down" }
    }
},
{
    "from": [ 7.5, -0.1875, 7.25 ],
    "to": [ 8.5, 0.8125, 8.75 ],
    "rotation": { "origin": [ 7.5, 0.8125, 7.25 ], "axis": "z", "angle": 22.5 },
    "faces": {
        "down":  { "uv": [ 8.5, 8.5, 7.5, 7.5 ], "texture": "#texture", "cullface": "down" },
        "up":    { "uv": [ 7.5, 7.5, 8.5, 8.5 ], "texture": "#texture", "cullface": "down" },
        "north": { "uv": [ 7.5, 15.25, 8.5, 16 ], "texture": "#texture", "cullface": "down" },
        "south": { "uv": [ 7.5, 15.25, 8.5, 16 ], "texture": "#texture", "cullface": "down" },
        "west":  { "uv": [ 7.5, 15.25, 8.5, 16 ], "texture": "#texture", "cullface": "down" },
        "east":  { "uv": [ 7.5, 15.25, 8.5, 16 ], "texture": "#texture", "cullface": "down" }
    }
},
{
    "from": [ 7.75, -1, 7.5 ],
    "to": [ 8.75, 0, 8.5 ],
    "rotation": { "origin": [ 7.75, 0, 7.5 ], "axis": "z", "angle": 22.5 },
    "faces": {
        "down":  { "uv": [ 8.25, 8.25, 7.25, 7.75 ], "texture": "#texture", "cullface": "down" },
        "up":    { "uv": [ 7.75, 7.75, 8.75, 8.25 ], "texture": "#texture", "cullface": "down" },
        "north": { "uv": [ 7.25, 16, 8.25, 16 ], "texture": "#texture", "cullface": "down" },
        "south": { "uv": [ 7.75, 16, 8.75, 16 ], "texture": "#texture", "cullface": "down" },
        "west":  { "uv": [ 7.75, 16, 8.25, 16 ], "texture": "#texture", "cullface": "down" },
        "east":  { "uv": [ 7.75, 16, 8.25, 16 ], "texture": "#texture", "cullface": "down" }
    }
},
{
    "from": [ 8, -0.9375, 7.25 ],
    "to": [ 8.5, 0.0625, 8.75 ],
    "rotation": { "origin": [ 8, 0.0625, 7.25 ], "axis": "z", "angle": 22.5 },
    "faces": {
        "down":  { "uv": [ 7.5, 8.5, 7, 7.5 ], "texture": "#texture", "cullface": "down" },
        "up":    { "uv": [ 8.5, 7.5, 9, 8.5 ], "texture": "#texture", "cullface": "down" },
        "north": { "uv": [ 7, 16, 7.5, 16 ], "texture": "#texture", "cullface": "down" },
        "south": { "uv": [ 8.5, 16, 9, 16 ], "texture": "#texture", "cullface": "down" },
        "west":  { "uv": [ 7.5, 16, 8.5, 16 ], "texture": "#texture", "cullface": "down" },
        "east":  { "uv": [ 7.5, 16, 8.5, 16 ], "texture": "#texture", "cullface": "down" }
    }
},
{
    "from": [ 8.25, -1.75, 7.5 ],
    "to": [ 9, -0.75, 8.5 ],
    "rotation": { "origin": [ 8.25, -0.75, 7.5 ], "axis": "z", "angle": 22.5 },
    "faces": {
        "down":  { "uv": [ 8.5, 8.5, 7.75, 7.5 ], "texture": "#texture", "cullface": "down" },
        "up":    { "uv": [ 7.5, 7.5, 8.25, 8.5 ], "texture": "#texture", "cullface": "down" },
        "north": { "uv": [ 7.75, 16, 8.5, 16 ], "texture": "#texture", "cullface": "down" },
        "south": { "uv": [ 7.5, 16, 8.25, 16 ], "texture": "#texture", "cullface": "down" },
        "west":  { "uv": [ 7.5, 16, 8.5, 16 ], "texture": "#texture", "cullface": "down" },
        "east":  { "uv": [ 7.5, 16, 8.5, 16 ], "texture": "#texture", "cullface": "down" }
    }
},
{
    "from": [ 8.5, -1.75, 7.25 ],
    "to": [ 8.75, -0.75, 8.75 ],
    "rotation": { "origin": [ 8.5, -0.75, 7.25 ], "axis": "z", "angle": 22.5 },
    "faces": {
        "down":  { "uv": [ 5, 8.75, 4.75, 7.25 ], "texture": "#texture", "cullface": "down" },
        "up":    { "uv": [ 11, 7.25, 11.25, 8.75 ], "texture": "#texture", "cullface": "down" },
        "north": { "uv": [ 4.75, 16, 5, 16 ], "texture": "#texture", "cullface": "down" },
        "south": { "uv": [ 11, 16, 11.25, 16 ], "texture": "#texture", "cullface": "down" },
        "west":  { "uv": [ 7.25, 16, 8.75, 16 ], "texture": "#texture", "cullface": "down" },
        "east":  { "uv": [ 7.25, 16, 8.75, 16 ], "texture": "#texture", "cullface": "down" }
    }
},
{
    "from": [ 8.75, -2.25, 7.5 ],
    "to": [ 9, -1.25, 8.5 ],
    "rotation": { "origin": [ 8.75, -1.25, 7.5 ], "axis": "z", "angle": 22.5 },
    "faces": {
        "down":  { "uv": [ 6.75, 8.5, 5.75, 7.5 ], "texture": "#texture", "cullface": "down" },
        "up":    { "uv": [ 9.25, 7.5, 10.25, 8.5 ], "texture": "#texture", "cullface": "down" },
        "north": { "uv": [ 5.75, 16, 6.75, 16 ], "texture": "#texture", "cullface": "down" },
        "south": { "uv": [ 9.25, 16, 10.25, 16 ], "texture": "#texture", "cullface": "down" },
        "west":  { "uv": [ 7.5, 16, 8.5, 16 ], "texture": "#texture", "cullface": "down" },
        "east":  { "uv": [ 7.5, 16, 8.5, 16 ], "texture": "#texture", "cullface": "down" }
    }
},
{
    "from": [ 7.125, 13.4375, 7.25 ],
    "to": [ 8.125, 14.6875, 8.75 ],
    "rotation": { "origin": [ 7.125, 14.6875, 7.25 ], "axis": "z", "angle": 22.5 },
    "faces": {
        "down":  { "uv": [ 4.5, 7.25, 5.5, 8.75 ], "texture": "#texture" },
        "up":    { "uv": [ 4.5, 7.25, 5.5, 8.75 ], "texture": "#texture" },
        "north": { "uv": [ 4.5, 0.75, 5.5, 2 ], "texture": "#texture" },
        "south": { "uv": [ 4.5, 0.75, 5.5, 2 ], "texture": "#texture" },
        "west":  { "uv": [ 7.25, 0.75, 8.75, 2 ], "texture": "#texture" },
        "east":  { "uv": [ 7.25, 0.75, 8.75, 2 ], "texture": "#texture" }
    }
},
{
    "from": [ 6.875, 13.3125, 7.5 ],
    "to": [ 8.375, 14.5625, 8.5 ],
    "rotation": { "origin": [ 6.875, 14.5625, 7.5 ], "axis": "z", "angle": 22.5 },
    "faces": {
        "down":  { "uv": [ 6.5, 7.5, 8, 8.5 ], "texture": "#texture" },
        "up":    { "uv": [ 6.5, 7.5, 8, 8.5 ], "texture": "#texture" },
        "north": { "uv": [ 6.5, 0.75, 8, 2 ], "texture": "#texture" },
        "south": { "uv": [ 6.5, 0.75, 8, 2 ], "texture": "#texture" },
        "west":  { "uv": [ 7.5, 0.75, 8.5, 2 ], "texture": "#texture" },
        "east":  { "uv": [ 7.5, 0.75, 8.5, 2 ], "texture": "#texture" }
    }
},
{
    "from": [ 6.3125, 13.6875, 7.5 ],
    "to": [ 7.8125, 14.9375, 8.5 ],
    "rotation": { "origin": [ 6.3125, 14.9375, 7.5 ], "axis": "z", "angle": 45 },
    "faces": {
        "down":  { "uv": [ 8.75, 8.5, 7.25, 7.5 ], "texture": "#texture" },
        "up":    { "uv": [ 7.25, 7.5, 8.75, 8.5 ], "texture": "#texture" },
        "north": { "uv": [ 7.25, 0.75, 8.75, 2 ], "texture": "#texture" },
        "south": { "uv": [ 7.25, 0.75, 8.75, 2 ], "texture": "#texture" },
        "west":  { "uv": [ 7.5, 0.75, 8.5, 2 ], "texture": "#texture" },
        "east":  { "uv": [ 7.5, 0.75, 8.5, 2 ], "texture": "#texture" }
    }
},
{
    "from": [ 6.5, 13.9375, 7.25 ],
    "to": [ 7.5, 15.1875, 8.75 ],
    "rotation": { "origin": [ 6.5, 15.1875, 7.25 ], "axis": "z", "angle": 45 },
    "faces": {
        "down":  { "uv": [ 8.25, 8.5, 7.25, 7.5 ], "texture": "#texture" },
        "up":    { "uv": [ 7.75, 7.5, 8.75, 8.5 ], "texture": "#texture" },
        "north": { "uv": [ 7.25, 0, 8.25, 1.25 ], "texture": "#texture" },
        "south": { "uv": [ 7.75, 0, 8.75, 1.25 ], "texture": "#texture" },
        "west":  { "uv": [ 7.5, 0, 8.5, 1.25 ], "texture": "#texture" },
        "east":  { "uv": [ 7.5, 0, 8.5, 1.25 ], "texture": "#texture" }
    }
},
{
    "from": [ 3.375, 14.4375, 7.5 ],
    "to": [ 4.875, 15.9375, 8.5 ],
    "rotation": { "origin": [ 3.375, 15.9375, 7.5 ], "axis": "z", "angle": 22.5 },
    "faces": {
        "down":  { "uv": [ 4.5, 7.5, 6, 8.5 ], "texture": "#texture" },
        "up":    { "uv": [ 4.5, 7.5, 6, 8.5 ], "texture": "#texture" },
        "north": { "uv": [ 4.5, 0.5, 6, 1.75 ], "texture": "#texture" },
        "south": { "uv": [ 4.5, 0.5, 6, 1.75 ], "texture": "#texture" },
        "west":  { "uv": [ 7.5, 0.5, 8.5, 1.75 ], "texture": "#texture" },
        "east":  { "uv": [ 7.5, 0.5, 8.5, 1.75 ], "texture": "#texture" }
    }
},
{
    "from": [ 5.9375, 15.375, 7.25 ],
    "to": [ 7.4375, 16.375, 8.75 ],
    "rotation": { "origin": [ 5.9375, 16.375, 7.25 ], "axis": "z", "angle": -22.5 },
    "faces": {
        "down":  { "uv": [ 5.9375, 7.25, 7.4375, 8.75 ], "texture": "#texture", "cullface": "up" },
        "up":    { "uv": [ 5.9375, 7.25, 7.4375, 8.75 ], "texture": "#texture", "cullface": "up" },
        "north": { "uv": [ 5.9375, 0, 7.4375, 1 ], "texture": "#texture", "cullface": "up" },
        "south": { "uv": [ 5.9375, 0, 7.4375, 1 ], "texture": "#texture", "cullface": "up" },
        "west":  { "uv": [ 7.25, 0, 8.75, 1 ], "texture": "#texture", "cullface": "up" },
        "east":  { "uv": [ 7.25, 0, 8.75, 1 ], "texture": "#texture", "cullface": "up" }
    }
},
{
    "from": [ 4.75, 14.9375, 7.5 ],
    "to": [ 6.0625, 16.5625, 8.5 ],
    "faces": {
        "down":  { "uv": [ 11.25, 8.5, 9.9375, 7.5 ], "texture": "#texture", "cullface": "up" },
        "up":    { "uv": [ 4.75, 7.5, 6.0625, 8.5 ], "texture": "#texture", "cullface": "up" },
        "north": { "uv": [ 9.9375, 0, 11.25, 1.0625 ], "texture": "#texture", "cullface": "up" },
        "south": { "uv": [ 4.75, 0, 6.0625, 1.0625 ], "texture": "#texture", "cullface": "up" },
        "west":  { "uv": [ 7.5, 0, 8.5, 1.0625 ], "texture": "#texture", "cullface": "up" },
        "east":  { "uv": [ 7.5, 0, 8.5, 1.0625 ], "texture": "#texture", "cullface": "up" }
    }
},
{
    "from": [ 4.75, 15.25, 7.25 ],
    "to": [ 6, 16.25, 8.75 ],
    "faces": {
        "down":  { "uv": [ 11.25, 8.75, 10, 7.25 ], "texture": "#texture", "cullface": "up" },
        "up":    { "uv": [ 4.75, 7.25, 6, 8.75 ], "texture": "#texture", "cullface": "up" },
        "north": { "uv": [ 10, 0, 11.25, 0.75 ], "texture": "#texture", "cullface": "up" },
        "south": { "uv": [ 4.75, 0, 6, 0.75 ], "texture": "#texture", "cullface": "up" },
        "west":  { "uv": [ 7.25, 0, 8.75, 0.75 ], "texture": "#texture", "cullface": "up" },
        "east":  { "uv": [ 7.25, 0, 8.75, 0.75 ], "texture": "#texture", "cullface": "up" }
    }
},
{
    "from": [ 3.5, 14.75, 7.25 ],
    "to": [ 5, 15.75, 8.75 ],
    "rotation": { "origin": [ 3.5, 15.75, 7.25 ], "axis": "z", "angle": 22.5 },
    "faces": {
        "down":  { "uv": [ 5.9375, 7.25, 7.4375, 8.75 ], "texture": "#texture" },
        "up":    { "uv": [ 5.9375, 7.25, 7.4375, 8.75 ], "texture": "#texture" },
        "north": { "uv": [ 5.9375, 0, 7.4375, 1 ], "texture": "#texture" },
        "south": { "uv": [ 5.9375, 0, 7.4375, 1 ], "texture": "#texture" },
        "west":  { "uv": [ 7.25, 0, 8.75, 1 ], "texture": "#texture" },
        "east":  { "uv": [ 7.25, 0, 8.75, 1 ], "texture": "#texture" }
    }
},
{
    "from": [ 6, 15.0625, 7.5 ],
    "to": [ 7.5, 16.5625, 8.5 ],
    "rotation": { "origin": [ 6, 16.5625, 7.5 ], "axis": "z", "angle": -22.5 },
    "faces": {
        "down":  { "uv": [ 4.5, 7.5, 6, 8.5 ], "texture": "#texture", "cullface": "up" },
        "up":    { "uv": [ 4.5, 7.5, 6, 8.5 ], "texture": "#texture", "cullface": "up" },
        "north": { "uv": [ 4.5, 0.5, 6, 1.75 ], "texture": "#texture", "cullface": "up" },
        "south": { "uv": [ 4.5, 0.5, 6, 1.75 ], "texture": "#texture", "cullface": "up" },
        "west":  { "uv": [ 7.5, 0.5, 8.5, 1.75 ], "texture": "#texture", "cullface": "up" },
        "east":  { "uv": [ 7.5, 0.5, 8.5, 1.75 ], "texture": "#texture", "cullface": "up" }
    }
},
{
    "from": [ 7.5, 13.25, 7.25 ],
    "to": [ 8.5, 14, 8.75 ],
    "faces": {
        "up":    { "uv": [ 7.5, 7.25, 8.5, 8.75 ], "texture": "#texture" },
        "north": { "uv": [ 7.5, 2, 8.5, 2.75 ], "texture": "#texture" },
        "south": { "uv": [ 7.5, 2, 8.5, 2.75 ], "texture": "#texture" },
        "west":  { "uv": [ 7.25, 2, 8.75, 2.75 ], "texture": "#texture" },
        "east":  { "uv": [ 7.25, 2, 8.75, 2.75 ], "texture": "#texture" }
    }
},
{
    "from": [ 7.25, 13.25, 7.5 ],
    "to": [ 8.75, 14, 8.5 ],
    "faces": {
        "up":    { "uv": [ 7.25, 7.5, 8.75, 8.5 ], "texture": "#texture" },
        "north": { "uv": [ 7.25, 2, 8.75, 2.75 ], "texture": "#texture" },
        "south": { "uv": [ 7.25, 2, 8.75, 2.75 ], "texture": "#texture" },
        "west":  { "uv": [ 7.5, 2, 8.5, 2.75 ], "texture": "#texture" },
        "east":  { "uv": [ 7.5, 2, 8.5, 2.75 ], "texture": "#texture" }
    }
},
{
    "from": [ 2.5, 13.75, 7.5 ],
    "to": [ 4.25, 14.75, 8.5 ],
    "rotation": { "origin": [ 2.5, 14.75, 7.5 ], "axis": "z", "angle": 45 },
    "faces": {
        "down":  { "uv": [ 14, 8.75, 13, 7.25 ], "texture": "#texture" },
        "up":    { "uv": [ 2, 7.25, 3, 8.75 ], "texture": "#texture" },
        "north": { "uv": [ 13, 0, 14, 1.5 ], "texture": "#texture" },
        "south": { "uv": [ 2, 0, 3, 1.5 ], "texture": "#texture" },
        "west":  { "uv": [ 7.25, 0, 8.75, 1.5 ], "texture": "#texture" },
        "east":  { "uv": [ 7.25, 0, 8.75, 1.5 ], "texture": "#texture" }
    }
},
{
    "from": [ 2.75, 13.5, 8.25 ],
    "to": [ 3.25, 15, 8.5 ],
    "rotation": { "origin": [ 2.75, 15, 8.25 ], "axis": "z", "angle": -22.5 },
    "faces": {
        "down":  { "uv": [ 14.5, 7.75, 13, 7.5 ], "texture": "#texture" },
        "up":    { "uv": [ 1.5, 7.5, 3, 7.75 ], "texture": "#texture" },
        "north": { "uv": [ 13, 2, 14.5, 3.5 ], "texture": "#texture" },
        "south": { "uv": [ 1.5, 2, 3, 3.5 ], "texture": "#texture" },
        "west":  { "uv": [ 7.5, 2, 7.75, 3.5 ], "texture": "#texture" },
        "east":  { "uv": [ 8.25, 2, 8.5, 3.5 ], "texture": "#texture" }
    }
},
{
    "from": [ 2.3125, 13.8125, 7.25 ],
    "to": [ 4.3125, 14.3125, 8.75 ],
    "rotation": { "origin": [ 2.3125, 14.3125, 7.25 ], "axis": "z", "angle": 45 },
    "faces": {
        "down":  { "uv": [ 14, 8.75, 12.75, 7.25 ], "texture": "#texture" },
        "up":    { "uv": [ 2, 7.25, 3.25, 8.75 ], "texture": "#texture" },
        "north": { "uv": [ 12.75, 0, 14, 0.5 ], "texture": "#texture" },
        "south": { "uv": [ 2, 0, 3.25, 0.5 ], "texture": "#texture" },
        "west":  { "uv": [ 7.25, 0, 8.75, 0.5 ], "texture": "#texture" },
        "east":  { "uv": [ 7.25, 0, 8.75, 0.5 ], "texture": "#texture" }
    }
},
{
    "from": [ 2.75, 13.5, 7.4375 ],
    "to": [ 3.25, 15, 7.6875 ],
    "rotation": { "origin": [ 2.75, 15, 7.4375 ], "axis": "z", "angle": -22.5 },
    "faces": {
        "down":  { "uv": [ 14.5, 7.75, 13, 7.5 ], "texture": "#texture" },
        "up":    { "uv": [ 1.5, 7.5, 3, 7.75 ], "texture": "#texture" },
        "north": { "uv": [ 13, 2, 14.5, 3.5 ], "texture": "#texture" },
        "south": { "uv": [ 1.5, 2, 3, 3.5 ], "texture": "#texture" },
        "west":  { "uv": [ 7.5, 2, 7.75, 3.5 ], "texture": "#texture" },
        "east":  { "uv": [ 8.25, 2, 8.5, 3.5 ], "texture": "#texture" }
    }
}
],
"display": {
    "thirdperson": {
        "rotation": [ 0, 90, -90 ],
        "translation": [ 0, 0.8, -2.1 ],
        "scale": [ 1.1, 1.1, 1.1 ]
    },
    "ground": {
        "rotation": [ 0, 0, 0 ],
        "translation": [ 0, 0, 0 ],
        "scale": [ 3, 3, 3 ]
    },
    "fixed": {
        "rotation": [ 0, 180, 45 ],
        "translation": [ -0.5, 0.6, -1.1 ],
        "scale": [ 1.7, 1.7, 1.7 ]
    },
    "firstperson": {
        "rotation": [ 0, -130, -6 ],
        "translation": [ 0.4, 4.1, 0.7 ],
        "scale": [ 1.8, 1.8, 1.8 ]
    },
    "gui": {
        "rotation": [ -30, 135, 45 ],
        "translation": [ -1.2, 0.1, 0 ],
        "scale": [ 1.1, 1.1, 1.1 ]
    }
}
}