{
"__comment": "Designed by Corporalblober with BDcraft Cubik PRO 0.95 Beta - http://bdcraft.net",
"textures": {
    "particle": "blocks/anvil 1",
    "texture": "blocks/door iron lower",
    "bed end top": "blocks/hardened clay stained brown",
    "door iron lower": "blocks/anvil 1",
    "red": "blocks/bed end top"
},
"elements": [ 
{
    "from": [ 6, 4, 7.5 ],
    "to": [ 10, 13.25, 8.5 ],
    "faces": {
        "up":    { "uv": [ 6, 7.5, 10, 8.5 ], "texture": "#texture" },
        "north": { "uv": [ 6, 2.75, 10, 12 ], "texture": "#texture" },
        "south": { "uv": [ 6, 2.75, 10, 12 ], "texture": "#texture" },
        "west":  { "uv": [ 7.5, 2.75, 8.5, 12 ], "texture": "#texture" },
        "east":  { "uv": [ 7.5, 2.75, 8.5, 12 ], "texture": "#texture" }
    }
},
{
    "from": [ 7.5, 4, 6 ],
    "to": [ 8.5, 13.25, 10 ],
    "faces": {
        "up":    { "uv": [ 7.5, 6, 8.5, 10 ], "texture": "#texture" },
        "north": { "uv": [ 7.5, 2.75, 8.5, 12 ], "texture": "#texture" },
        "south": { "uv": [ 7.5, 2.75, 8.5, 12 ], "texture": "#texture" },
        "west":  { "uv": [ 6, 2.75, 10, 12 ], "texture": "#texture" },
        "east":  { "uv": [ 6, 2.75, 10, 12 ], "texture": "#texture" }
    }
},
{
    "from": [ 6.25, 4, 6.75 ],
    "to": [ 9.75, 13, 9.25 ],
    "faces": {
        "up":    { "uv": [ 6.25, 6.75, 9.75, 9.25 ], "texture": "#texture" },
        "north": { "uv": [ 6.25, 3, 9.75, 12 ], "texture": "#texture" },
        "south": { "uv": [ 6.25, 3, 9.75, 12 ], "texture": "#texture" },
        "west":  { "uv": [ 6.75, 3, 9.25, 12 ], "texture": "#texture" },
        "east":  { "uv": [ 6.75, 3, 9.25, 12 ], "texture": "#texture" }
    }
},
{
    "from": [ 6.75, 4, 6.25 ],
    "to": [ 9.25, 13, 9.75 ],
    "faces": {
        "up":    { "uv": [ 6.75, 6.25, 9.25, 9.75 ], "texture": "#texture" },
        "north": { "uv": [ 6.75, 3, 9.25, 12 ], "texture": "#texture" },
        "south": { "uv": [ 6.75, 3, 9.25, 12 ], "texture": "#texture" },
        "west":  { "uv": [ 6.25, 3, 9.75, 12 ], "texture": "#texture" },
        "east":  { "uv": [ 6.25, 3, 9.75, 12 ], "texture": "#texture" }
    }
},
{
    "from": [ 6.5, 4, 6.5 ],
    "to": [ 9.5, 13, 9.5 ],
    "faces": {
        "up":    { "uv": [ 6.5, 6.5, 9.5, 9.5 ], "texture": "#texture" },
        "north": { "uv": [ 6.5, 3, 9.5, 12 ], "texture": "#texture" },
        "south": { "uv": [ 6.5, 3, 9.5, 12 ], "texture": "#texture" },
        "west":  { "uv": [ 6.5, 3, 9.5, 12 ], "texture": "#texture" },
        "east":  { "uv": [ 6.5, 3, 9.5, 12 ], "texture": "#texture" }
    }
},
{
    "from": [ 7.5, 2.75, 5.75 ],
    "to": [ 8.5, 4, 10.25 ],
    "faces": {
        "down":  { "uv": [ 8.5, 10.25, 7.5, 5.75 ], "texture": "#door iron lower" },
        "up":    { "uv": [ 7.5, 5.75, 8.5, 10.25 ], "texture": "#door iron lower" },
        "north": { "uv": [ 7.5, 12, 8.5, 13.25 ], "texture": "#door iron lower" },
        "south": { "uv": [ 7.5, 12, 8.5, 13.25 ], "texture": "#door iron lower" },
        "west":  { "uv": [ 5.75, 12, 10.25, 13.25 ], "texture": "#door iron lower" },
        "east":  { "uv": [ 5.75, 12, 10.25, 13.25 ], "texture": "#door iron lower" }
    }
},
{
    "from": [ 6.75, 2.75, 6 ],
    "to": [ 9.25, 4, 10 ],
    "faces": {
        "down":  { "uv": [ 9.25, 10, 6.75, 6 ], "texture": "#door iron lower" },
        "up":    { "uv": [ 6.75, 6, 9.25, 10 ], "texture": "#door iron lower" },
        "north": { "uv": [ 6.75, 12, 9.25, 13.25 ], "texture": "#door iron lower" },
        "south": { "uv": [ 6.75, 12, 9.25, 13.25 ], "texture": "#door iron lower" },
        "west":  { "uv": [ 6, 12, 10, 13.25 ], "texture": "#door iron lower" },
        "east":  { "uv": [ 6, 12, 10, 13.25 ], "texture": "#door iron lower" }
    }
},
{
    "from": [ 6.5, 2.75, 6.25 ],
    "to": [ 9.5, 4, 9.75 ],
    "faces": {
        "down":  { "uv": [ 9.5, 9.75, 6.5, 6.25 ], "texture": "#door iron lower" },
        "up":    { "uv": [ 6.5, 6.25, 9.5, 9.75 ], "texture": "#door iron lower" },
        "north": { "uv": [ 6.5, 12, 9.5, 13.25 ], "texture": "#door iron lower" },
        "south": { "uv": [ 6.5, 12, 9.5, 13.25 ], "texture": "#door iron lower" },
        "west":  { "uv": [ 6.25, 12, 9.75, 13.25 ], "texture": "#door iron lower" },
        "east":  { "uv": [ 6.25, 12, 9.75, 13.25 ], "texture": "#door iron lower" }
    }
},
{
    "from": [ 5.75, 2.75, 7.5 ],
    "to": [ 10.25, 4, 8.5 ],
    "faces": {
        "down":  { "uv": [ 10.25, 8.5, 5.75, 7.5 ], "texture": "#door iron lower" },
        "up":    { "uv": [ 5.75, 7.5, 10.25, 8.5 ], "texture": "#door iron lower" },
        "north": { "uv": [ 5.75, 12, 10.25, 13.25 ], "texture": "#door iron lower" },
        "south": { "uv": [ 5.75, 12, 10.25, 13.25 ], "texture": "#door iron lower" },
        "west":  { "uv": [ 7.5, 12, 8.5, 13.25 ], "texture": "#door iron lower" },
        "east":  { "uv": [ 7.5, 12, 8.5, 13.25 ], "texture": "#door iron lower" }
    }
},
{
    "from": [ 6, 2.75, 6.75 ],
    "to": [ 10, 4, 9.25 ],
    "faces": {
        "down":  { "uv": [ 10, 9.25, 6, 6.75 ], "texture": "#door iron lower" },
        "up":    { "uv": [ 6, 6.75, 10, 9.25 ], "texture": "#door iron lower" },
        "north": { "uv": [ 6, 12, 10, 13.25 ], "texture": "#door iron lower" },
        "south": { "uv": [ 6, 12, 10, 13.25 ], "texture": "#door iron lower" },
        "west":  { "uv": [ 6.75, 12, 9.25, 13.25 ], "texture": "#door iron lower" },
        "east":  { "uv": [ 6.75, 12, 9.25, 13.25 ], "texture": "#door iron lower" }
    }
},
{
    "from": [ 6.25, 2.75, 6.5 ],
    "to": [ 9.75, 4, 9.5 ],
    "faces": {
        "down":  { "uv": [ 9.75, 9.5, 6.25, 6.5 ], "texture": "#door iron lower" },
        "up":    { "uv": [ 6.25, 6.5, 9.75, 9.5 ], "texture": "#door iron lower" },
        "north": { "uv": [ 6.25, 12, 9.75, 13.25 ], "texture": "#door iron lower" },
        "south": { "uv": [ 6.25, 12, 9.75, 13.25 ], "texture": "#door iron lower" },
        "west":  { "uv": [ 6.5, 12, 9.5, 13.25 ], "texture": "#door iron lower" },
        "east":  { "uv": [ 6.5, 12, 9.5, 13.25 ], "texture": "#door iron lower" }
    }
},
{
    "from": [ 7, 2.25, 7.5 ],
    "to": [ 9, 2.75, 8.5 ],
    "faces": {
        "north": { "uv": [ 7, 13.25, 9, 13.75 ], "texture": "#texture" },
        "south": { "uv": [ 7, 13.25, 9, 13.75 ], "texture": "#texture" },
        "west":  { "uv": [ 7.5, 13.25, 8.5, 13.75 ], "texture": "#texture" },
        "east":  { "uv": [ 7.5, 13.25, 8.5, 13.75 ], "texture": "#texture" }
    }
},
{
    "from": [ 6.75, 1.75, 7.25 ],
    "to": [ 9.25, 2.25, 8.75 ],
    "faces": {
        "up":    { "uv": [ 6.75, 7.25, 9.25, 8.75 ], "texture": "#texture" },
        "north": { "uv": [ 6.75, 13.75, 9.25, 14.25 ], "texture": "#texture" },
        "south": { "uv": [ 6.75, 13.75, 9.25, 14.25 ], "texture": "#texture" },
        "west":  { "uv": [ 7.25, 13.75, 8.75, 14.25 ], "texture": "#texture" },
        "east":  { "uv": [ 7.25, 13.75, 8.75, 14.25 ], "texture": "#texture" }
    }
},
{
    "from": [ 6.5, 1, 7 ],
    "to": [ 9.5, 1.75, 9 ],
    "faces": {
        "down":  { "uv": [ 9.5, 9, 6.5, 7 ], "texture": "#texture" },
        "up":    { "uv": [ 6.5, 7, 9.5, 9 ], "texture": "#texture" },
        "north": { "uv": [ 6.5, 14.25, 9.5, 15 ], "texture": "#texture" },
        "south": { "uv": [ 6.5, 14.25, 9.5, 15 ], "texture": "#texture" },
        "west":  { "uv": [ 7, 14.25, 9, 15 ], "texture": "#texture" },
        "east":  { "uv": [ 7, 14.25, 9, 15 ], "texture": "#texture" }
    }
},
{
    "from": [ 6.25, -0.25, 6.75 ],
    "to": [ 7, 1, 9.25 ],
    "faces": {
        "down":  { "uv": [ 9.75, 9.25, 9, 6.75 ], "texture": "#texture", "cullface": "down" },
        "up":    { "uv": [ 6.25, 6.75, 7, 9.25 ], "texture": "#texture", "cullface": "down" },
        "north": { "uv": [ 9, 15, 9.75, 16 ], "texture": "#texture", "cullface": "down" },
        "south": { "uv": [ 6.25, 15, 7, 16 ], "texture": "#texture", "cullface": "down" },
        "west":  { "uv": [ 6.75, 15, 9.25, 16 ], "texture": "#texture", "cullface": "down" },
        "east":  { "uv": [ 6.75, 15, 9.25, 16 ], "texture": "#texture", "cullface": "down" }
    }
},
{
    "from": [ 7.25, 2.25, 7.25 ],
    "to": [ 8.75, 2.75, 8.75 ],
    "faces": {
        "north": { "uv": [ 7.25, 13.25, 8.75, 13.75 ], "texture": "#texture" },
        "south": { "uv": [ 7.25, 13.25, 8.75, 13.75 ], "texture": "#texture" },
        "west":  { "uv": [ 7.25, 13.25, 8.75, 13.75 ], "texture": "#texture" },
        "east":  { "uv": [ 7.25, 13.25, 8.75, 13.75 ], "texture": "#texture" }
    }
},
{
    "from": [ 7, 1.75, 7 ],
    "to": [ 9, 2.25, 9 ],
    "faces": {
        "up":    { "uv": [ 7, 7, 9, 9 ], "texture": "#texture" },
        "north": { "uv": [ 7, 13.75, 9, 14.25 ], "texture": "#texture" },
        "south": { "uv": [ 7, 13.75, 9, 14.25 ], "texture": "#texture" },
        "west":  { "uv": [ 7, 13.75, 9, 14.25 ], "texture": "#texture" },
        "east":  { "uv": [ 7, 13.75, 9, 14.25 ], "texture": "#texture" }
    }
},
{
    "from": [ 6.75, 1, 6.75 ],
    "to": [ 9.25, 1.75, 9.25 ],
    "faces": {
        "down":  { "uv": [ 9.25, 9.25, 6.75, 6.75 ], "texture": "#texture" },
        "up":    { "uv": [ 6.75, 6.75, 9.25, 9.25 ], "texture": "#texture" },
        "north": { "uv": [ 6.75, 14.25, 9.25, 15 ], "texture": "#texture" },
        "south": { "uv": [ 6.75, 14.25, 9.25, 15 ], "texture": "#texture" },
        "west":  { "uv": [ 6.75, 14.25, 9.25, 15 ], "texture": "#texture" },
        "east":  { "uv": [ 6.75, 14.25, 9.25, 15 ], "texture": "#texture" }
    }
},
{
    "from": [ 6.5, -0.25, 6.5 ],
    "to": [ 9.5, 1, 7 ],
    "faces": {
        "down":  { "uv": [ 9.5, 7, 6.5, 6.5 ], "texture": "#texture", "cullface": "down" },
        "up":    { "uv": [ 6.5, 6.5, 9.5, 7 ], "texture": "#texture", "cullface": "down" },
        "north": { "uv": [ 6.5, 15, 9.5, 16 ], "texture": "#texture", "cullface": "down" },
        "south": { "uv": [ 6.5, 15, 9.5, 16 ], "texture": "#texture", "cullface": "down" },
        "west":  { "uv": [ 6.5, 15, 7, 16 ], "texture": "#texture", "cullface": "down" },
        "east":  { "uv": [ 9, 15, 9.5, 16 ], "texture": "#texture", "cullface": "down" }
    }
},
{
    "from": [ 6.5, -0.25, 9 ],
    "to": [ 9.5, 1, 9.5 ],
    "faces": {
        "down":  { "uv": [ 9.5, 9.5, 6.5, 9 ], "texture": "#texture", "cullface": "down" },
        "up":    { "uv": [ 6.5, 9, 9.5, 9.5 ], "texture": "#texture", "cullface": "down" },
        "north": { "uv": [ 6.5, 15, 9.5, 16 ], "texture": "#texture", "cullface": "down" },
        "south": { "uv": [ 6.5, 15, 9.5, 16 ], "texture": "#texture", "cullface": "down" },
        "west":  { "uv": [ 9, 15, 9.5, 16 ], "texture": "#texture", "cullface": "down" },
        "east":  { "uv": [ 6.5, 15, 7, 16 ], "texture": "#texture", "cullface": "down" }
    }
},
{
    "from": [ 9, -0.25, 6.75 ],
    "to": [ 9.75, 1, 9.25 ],
    "faces": {
        "down":  { "uv": [ 7, 9.25, 6.25, 6.75 ], "texture": "#texture", "cullface": "down" },
        "up":    { "uv": [ 9, 6.75, 9.75, 9.25 ], "texture": "#texture", "cullface": "down" },
        "north": { "uv": [ 6.25, 15, 7, 16 ], "texture": "#texture", "cullface": "down" },
        "south": { "uv": [ 9, 15, 9.75, 16 ], "texture": "#texture", "cullface": "down" },
        "west":  { "uv": [ 6.75, 15, 9.25, 16 ], "texture": "#texture", "cullface": "down" },
        "east":  { "uv": [ 6.75, 15, 9.25, 16 ], "texture": "#texture", "cullface": "down" }
    }
},
{
    "from": [ 7.5, 2.25, 7 ],
    "to": [ 8.5, 2.75, 9 ],
    "faces": {
        "north": { "uv": [ 7.5, 13.25, 8.5, 13.75 ], "texture": "#texture" },
        "south": { "uv": [ 7.5, 13.25, 8.5, 13.75 ], "texture": "#texture" },
        "west":  { "uv": [ 7, 13.25, 9, 13.75 ], "texture": "#texture" },
        "east":  { "uv": [ 7, 13.25, 9, 13.75 ], "texture": "#texture" }
    }
},
{
    "from": [ 7.25, 1.75, 6.75 ],
    "to": [ 8.75, 2.25, 9.25 ],
    "faces": {
        "up":    { "uv": [ 7.25, 6.75, 8.75, 9.25 ], "texture": "#texture" },
        "north": { "uv": [ 7.25, 13.75, 8.75, 14.25 ], "texture": "#texture" },
        "south": { "uv": [ 7.25, 13.75, 8.75, 14.25 ], "texture": "#texture" },
        "west":  { "uv": [ 6.75, 13.75, 9.25, 14.25 ], "texture": "#texture" },
        "east":  { "uv": [ 6.75, 13.75, 9.25, 14.25 ], "texture": "#texture" }
    }
},
{
    "from": [ 7, 1, 6.5 ],
    "to": [ 9, 1.75, 9.5 ],
    "faces": {
        "down":  { "uv": [ 9, 9.5, 7, 6.5 ], "texture": "#texture" },
        "up":    { "uv": [ 7, 6.5, 9, 9.5 ], "texture": "#texture" },
        "north": { "uv": [ 7, 14.25, 9, 15 ], "texture": "#texture" },
        "south": { "uv": [ 7, 14.25, 9, 15 ], "texture": "#texture" },
        "west":  { "uv": [ 6.5, 14.25, 9.5, 15 ], "texture": "#texture" },
        "east":  { "uv": [ 6.5, 14.25, 9.5, 15 ], "texture": "#texture" }
    }
},
{
    "from": [ 6.75, -0.25, 6.25 ],
    "to": [ 9.25, 1, 6.5 ],
    "faces": {
        "down":  { "uv": [ 9.25, 6.5, 6.75, 6.25 ], "texture": "#texture", "cullface": "down" },
        "up":    { "uv": [ 6.75, 6.25, 9.25, 6.5 ], "texture": "#texture", "cullface": "down" },
        "north": { "uv": [ 6.75, 15, 9.25, 16 ], "texture": "#texture", "cullface": "down" },
        "west":  { "uv": [ 6.25, 15, 6.5, 16 ], "texture": "#texture", "cullface": "down" },
        "east":  { "uv": [ 9.5, 15, 9.75, 16 ], "texture": "#texture", "cullface": "down" }
    }
},
{
    "from": [ 6.75, -0.25, 9.5 ],
    "to": [ 9.25, 1, 9.75 ],
    "faces": {
        "down":  { "uv": [ 9.25, 9.75, 6.75, 9.5 ], "texture": "#texture", "cullface": "down" },
        "up":    { "uv": [ 6.75, 9.5, 9.25, 9.75 ], "texture": "#texture", "cullface": "down" },
        "south": { "uv": [ 6.75, 15, 9.25, 16 ], "texture": "#texture", "cullface": "down" },
        "west":  { "uv": [ 9.5, 15, 9.75, 16 ], "texture": "#texture", "cullface": "down" },
        "east":  { "uv": [ 6.25, 15, 6.5, 16 ], "texture": "#texture", "cullface": "down" }
    }
},
{
    "from": [ 7.25, 13.5, 7.25 ],
    "to": [ 8.75, 14, 8.75 ],
    "faces": {
        "down":  { "uv": [ 8.75, 8.75, 7.25, 7.25 ], "texture": "#texture" },
        "up":    { "uv": [ 7.25, 7.25, 8.75, 8.75 ], "texture": "#texture" },
        "north": { "uv": [ 7.25, 2, 8.75, 2.5 ], "texture": "#texture" },
        "south": { "uv": [ 7.25, 2, 8.75, 2.5 ], "texture": "#texture" },
        "west":  { "uv": [ 7.25, 2, 8.75, 2.5 ], "texture": "#texture" },
        "east":  { "uv": [ 7.25, 2, 8.75, 2.5 ], "texture": "#texture" }
    }
},
{
    "from": [ 8.5, 13.25, 7.5 ],
    "to": [ 9.5, 13.75, 8.5 ],
    "faces": {
        "up":    { "uv": [ 8.5, 7.5, 9.5, 8.5 ], "texture": "#texture" },
        "north": { "uv": [ 6.5, 2.25, 7.5, 2.75 ], "texture": "#texture" },
        "south": { "uv": [ 8.5, 2.25, 9.5, 2.75 ], "texture": "#texture" },
        "west":  { "uv": [ 7.5, 2.25, 8.5, 2.75 ], "texture": "#texture" },
        "east":  { "uv": [ 7.5, 2.25, 8.5, 2.75 ], "texture": "#texture" }
    }
},
{
    "from": [ 7.5, 13.25, 6.5 ],
    "to": [ 8.5, 13.75, 7.5 ],
    "faces": {
        "up":    { "uv": [ 7.5, 6.5, 8.5, 7.5 ], "texture": "#texture" },
        "north": { "uv": [ 7.5, 2.25, 8.5, 2.75 ], "texture": "#texture" },
        "south": { "uv": [ 7.5, 2.25, 8.5, 2.75 ], "texture": "#texture" },
        "west":  { "uv": [ 6.5, 2.25, 7.5, 2.75 ], "texture": "#texture" },
        "east":  { "uv": [ 8.5, 2.25, 9.5, 2.75 ], "texture": "#texture" }
    }
},
{
    "from": [ 6.5, 13.25, 7.5 ],
    "to": [ 7.5, 13.75, 8.5 ],
    "faces": {
        "up":    { "uv": [ 6.5, 7.5, 7.5, 8.5 ], "texture": "#texture" },
        "north": { "uv": [ 8.5, 2.25, 9.5, 2.75 ], "texture": "#texture" },
        "south": { "uv": [ 6.5, 2.25, 7.5, 2.75 ], "texture": "#texture" },
        "west":  { "uv": [ 7.5, 2.25, 8.5, 2.75 ], "texture": "#texture" },
        "east":  { "uv": [ 7.5, 2.25, 8.5, 2.75 ], "texture": "#texture" }
    }
},
{
    "from": [ 7.5, 13.25, 8.5 ],
    "to": [ 8.5, 13.75, 9.5 ],
    "faces": {
        "up":    { "uv": [ 7.5, 8.5, 8.5, 9.5 ], "texture": "#texture" },
        "north": { "uv": [ 7.5, 2.25, 8.5, 2.75 ], "texture": "#texture" },
        "south": { "uv": [ 7.5, 2.25, 8.5, 2.75 ], "texture": "#texture" },
        "west":  { "uv": [ 8.5, 2.25, 9.5, 2.75 ], "texture": "#texture" },
        "east":  { "uv": [ 6.5, 2.25, 7.5, 2.75 ], "texture": "#texture" }
    }
},
{
    "from": [ 6.75, 13, 6.75 ],
    "to": [ 7.5, 13.5, 9.25 ],
    "faces": {
        "up":    { "uv": [ 6.75, 6.75, 7.5, 9.25 ], "texture": "#texture" },
        "north": { "uv": [ 8.5, 2.5, 9.25, 3 ], "texture": "#texture" },
        "south": { "uv": [ 6.75, 2.5, 7.5, 3 ], "texture": "#texture" },
        "west":  { "uv": [ 6.75, 2.5, 9.25, 3 ], "texture": "#texture" },
        "east":  { "uv": [ 6.75, 2.5, 9.25, 3 ], "texture": "#texture" }
    }
},
{
    "from": [ 8.5, 13, 6.75 ],
    "to": [ 9.25, 13.5, 9.25 ],
    "faces": {
        "up":    { "uv": [ 8.5, 6.75, 9.25, 9.25 ], "texture": "#texture" },
        "north": { "uv": [ 6.75, 2.5, 7.5, 3 ], "texture": "#texture" },
        "south": { "uv": [ 8.5, 2.5, 9.25, 3 ], "texture": "#texture" },
        "west":  { "uv": [ 6.75, 2.5, 9.25, 3 ], "texture": "#texture" },
        "east":  { "uv": [ 6.75, 2.5, 9.25, 3 ], "texture": "#texture" }
    }
},
{
    "from": [ 7, 13, 6.5 ],
    "to": [ 9, 13.25, 9.5 ],
    "faces": {
        "up":    { "uv": [ 7, 6.5, 9, 9.5 ], "texture": "#texture" },
        "north": { "uv": [ 7, 2.75, 9, 3 ], "texture": "#texture" },
        "south": { "uv": [ 7, 2.75, 9, 3 ], "texture": "#texture" },
        "west":  { "uv": [ 6.5, 2.75, 9.5, 3 ], "texture": "#texture" },
        "east":  { "uv": [ 6.5, 2.75, 9.5, 3 ], "texture": "#texture" }
    }
},
{
    "from": [ 6.5, 13, 7 ],
    "to": [ 9.5, 13.25, 9 ],
    "faces": {
        "up":    { "uv": [ 6.5, 7, 9.5, 9 ], "texture": "#texture" },
        "north": { "uv": [ 6.5, 2.75, 9.5, 3 ], "texture": "#texture" },
        "south": { "uv": [ 6.5, 2.75, 9.5, 3 ], "texture": "#texture" },
        "west":  { "uv": [ 7, 2.75, 9, 3 ], "texture": "#texture" },
        "east":  { "uv": [ 7, 2.75, 9, 3 ], "texture": "#texture" }
    }
},
{
    "from": [ 7.75, 13.25, 6.25 ],
    "to": [ 8.25, 13.5, 9.75 ],
    "faces": {
        "up":    { "uv": [ 7.75, 6.25, 8.25, 9.75 ], "texture": "#texture" },
        "north": { "uv": [ 7.75, 2.5, 8.25, 2.75 ], "texture": "#texture" },
        "south": { "uv": [ 7.75, 2.5, 8.25, 2.75 ], "texture": "#texture" },
        "west":  { "uv": [ 6.25, 2.5, 9.75, 2.75 ], "texture": "#texture" },
        "east":  { "uv": [ 6.25, 2.5, 9.75, 2.75 ], "texture": "#texture" }
    }
},
{
    "from": [ 6.25, 13.25, 7.75 ],
    "to": [ 9.75, 13.5, 8.25 ],
    "faces": {
        "up":    { "uv": [ 6.25, 7.75, 9.75, 8.25 ], "texture": "#texture" },
        "north": { "uv": [ 6.25, 2.5, 9.75, 2.75 ], "texture": "#texture" },
        "south": { "uv": [ 6.25, 2.5, 9.75, 2.75 ], "texture": "#texture" },
        "west":  { "uv": [ 7.75, 2.5, 8.25, 2.75 ], "texture": "#texture" },
        "east":  { "uv": [ 7.75, 2.5, 8.25, 2.75 ], "texture": "#texture" }
    }
},
{
    "from": [ 7, 13.5, 7 ],
    "to": [ 9, 13.75, 9 ],
    "faces": {
        "down":  { "uv": [ 9, 9, 7, 7 ], "texture": "#texture" },
        "up":    { "uv": [ 7, 7, 9, 9 ], "texture": "#texture" },
        "north": { "uv": [ 7, 2.25, 9, 2.5 ], "texture": "#texture" },
        "south": { "uv": [ 7, 2.25, 9, 2.5 ], "texture": "#texture" },
        "west":  { "uv": [ 7, 2.25, 9, 2.5 ], "texture": "#texture" },
        "east":  { "uv": [ 7, 2.25, 9, 2.5 ], "texture": "#texture" }
    }
},
{
    "from": [ 7, 13.75, 7.5 ],
    "to": [ 9, 14, 8.5 ],
    "faces": {
        "up":    { "uv": [ 7, 7.5, 9, 8.5 ], "texture": "#texture" },
        "north": { "uv": [ 7, 2, 9, 2.25 ], "texture": "#texture" },
        "south": { "uv": [ 7, 2, 9, 2.25 ], "texture": "#texture" },
        "west":  { "uv": [ 7.5, 2, 8.5, 2.25 ], "texture": "#texture" },
        "east":  { "uv": [ 7.5, 2, 8.5, 2.25 ], "texture": "#texture" }
    }
},
{
    "from": [ 7.5, 13.75, 7 ],
    "to": [ 8.5, 14, 9 ],
    "faces": {
        "up":    { "uv": [ 7.5, 7, 8.5, 9 ], "texture": "#texture" },
        "north": { "uv": [ 7.5, 2, 8.5, 2.25 ], "texture": "#texture" },
        "south": { "uv": [ 7.5, 2, 8.5, 2.25 ], "texture": "#texture" },
        "west":  { "uv": [ 7, 2, 9, 2.25 ], "texture": "#texture" },
        "east":  { "uv": [ 7, 2, 9, 2.25 ], "texture": "#texture" }
    }
},
{
    "from": [ 7.5, 14, 7.5 ],
    "to": [ 8.5, 14.25, 8.5 ],
    "faces": {
        "up":    { "uv": [ 7.5, 7.5, 8.5, 8.5 ], "texture": "#texture" },
        "north": { "uv": [ 7.5, 1.75, 8.5, 2 ], "texture": "#texture" },
        "south": { "uv": [ 7.5, 1.75, 8.5, 2 ], "texture": "#texture" },
        "west":  { "uv": [ 7.5, 1.75, 8.5, 2 ], "texture": "#texture" },
        "east":  { "uv": [ 7.5, 1.75, 8.5, 2 ], "texture": "#texture" }
    }
},
{
    "from": [ 3.5, 11.5, 4.5 ],
    "to": [ 8, 12, 5 ],
    "rotation": { "origin": [ 3.5, 11.5, 4.5 ], "axis": "y", "angle": -45 },
    "faces": {
        "down":  { "uv": [ 15.75, 5.75, 11.25, 5.25 ], "texture": "#bed end top" },
        "up":    { "uv": [ 0.25, 5.25, 4.75, 5.75 ], "texture": "#bed end top" },
        "north": { "uv": [ 11.25, 3, 15.75, 3.5 ], "texture": "#bed end top" },
        "south": { "uv": [ 0.25, 3, 4.75, 3.5 ], "texture": "#bed end top" },
        "east":  { "uv": [ 10.25, 3, 10.75, 3.5 ], "texture": "#bed end top" }
    }
},
{
    "from": [ 3, 11.5, 11.2445 ],
    "to": [ 7.5, 12, 11.7445 ],
    "rotation": { "origin": [ 3, 11.5, 11.2445 ], "axis": "y", "angle": 45 },
    "faces": {
        "down":  { "uv": [ 15.75, 5.75, 11.25, 5.25 ], "texture": "#bed end top" },
        "up":    { "uv": [ 0.25, 5.25, 4.75, 5.75 ], "texture": "#bed end top" },
        "north": { "uv": [ 11.25, 3, 15.75, 3.5 ], "texture": "#bed end top" },
        "south": { "uv": [ 0.25, 3, 4.75, 3.5 ], "texture": "#bed end top" },
        "west":  { "uv": [ 5.25, 3, 5.75, 3.5 ], "texture": "#bed end top" },
        "east":  { "uv": [ 10.25, 3, 10.75, 3.5 ], "texture": "#bed end top" }
    }
},
{
    "from": [ 2.75, 11.5, 4.5 ],
    "to": [ 3.5, 12, 5 ],
    "faces": {
        "down":  { "uv": [ 13.25, 5, 12.5, 4.5 ], "texture": "#bed end top" },
        "up":    { "uv": [ 2.75, 4.5, 3.5, 5 ], "texture": "#bed end top" },
        "north": { "uv": [ 12.5, 4, 13.25, 4.5 ], "texture": "#bed end top" },
        "south": { "uv": [ 2.75, 4, 3.5, 4.5 ], "texture": "#bed end top" },
        "west":  { "uv": [ 4.5, 4, 5, 4.5 ], "texture": "#bed end top" }
    }
},
{
    "from": [ 2.75, 11.5, 11 ],
    "to": [ 3.5, 12, 11.5 ],
    "faces": {
        "down":  { "uv": [ 13.25, 11.5, 12.5, 11 ], "texture": "#bed end top" },
        "up":    { "uv": [ 2.75, 11, 3.5, 11.5 ], "texture": "#bed end top" },
        "north": { "uv": [ 12.5, 4, 13.25, 4.5 ], "texture": "#bed end top" },
        "south": { "uv": [ 2.75, 4, 3.5, 4.5 ], "texture": "#bed end top" },
        "west":  { "uv": [ 11, 4, 11.5, 4.5 ], "texture": "#bed end top" },
        "east":  { "uv": [ 4.5, 4, 5, 4.5 ], "texture": "#bed end top" }
    }
},
{
    "from": [ 2.75, 7.5, 11.25 ],
    "to": [ 3.25, 11.75, 11.75 ],
    "rotation": { "origin": [ 2.75, 11.75, 11.25 ], "axis": "x", "angle": 45 },
    "faces": {
        "down":  { "uv": [ 13.25, 11.5, 12.75, 11 ], "texture": "#bed end top" },
        "up":    { "uv": [ 2.75, 11, 3.25, 11.5 ], "texture": "#bed end top" },
        "north": { "uv": [ 12.75, 4.5, 13.25, 8.75 ], "texture": "#bed end top" },
        "south": { "uv": [ 2.75, 4.5, 3.25, 8.75 ], "texture": "#bed end top" },
        "west":  { "uv": [ 11, 4.5, 11.5, 8.75 ], "texture": "#bed end top" },
        "east":  { "uv": [ 4.5, 4.5, 5, 8.75 ], "texture": "#bed end top" }
    }
},
{
    "from": [ 2.75, 7.25, 4.5 ],
    "to": [ 3.25, 11.5, 5 ],
    "rotation": { "origin": [ 2.75, 11.5, 4.5 ], "axis": "x", "angle": -45 },
    "faces": {
        "down":  { "uv": [ 2.75, 4.5, 3.25, 5 ], "texture": "#bed end top" },
        "north": { "uv": [ 2.75, 4.5, 3.25, 8.75 ], "texture": "#bed end top" },
        "south": { "uv": [ 2.75, 4.5, 3.25, 8.75 ], "texture": "#bed end top" },
        "west":  { "uv": [ 4.5, 4.5, 5, 8.75 ], "texture": "#bed end top" },
        "east":  { "uv": [ 4.5, 4.5, 5, 8.75 ], "texture": "#bed end top" }
    }
},
{
    "from": [ 2.75, 5.75, 7.5 ],
    "to": [ 3.25, 8.75, 8.5 ],
    "faces": {
        "down":  { "uv": [ 13.25, 8.5, 12.75, 7.5 ], "texture": "#bed end top" },
        "up":    { "uv": [ 2.75, 7.5, 3.25, 8.5 ], "texture": "#bed end top" },
        "north": { "uv": [ 12.75, 7.25, 13.25, 10.25 ], "texture": "#bed end top" },
        "south": { "uv": [ 2.75, 7.25, 3.25, 10.25 ], "texture": "#bed end top" },
        "west":  { "uv": [ 7.5, 7.25, 8.5, 10.25 ], "texture": "#bed end top" },
        "east":  { "uv": [ 7.5, 7.25, 8.5, 10.25 ], "texture": "#bed end top" }
    }
},
{
    "from": [ 2.75, 1.25, 7.75 ],
    "to": [ 3.25, 5.75, 8.25 ],
    "rotation": { "origin": [ 2.75, 5.75, 7.75 ], "axis": "x", "angle": -45 },
    "faces": {
        "down":  { "uv": [ 13.25, 13.25, 12.75, 12.75 ], "texture": "#bed end top" },
        "north": { "uv": [ 12.75, 0.5, 13.25, 5 ], "texture": "#bed end top" },
        "south": { "uv": [ 2.75, 0.5, 3.25, 5 ], "texture": "#bed end top" },
        "west":  { "uv": [ 12.75, 0.5, 13.25, 5 ], "texture": "#bed end top" },
        "east":  { "uv": [ 2.75, 0.5, 3.25, 5 ], "texture": "#bed end top" }
    }
},
{
    "from": [ 2.75, 1.75, 7.75 ],
    "to": [ 3.25, 6.25, 8.25 ],
    "rotation": { "origin": [ 2.75, 6.25, 7.75 ], "axis": "x", "angle": 45 },
    "faces": {
        "down":  { "uv": [ 13.25, 3.5, 12.75, 3 ], "texture": "#bed end top" },
        "up":    { "uv": [ 2.75, 3, 3.25, 3.5 ], "texture": "#bed end top" },
        "north": { "uv": [ 12.75, 2, 13.25, 6.5 ], "texture": "#bed end top" },
        "south": { "uv": [ 2.75, 2, 3.25, 6.5 ], "texture": "#bed end top" },
        "west":  { "uv": [ 3, 2, 3.5, 6.5 ], "texture": "#bed end top" },
        "east":  { "uv": [ 12.5, 2, 13, 6.5 ], "texture": "#bed end top" }
    }
},
{
    "from": [ 3, 2.5, 10.75 ],
    "to": [ 4.25, 3, 11.25 ],
    "faces": {
        "down":  { "uv": [ 3, 11, 5, 11.5 ], "texture": "#bed end top" },
        "up":    { "uv": [ 3, 11, 5, 11.5 ], "texture": "#bed end top" },
        "north": { "uv": [ 3, 13, 5, 13.5 ], "texture": "#bed end top" },
        "south": { "uv": [ 3, 13, 5, 13.5 ], "texture": "#bed end top" },
        "west":  { "uv": [ 11, 13, 11.5, 13.5 ], "texture": "#bed end top" },
        "east":  { "uv": [ 11, 13, 11.5, 13.5 ], "texture": "#bed end top" }
    }
},
{
    "from": [ 2.75, 2.5, 4.5 ],
    "to": [ 4.25, 3, 5 ],
    "faces": {
        "down":  { "uv": [ 13.25, 5, 11.75, 4.5 ], "texture": "#bed end top" },
        "up":    { "uv": [ 2.75, 4.5, 4.25, 5 ], "texture": "#bed end top" },
        "north": { "uv": [ 11.75, 13, 13.25, 13.5 ], "texture": "#bed end top" },
        "south": { "uv": [ 2.75, 13, 4.25, 13.5 ], "texture": "#bed end top" },
        "west":  { "uv": [ 4.5, 13, 5, 13.5 ], "texture": "#bed end top" },
        "east":  { "uv": [ 11, 13, 11.5, 13.5 ], "texture": "#bed end top" }
    }
},
{
    "from": [ 4, 2.75, 4.75 ],
    "to": [ 4.75, 3.25, 5.25 ],
    "faces": {
        "down":  { "uv": [ 12, 5.25, 11.25, 4.75 ], "texture": "#bed end top" },
        "up":    { "uv": [ 4, 4.75, 4.75, 5.25 ], "texture": "#bed end top" },
        "north": { "uv": [ 11.25, 12.75, 12, 13.25 ], "texture": "#bed end top" },
        "south": { "uv": [ 4, 12.75, 4.75, 13.25 ], "texture": "#bed end top" },
        "west":  { "uv": [ 4.75, 12.75, 5.25, 13.25 ], "texture": "#bed end top" },
        "east":  { "uv": [ 10.75, 12.75, 11.25, 13.25 ], "texture": "#bed end top" }
    }
},
{
    "from": [ 4, 2.75, 10.5 ],
    "to": [ 4.75, 3.25, 11 ],
    "faces": {
        "down":  { "uv": [ 12, 11, 11.25, 10.5 ], "texture": "#bed end top" },
        "up":    { "uv": [ 4, 10.5, 4.75, 11 ], "texture": "#bed end top" },
        "north": { "uv": [ 11.25, 12.75, 12, 13.25 ], "texture": "#bed end top" },
        "south": { "uv": [ 4, 12.75, 4.75, 13.25 ], "texture": "#bed end top" },
        "west":  { "uv": [ 10.5, 12.75, 11, 13.25 ], "texture": "#bed end top" },
        "east":  { "uv": [ 5, 12.75, 5.5, 13.25 ], "texture": "#bed end top" }
    }
},
{
    "from": [ 4.5, 3, 10.25 ],
    "to": [ 5.25, 3.5, 10.75 ],
    "faces": {
        "down":  { "uv": [ 11.5, 10.75, 10.75, 10.25 ], "texture": "#bed end top" },
        "up":    { "uv": [ 4.5, 10.25, 5.25, 10.75 ], "texture": "#bed end top" },
        "north": { "uv": [ 10.75, 12.5, 11.5, 13 ], "texture": "#bed end top" },
        "south": { "uv": [ 4.5, 12.5, 5.25, 13 ], "texture": "#bed end top" },
        "west":  { "uv": [ 10.25, 12.5, 10.75, 13 ], "texture": "#bed end top" },
        "east":  { "uv": [ 5.25, 12.5, 5.75, 13 ], "texture": "#bed end top" }
    }
},
{
    "from": [ 4.5, 3, 5 ],
    "to": [ 5.25, 3.5, 5.5 ],
    "faces": {
        "down":  { "uv": [ 11.5, 5.5, 10.75, 5 ], "texture": "#bed end top" },
        "up":    { "uv": [ 4.5, 5, 5.25, 5.5 ], "texture": "#bed end top" },
        "north": { "uv": [ 10.75, 12.5, 11.5, 13 ], "texture": "#bed end top" },
        "south": { "uv": [ 4.5, 12.5, 5.25, 13 ], "texture": "#bed end top" },
        "west":  { "uv": [ 5, 12.5, 5.5, 13 ], "texture": "#bed end top" },
        "east":  { "uv": [ 10.5, 12.5, 11, 13 ], "texture": "#bed end top" }
    }
},
{
    "from": [ 5, 3, 10.25 ],
    "to": [ 7.5, 3.5, 10.75 ],
    "rotation": { "origin": [ 5, 3, 10.25 ], "axis": "y", "angle": 22.5 },
    "faces": {
        "down":  { "uv": [ 10.75, 11.5, 8.25, 11 ], "texture": "#bed end top" },
        "up":    { "uv": [ 5.25, 11, 7.75, 11.5 ], "texture": "#bed end top" },
        "north": { "uv": [ 8.25, 0, 10.75, 1 ], "texture": "#bed end top" },
        "south": { "uv": [ 5.25, 0, 7.75, 1 ], "texture": "#bed end top" },
        "west":  { "uv": [ 11, 0, 11.5, 1 ], "texture": "#bed end top" },
        "east":  { "uv": [ 4.5, 0, 5, 1 ], "texture": "#bed end top" }
    }
},
{
    "from": [ 5, 3, 5 ],
    "to": [ 7.5, 3.5, 5.5 ],
    "rotation": { "origin": [ 5, 3, 5 ], "axis": "y", "angle": -22.5 },
    "faces": {
        "down":  { "uv": [ 11, 12, 8.5, 11.5 ], "texture": "#bed end top" },
        "up":    { "uv": [ 5, 11.5, 7.5, 12 ], "texture": "#bed end top" },
        "north": { "uv": [ 8.5, 0, 11, 1 ], "texture": "#bed end top" },
        "south": { "uv": [ 5, 0, 7.5, 1 ], "texture": "#bed end top" },
        "west":  { "uv": [ 11.5, 0, 12, 1 ], "texture": "#bed end top" },
        "east":  { "uv": [ 4, 0, 4.5, 1 ], "texture": "#bed end top" }
    }
},
{
    "from": [ 5.5, 11.25, 7.5 ],
    "to": [ 6, 12.25, 8.5 ],
    "faces": {
        "down":  { "uv": [ 10.5, 8.5, 10, 7.5 ], "texture": "#door iron lower" },
        "up":    { "uv": [ 5.5, 7.5, 6, 8.5 ], "texture": "#door iron lower" },
        "north": { "uv": [ 10, 3.75, 10.5, 4.75 ], "texture": "#door iron lower" },
        "south": { "uv": [ 5.5, 3.75, 6, 4.75 ], "texture": "#door iron lower" },
        "west":  { "uv": [ 7.5, 3.75, 8.5, 4.75 ], "texture": "#door iron lower" }
    }
},
{
    "from": [ 10, 10.5, 7.75 ],
    "to": [ 10.25, 11, 8.25 ],
    "faces": {
        "down":  { "uv": [ 6, 8.25, 5.75, 7.75 ], "texture": "#red" },
        "up":    { "uv": [ 10, 7.75, 10.25, 8.25 ], "texture": "#red" },
        "north": { "uv": [ 5.75, 5, 6, 5.5 ], "texture": "#red" },
        "south": { "uv": [ 10, 5, 10.25, 5.5 ], "texture": "#red" },
        "east":  { "uv": [ 7.75, 5, 8.25, 5.5 ], "texture": "#red" }
    }
},
{
    "from": [ 10, 9.75, 7.75 ],
    "to": [ 10.25, 10.25, 8.25 ],
    "faces": {
        "down":  { "uv": [ 6, 8.25, 5.75, 7.75 ], "texture": "#red" },
        "up":    { "uv": [ 10, 7.75, 10.25, 8.25 ], "texture": "#red" },
        "north": { "uv": [ 5.75, 5.75, 6, 6.25 ], "texture": "#red" },
        "south": { "uv": [ 10, 5.75, 10.25, 6.25 ], "texture": "#red" },
        "east":  { "uv": [ 7.75, 5.75, 8.25, 6.25 ], "texture": "#red" }
    }
},
{
    "from": [ 10, 11.25, 7.75 ],
    "to": [ 10.25, 11.75, 8.25 ],
    "faces": {
        "down":  { "uv": [ 6, 8.25, 5.75, 7.75 ], "texture": "#red" },
        "up":    { "uv": [ 10, 7.75, 10.25, 8.25 ], "texture": "#red" },
        "north": { "uv": [ 5.75, 4.25, 6, 4.75 ], "texture": "#red" },
        "south": { "uv": [ 10, 4.25, 10.25, 4.75 ], "texture": "#red" },
        "east":  { "uv": [ 7.75, 4.25, 8.25, 4.75 ], "texture": "#red" }
    }
}
],
"display": {
    "thirdperson": {
        "rotation": [ 180, -90, 25 ],
        "translation": [ 3.2, -3.4, 2.6 ],
        "scale": [ 1.5, 1.5, 1.5 ]
    },
    "ground": {
        "rotation": [ 0, 0, 0 ],
        "translation": [ 0, 0, 0 ],
        "scale": [ 3, 3, 3 ]
    },
    "fixed": {
        "rotation": [ 0, 90, 0 ],
        "translation": [ 0, 0, -3 ],
        "scale": [ 2, 2, 2 ]
    },
    "firstperson": {
        "rotation": [ 0, -135, -3 ],
        "translation": [ -5.8, 1.9, -1.1 ],
        "scale": [ 0, 0, 0 ]
    },
    "gui": {
        "rotation": [ 0, 45, 20 ],
        "translation": [ 0, 0.9, 0 ],
        "scale": [ 1.6, 1.6, 1.6 ]
    }
}
}