{
"__comment": "Designed by Parentalblock with BDcraft Cubik PRO 0.95 Beta - http://bdcraft.net",
"textures": {
    "particle": "blocks/anvil 1",
    "texture": "blocks/door wood lower",
    "dark wood blade": "blocks/door wood lower",
    "blade": "blocks/anvil 1",
    "back wool": "blocks/anvil 1"
},
"elements": [ 
{
    "from": [ -11.25, 7.25, 6.75 ],
    "to": [ -9.25, 8.5, 8.5 ],
    "faces": {
        "down":  { "uv": [ 16, 8.5, 16, 6.75 ], "texture": "#blade", "cullface": "west" },
        "up":    { "uv": [ 0, 6.75, 0, 8.5 ], "texture": "#blade", "cullface": "west" },
        "north": { "uv": [ 16, 7.5, 16, 8.75 ], "texture": "#blade", "cullface": "west" },
        "south": { "uv": [ 0, 7.5, 0, 8.75 ], "texture": "#blade", "cullface": "west" },
        "west":  { "uv": [ 6.75, 7.5, 8.5, 8.75 ], "texture": "#blade", "cullface": "west" }
    }
},
{
    "from": [ 14, 5.25, 7.25 ],
    "to": [ 14.25, 6.5, 7.75 ],
    "faces": {
        "down":  { "uv": [ 2, 7.75, 1.75, 7.25 ], "texture": "#back wool" },
        "north": { "uv": [ 1.75, 9.5, 2, 10.75 ], "texture": "#back wool" },
        "south": { "uv": [ 14, 9.5, 14.25, 10.75 ], "texture": "#back wool" },
        "west":  { "uv": [ 7.25, 9.5, 7.75, 10.75 ], "texture": "#back wool" },
        "east":  { "uv": [ 8.25, 9.5, 8.75, 10.75 ], "texture": "#back wool" }
    }
},
{
    "from": [ -5.75, 6.75, 7 ],
    "to": [ 16.25, 7, 8.25 ],
    "faces": {
        "down":  { "uv": [ 16, 8.25, 0, 7 ], "texture": "#dark wood blade" },
        "north": { "uv": [ 0, 9, 16, 9.25 ], "texture": "#dark wood blade" },
        "south": { "uv": [ 0, 9, 16, 9.25 ], "texture": "#dark wood blade" },
        "west":  { "uv": [ 7, 9, 8.25, 9.25 ], "texture": "#dark wood blade" },
        "east":  { "uv": [ 7.75, 9, 9, 9.25 ], "texture": "#texture" }
    }
},
{
    "from": [ -9.25, 8.5, 7 ],
    "to": [ 10.5, 8.75, 8.25 ],
    "faces": {
        "up":    { "uv": [ 0, 7, 10.5, 8.25 ], "texture": "#texture", "cullface": "west" },
        "north": { "uv": [ 5.5, 7.25, 16, 7.5 ], "texture": "#texture", "cullface": "west" },
        "south": { "uv": [ 0, 7.25, 10.5, 7.5 ], "texture": "#texture", "cullface": "west" },
        "east":  { "uv": [ 7.75, 7.25, 9, 7.5 ], "texture": "#texture", "cullface": "west" }
    }
},
{
    "from": [ -9.25, 7, 6.75 ],
    "to": [ 16.5, 8.25, 8.5 ],
    "faces": {
        "down":  { "uv": [ 16, 8.5, 0, 6.75 ], "texture": "#texture" },
        "up":    { "uv": [ 0, 6.75, 16, 8.5 ], "texture": "#texture" },
        "north": { "uv": [ 0, 7.75, 16, 9 ], "texture": "#texture" },
        "south": { "uv": [ 0, 7.75, 16, 9 ], "texture": "#texture" },
        "west":  { "uv": [ 6.75, 7.75, 8.5, 9 ], "texture": "#texture" },
        "east":  { "uv": [ 7.5, 7.75, 9.25, 9 ], "texture": "#texture" }
    }
},
{
    "from": [ -1.75, 6.5, 6.75 ],
    "to": [ -1.25, 9, 8.5 ],
    "faces": {
        "down":  { "uv": [ 16, 8.5, 16, 6.75 ], "texture": "#back wool", "cullface": "west" },
        "up":    { "uv": [ 0, 6.75, 0, 8.5 ], "texture": "#back wool", "cullface": "west" },
        "north": { "uv": [ 16, 7, 16, 9.5 ], "texture": "#back wool", "cullface": "west" },
        "south": { "uv": [ 0, 7, 0, 9.5 ], "texture": "#back wool", "cullface": "west" },
        "west":  { "uv": [ 6.75, 7, 8.5, 9.5 ], "texture": "#back wool", "cullface": "west" },
        "east":  { "uv": [ 7.5, 7, 9.25, 9.5 ], "texture": "#back wool", "cullface": "west" }
    }
},
{
    "from": [ 16.75, 6.25, 6.4375 ],
    "to": [ 17.25, 8.25, 8.6875 ],
    "rotation": { "origin": [ 16.75, 8.25, 6.4375 ], "axis": "z", "angle": -22.5 },
    "faces": {
        "down":  { "uv": [ 0, 8.5, 0, 6.75 ], "texture": "#blade", "cullface": "east" },
        "up":    { "uv": [ 16, 6.75, 16, 8.5 ], "texture": "#blade", "cullface": "east" },
        "north": { "uv": [ 0, 7.5, 0, 9.5 ], "texture": "#blade", "cullface": "east" },
        "south": { "uv": [ 16, 7.5, 16, 9.5 ], "texture": "#blade", "cullface": "east" },
        "west":  { "uv": [ 6.75, 7.5, 8.5, 9.5 ], "texture": "#blade", "cullface": "east" },
        "east":  { "uv": [ 7.5, 7.5, 9.25, 9.5 ], "texture": "#blade", "cullface": "east" }
    }
},
{
    "from": [ 0.5, 6.5, 7.25 ],
    "to": [ 16.25, 6.75, 8 ],
    "faces": {
        "down":  { "uv": [ 0.25, 7.25, 16, 8 ], "texture": "#texture", "cullface": "east" },
        "north": { "uv": [ 0.25, 9.25, 16, 9.5 ], "texture": "#texture", "cullface": "east" },
        "south": { "uv": [ 0.25, 9.25, 16, 9.5 ], "texture": "#texture", "cullface": "east" },
        "west":  { "uv": [ 7.25, 9.25, 8, 9.5 ], "texture": "#texture", "cullface": "east" },
        "east":  { "uv": [ 7.25, 9.25, 8, 9.5 ], "texture": "#texture", "cullface": "east" }
    }
},
{
    "from": [ -11.25, 8.5, 7 ],
    "to": [ -9.25, 8.75, 8.25 ],
    "faces": {
        "up":    { "uv": [ 13.25, 7.25, 15.75, 8 ], "texture": "#blade", "cullface": "west" },
        "north": { "uv": [ 0.25, 9.5, 2.75, 10.5 ], "texture": "#blade", "cullface": "west" },
        "south": { "uv": [ 13.25, 9.5, 15.75, 10.5 ], "texture": "#blade", "cullface": "west" },
        "west":  { "uv": [ 7.25, 9.5, 8, 10.5 ], "texture": "#blade", "cullface": "west" }
    }
},
{
    "from": [ 14.25, 5.25, 7.25 ],
    "to": [ 15.75, 5.5, 8 ],
    "faces": {
        "down":  { "uv": [ 1.75, 8, 0.25, 7.25 ], "texture": "#back wool" },
        "up":    { "uv": [ 14.25, 7.25, 15.75, 8 ], "texture": "#back wool" },
        "north": { "uv": [ 0.25, 10.5, 1.75, 10.75 ], "texture": "#back wool" },
        "south": { "uv": [ 14.25, 10.5, 15.75, 10.75 ], "texture": "#back wool" },
        "east":  { "uv": [ 8, 10.5, 8.75, 10.75 ], "texture": "#back wool" }
    }
},
{
    "from": [ 16, 5.25, 7.25 ],
    "to": [ 16.25, 6.5, 8 ],
    "rotation": { "origin": [ 16, 6.5, 7.25 ], "axis": "z", "angle": -22.5 },
    "faces": {
        "down":  { "uv": [ 0.75, 8, 0.5, 7.25 ], "texture": "#back wool", "cullface": "east" },
        "north": { "uv": [ 0.5, 9.25, 0.75, 10.5 ], "texture": "#back wool", "cullface": "east" },
        "south": { "uv": [ 15.25, 9.25, 15.5, 10.5 ], "texture": "#back wool", "cullface": "east" },
        "west":  { "uv": [ 7.25, 9.25, 8, 10.5 ], "texture": "#back wool", "cullface": "east" },
        "east":  { "uv": [ 8, 9.25, 8.75, 10.5 ], "texture": "#back wool", "cullface": "east" }
    }
},
{
    "from": [ 15.25, 5.75, 7.5 ],
    "to": [ 15.5, 6.75, 7.75 ],
    "rotation": { "origin": [ 15.25, 6.75, 7.5 ], "axis": "z", "angle": -22.5 },
    "faces": {
        "down":  { "uv": [ 1.25, 7.75, 1, 7.5 ], "texture": "#blade" },
        "north": { "uv": [ 1, 9.25, 1.25, 10.25 ], "texture": "#blade" },
        "south": { "uv": [ 14.75, 9.25, 15, 10.25 ], "texture": "#blade" },
        "west":  { "uv": [ 7.5, 9.25, 7.75, 10.25 ], "texture": "#blade" },
        "east":  { "uv": [ 8.25, 9.25, 8.5, 10.25 ], "texture": "#blade" }
    }
},
{
    "from": [ 10.5, 8.5, 7.25 ],
    "to": [ 14.25, 8.75, 8 ],
    "faces": {
        "down":  { "uv": [ 5.5, 8, 1.75, 7.25 ], "texture": "#blade" },
        "up":    { "uv": [ 10.5, 7.25, 14.25, 8 ], "texture": "#blade" },
        "north": { "uv": [ 1.75, 7.25, 5.5, 7.5 ], "texture": "#blade" },
        "south": { "uv": [ 10.5, 7.25, 14.25, 7.5 ], "texture": "#blade" }
    }
},
{
    "from": [ 14.25, 8.5, 7 ],
    "to": [ 16, 9, 8.25 ],
    "faces": {
        "up":    { "uv": [ 14.25, 7, 16, 8.25 ], "texture": "#blade" },
        "north": { "uv": [ 0, 7, 1.75, 7.5 ], "texture": "#blade" },
        "south": { "uv": [ 14.25, 7, 16, 7.5 ], "texture": "#blade" },
        "west":  { "uv": [ 7, 7, 8.25, 7.5 ], "texture": "#blade" },
        "east":  { "uv": [ 7.75, 7, 9, 7.5 ], "texture": "#blade", "cullface": "east" }
    }
},
{
    "from": [ -12, 7.5, 8 ],
    "to": [ -11.25, 9.25, 8.25 ],
    "faces": {
        "up":    { "uv": [ 0, 8, 0, 8.25 ], "texture": "#blade", "cullface": "west" },
        "north": { "uv": [ 16, 6.75, 16, 8.5 ], "texture": "#blade", "cullface": "west" },
        "south": { "uv": [ 0, 6.75, 0, 8.5 ], "texture": "#blade", "cullface": "west" },
        "west":  { "uv": [ 8, 6.75, 8.25, 8.5 ], "texture": "#blade", "cullface": "west" },
        "east":  { "uv": [ 7.75, 6.75, 8, 8.5 ], "texture": "#blade", "cullface": "west" }
    }
},
{
    "from": [ 15.5, 9, 7.5 ],
    "to": [ 15.75, 9.25, 7.75 ],
    "faces": {
        "up":    { "uv": [ 15.5, 7.5, 15.75, 7.75 ], "texture": "#blade" },
        "north": { "uv": [ 0.25, 6.75, 0.5, 7 ], "texture": "#blade" },
        "south": { "uv": [ 15.5, 6.75, 15.75, 7 ], "texture": "#blade" },
        "west":  { "uv": [ 7.5, 6.75, 7.75, 7 ], "texture": "#blade" },
        "east":  { "uv": [ 8.25, 6.75, 8.5, 7 ], "texture": "#blade" }
    }
},
{
    "from": [ -14, 8.25, 7.25 ],
    "to": [ -11.25, 8.5, 8 ],
    "faces": {
        "down":  { "uv": [ 16, 8, 16, 7.25 ], "texture": "#blade", "cullface": "west" },
        "up":    { "uv": [ 0, 7.25, 0, 8 ], "texture": "#blade", "cullface": "west" },
        "north": { "uv": [ 16, 7.5, 16, 7.75 ], "texture": "#blade", "cullface": "west" },
        "south": { "uv": [ 0, 7.5, 0, 7.75 ], "texture": "#blade", "cullface": "west" },
        "west":  { "uv": [ 7.25, 7.5, 8, 7.75 ], "texture": "#blade", "cullface": "west" }
    }
},
{
    "from": [ -14, 7.75, 7.25 ],
    "to": [ -11.25, 8, 8 ],
    "faces": {
        "down":  { "uv": [ 16, 8, 16, 7.25 ], "texture": "#blade", "cullface": "west" },
        "up":    { "uv": [ 0, 7.25, 0, 8 ], "texture": "#blade", "cullface": "west" },
        "north": { "uv": [ 16, 8, 16, 8.25 ], "texture": "#blade", "cullface": "west" },
        "south": { "uv": [ 0, 8, 0, 8.25 ], "texture": "#blade", "cullface": "west" },
        "west":  { "uv": [ 7.25, 8, 8, 8.25 ], "texture": "#blade", "cullface": "west" }
    }
},
{
    "from": [ -14, 8, 7.75 ],
    "to": [ -11.25, 8.25, 8 ],
    "faces": {
        "north": { "uv": [ 16, 7.75, 16, 8 ], "texture": "#blade", "cullface": "west" },
        "south": { "uv": [ 0, 7.75, 0, 8 ], "texture": "#blade", "cullface": "west" },
        "west":  { "uv": [ 7.75, 7.75, 8, 8 ], "texture": "#blade", "cullface": "west" }
    }
},
{
    "from": [ -14, 8, 7.25 ],
    "to": [ -11.25, 8.25, 7.5 ],
    "faces": {
        "north": { "uv": [ 16, 7.75, 16, 8 ], "texture": "#blade", "cullface": "west" },
        "south": { "uv": [ 0, 7.75, 0, 8 ], "texture": "#blade", "cullface": "west" },
        "west":  { "uv": [ 7.25, 7.75, 7.5, 8 ], "texture": "#blade", "cullface": "west" }
    }
},
{
    "from": [ -12, 7.5, 7 ],
    "to": [ -11.25, 9.25, 7.25 ],
    "faces": {
        "down":  { "uv": [ 16, 7.25, 16, 7 ], "texture": "#blade", "cullface": "west" },
        "up":    { "uv": [ 0, 7, 0, 7.25 ], "texture": "#blade", "cullface": "west" },
        "north": { "uv": [ 16, 6.75, 16, 8.5 ], "texture": "#blade", "cullface": "west" },
        "south": { "uv": [ 0, 6.75, 0, 8.5 ], "texture": "#blade", "cullface": "west" },
        "west":  { "uv": [ 7, 6.75, 7.25, 8.5 ], "texture": "#blade", "cullface": "west" },
        "east":  { "uv": [ 8.75, 6.75, 9, 8.5 ], "texture": "#blade", "cullface": "west" }
    }
},
{
    "from": [ -12, 8.5, 7.25 ],
    "to": [ -11.25, 8.75, 8 ],
    "faces": {
        "up":    { "uv": [ 0, 7.25, 0, 8 ], "texture": "#blade", "cullface": "west" },
        "west":  { "uv": [ 7.25, 7.25, 8, 7.5 ], "texture": "#blade", "cullface": "west" }
    }
},
{
    "from": [ -1.75, 6.75, 6.5 ],
    "to": [ -1.25, 8.75, 8.75 ],
    "faces": {
        "down":  { "uv": [ 16, 8.75, 16, 6.5 ], "texture": "#blade", "cullface": "west" },
        "up":    { "uv": [ 0, 6.5, 0, 8.75 ], "texture": "#blade", "cullface": "west" },
        "north": { "uv": [ 16, 7.25, 16, 9.25 ], "texture": "#blade", "cullface": "west" },
        "south": { "uv": [ 0, 7.25, 0, 9.25 ], "texture": "#blade", "cullface": "west" },
        "west":  { "uv": [ 6.5, 7.25, 8.75, 9.25 ], "texture": "#blade", "cullface": "west" },
        "east":  { "uv": [ 7.25, 7.25, 9.5, 9.25 ], "texture": "#blade", "cullface": "west" }
    }
},
{
    "from": [ -9.25, 8.25, 6.75 ],
    "to": [ 10.75, 8.5, 8.5 ],
    "faces": {
        "up":    { "uv": [ 0, 6.75, 10.75, 8.5 ], "texture": "#texture", "cullface": "west" },
        "north": { "uv": [ 5.25, 7.5, 16, 7.75 ], "texture": "#texture", "cullface": "west" },
        "south": { "uv": [ 0, 7.5, 10.75, 7.75 ], "texture": "#texture", "cullface": "west" },
        "east":  { "uv": [ 7.5, 7.5, 9.25, 7.75 ], "texture": "#texture", "cullface": "west" }
    }
},
{
    "from": [ 10.75, 8.25, 7 ],
    "to": [ 16.25, 8.5, 8.25 ],
    "faces": {
        "up":    { "uv": [ 10.75, 7, 16, 8.25 ], "texture": "#blade", "cullface": "east" },
        "north": { "uv": [ 0, 7.5, 5.25, 7.75 ], "texture": "#blade", "cullface": "east" },
        "south": { "uv": [ 10.75, 7.5, 16, 7.75 ], "texture": "#blade", "cullface": "east" },
        "east":  { "uv": [ 7.75, 7.5, 9, 7.75 ], "texture": "#blade", "cullface": "east" }
    }
},
{
    "from": [ 16.25, 8.25, 6.75 ],
    "to": [ 16.5, 9.5, 7 ],
    "rotation": { "origin": [ 16.25, 9.5, 6.75 ], "axis": "z", "angle": -22.5 },
    "faces": {
        "up":    { "uv": [ 16, 7, 16, 8 ], "texture": "#blade", "cullface": "east" },
        "north": { "uv": [ 0, 3.75, 0, 4.75 ], "texture": "#blade", "cullface": "east" },
        "south": { "uv": [ 16, 3.75, 16, 4.75 ], "texture": "#blade", "cullface": "east" },
        "west":  { "uv": [ 7, 3.75, 8, 4.75 ], "texture": "#blade", "cullface": "east" },
        "east":  { "uv": [ 8, 3.75, 9, 4.75 ], "texture": "#blade", "cullface": "east" }
    }
},
{
    "from": [ 16.25, 9.25, 6.5 ],
    "to": [ 17, 10, 7.25 ],
    "rotation": { "origin": [ 16.25, 10, 6.5 ], "axis": "z", "angle": -22.5 },
    "faces": {
        "down":  { "uv": [ 0, 7.75, 0, 6.75 ], "texture": "#blade", "cullface": "east" },
        "up":    { "uv": [ 16, 6.75, 16, 7.75 ], "texture": "#blade", "cullface": "east" },
        "north": { "uv": [ 0, 5, 0, 6 ], "texture": "#blade", "cullface": "east" },
        "south": { "uv": [ 16, 5, 16, 6 ], "texture": "#blade", "cullface": "east" },
        "west":  { "uv": [ 6.75, 5, 7.75, 6 ], "texture": "#blade", "cullface": "east" },
        "east":  { "uv": [ 8.25, 5, 9.25, 6 ], "texture": "#blade", "cullface": "east" }
    }
},
{
    "from": [ 16.5, 7.5, 6.75 ],
    "to": [ 16.75, 8.25, 8.5 ],
    "faces": {
        "down":  { "uv": [ 0, 8.5, 0, 6.75 ], "texture": "#texture", "cullface": "east" },
        "up":    { "uv": [ 16, 6.75, 16, 8.5 ], "texture": "#texture", "cullface": "east" },
        "north": { "uv": [ 0, 7.75, 0, 8.5 ], "texture": "#texture", "cullface": "east" },
        "south": { "uv": [ 16, 7.75, 16, 8.5 ], "texture": "#texture", "cullface": "east" }
    }
},
{
    "from": [ 16.5, 6.5, 7 ],
    "to": [ 18.75, 8, 8.25 ],
    "rotation": { "origin": [ 16.5, 8, 7 ], "axis": "z", "angle": -22.5 },
    "faces": {
        "down":  { "uv": [ 7, 7, 9.25, 8.25 ], "texture": "#texture", "cullface": "east" },
        "up":    { "uv": [ 7, 7, 9.25, 8.25 ], "texture": "#texture", "cullface": "east" },
        "north": { "uv": [ 7, 9.25, 9.25, 10.75 ], "texture": "#texture", "cullface": "east" },
        "south": { "uv": [ 7, 9.25, 9.25, 10.75 ], "texture": "#texture", "cullface": "east" },
        "west":  { "uv": [ 7, 9.25, 8.25, 10.75 ], "texture": "#texture", "cullface": "east" },
        "east":  { "uv": [ 7, 9.25, 8.25, 10.75 ], "texture": "#texture", "cullface": "east" }
    }
},
{
    "from": [ 18, 5.75, 6.75 ],
    "to": [ 24.5, 7.25, 8.5 ],
    "faces": {
        "down":  { "uv": [ 8.5, 6.75, 15, 8.5 ], "texture": "#texture", "cullface": "east" },
        "up":    { "uv": [ 8.5, 6.75, 15, 8.5 ], "texture": "#texture", "cullface": "east" },
        "north": { "uv": [ 8.5, 10, 15, 11.5 ], "texture": "#texture", "cullface": "east" },
        "south": { "uv": [ 8.5, 10, 15, 11.5 ], "texture": "#texture", "cullface": "east" },
        "west":  { "uv": [ 6.75, 10, 8.5, 11.5 ], "texture": "#texture", "cullface": "east" },
        "east":  { "uv": [ 6.75, 10, 8.5, 11.5 ], "texture": "#texture", "cullface": "east" }
    }
},
{
    "from": [ 24.25, 3, 6.75 ],
    "to": [ 24.5, 5.75, 8.5 ],
    "faces": {
        "down":  { "uv": [ 1.25, 8.5, 1, 6.75 ], "texture": "#texture", "cullface": "east" },
        "north": { "uv": [ 1, 11.5, 1.25, 14.25 ], "texture": "#texture", "cullface": "east" },
        "south": { "uv": [ 14.75, 11.5, 15, 14.25 ], "texture": "#texture", "cullface": "east" },
        "west":  { "uv": [ 6.75, 11.5, 8.5, 14.25 ], "texture": "#texture", "cullface": "east" },
        "east":  { "uv": [ 7.5, 11.5, 9.25, 14.25 ], "texture": "#texture", "cullface": "east" }
    }
},
{
    "from": [ 17.75, 5.75, 6.75 ],
    "to": [ 25, 6, 8.5 ],
    "rotation": { "origin": [ 17.75, 6, 6.75 ], "axis": "z", "angle": -22.5 },
    "faces": {
        "down":  { "uv": [ 7.75, 6.75, 15, 8.5 ], "texture": "#texture", "cullface": "east" },
        "up":    { "uv": [ 7.75, 6.75, 15, 8.5 ], "texture": "#texture", "cullface": "east" },
        "north": { "uv": [ 7.75, 11.25, 15, 11.5 ], "texture": "#texture", "cullface": "east" },
        "south": { "uv": [ 7.75, 11.25, 15, 11.5 ], "texture": "#texture", "cullface": "east" },
        "west":  { "uv": [ 6.75, 11.25, 8.5, 11.5 ], "texture": "#texture", "cullface": "east" },
        "east":  { "uv": [ 6.75, 11.25, 8.5, 11.5 ], "texture": "#texture", "cullface": "east" }
    }
},
{
    "from": [ 18.25, 5.5, 6.75 ],
    "to": [ 24.25, 5.75, 8.5 ],
    "faces": {
        "down":  { "uv": [ 7.25, 8.5, 1.25, 6.75 ], "texture": "#texture", "cullface": "east" },
        "north": { "uv": [ 1.25, 11.5, 7.25, 11.75 ], "texture": "#texture", "cullface": "east" },
        "south": { "uv": [ 8.75, 11.5, 14.75, 11.75 ], "texture": "#texture", "cullface": "east" },
        "west":  { "uv": [ 6.75, 11.5, 8.5, 11.75 ], "texture": "#texture", "cullface": "east" }
    }
},
{
    "from": [ 19, 5.25, 6.75 ],
    "to": [ 24.25, 5.5, 8.5 ],
    "faces": {
        "down":  { "uv": [ 6.5, 8.5, 1.25, 6.75 ], "texture": "#texture", "cullface": "east" },
        "north": { "uv": [ 1.25, 11.75, 6.5, 12 ], "texture": "#texture", "cullface": "east" },
        "south": { "uv": [ 9.5, 11.75, 14.75, 12 ], "texture": "#texture", "cullface": "east" },
        "west":  { "uv": [ 6.75, 11.75, 8.5, 12 ], "texture": "#texture", "cullface": "east" }
    }
},
{
    "from": [ 19.5, 5, 6.75 ],
    "to": [ 24.25, 5.25, 8.5 ],
    "faces": {
        "down":  { "uv": [ 6, 8.5, 1.25, 6.75 ], "texture": "#texture", "cullface": "east" },
        "north": { "uv": [ 1.25, 12, 6, 12.25 ], "texture": "#texture", "cullface": "east" },
        "south": { "uv": [ 10, 12, 14.75, 12.25 ], "texture": "#texture", "cullface": "east" },
        "west":  { "uv": [ 6.75, 12, 8.5, 12.25 ], "texture": "#texture", "cullface": "east" }
    }
},
{
    "from": [ 20.25, 4.75, 6.75 ],
    "to": [ 24.25, 5, 8.5 ],
    "faces": {
        "down":  { "uv": [ 5.25, 8.5, 1.25, 6.75 ], "texture": "#texture", "cullface": "east" },
        "north": { "uv": [ 1.25, 12.25, 5.25, 12.5 ], "texture": "#texture", "cullface": "east" },
        "south": { "uv": [ 10.75, 12.25, 14.75, 12.5 ], "texture": "#texture", "cullface": "east" },
        "west":  { "uv": [ 6.75, 12.25, 8.5, 12.5 ], "texture": "#texture", "cullface": "east" }
    }
},
{
    "from": [ 20.75, 4.5, 6.75 ],
    "to": [ 24.25, 4.75, 8.5 ],
    "faces": {
        "down":  { "uv": [ 4.75, 8.5, 1.25, 6.75 ], "texture": "#texture", "cullface": "east" },
        "north": { "uv": [ 1.25, 12.5, 4.75, 12.75 ], "texture": "#texture", "cullface": "east" },
        "south": { "uv": [ 11.25, 12.5, 14.75, 12.75 ], "texture": "#texture", "cullface": "east" },
        "west":  { "uv": [ 6.75, 12.5, 8.5, 12.75 ], "texture": "#texture", "cullface": "east" }
    }
},
{
    "from": [ 21.25, 4.25, 6.75 ],
    "to": [ 24.25, 4.5, 8.5 ],
    "faces": {
        "down":  { "uv": [ 4.25, 8.5, 1.25, 6.75 ], "texture": "#texture", "cullface": "east" },
        "north": { "uv": [ 1.25, 12.75, 4.25, 13 ], "texture": "#texture", "cullface": "east" },
        "south": { "uv": [ 11.75, 12.75, 14.75, 13 ], "texture": "#texture", "cullface": "east" },
        "west":  { "uv": [ 6.75, 12.75, 8.5, 13 ], "texture": "#texture", "cullface": "east" }
    }
},
{
    "from": [ 22, 4, 6.75 ],
    "to": [ 24.25, 4.25, 8.5 ],
    "faces": {
        "down":  { "uv": [ 3.5, 8.5, 1.25, 6.75 ], "texture": "#texture", "cullface": "east" },
        "north": { "uv": [ 1.25, 13, 3.5, 13.25 ], "texture": "#texture", "cullface": "east" },
        "south": { "uv": [ 12.5, 13, 14.75, 13.25 ], "texture": "#texture", "cullface": "east" },
        "west":  { "uv": [ 6.75, 13, 8.5, 13.25 ], "texture": "#texture", "cullface": "east" }
    }
},
{
    "from": [ 22.5, 3.75, 6.75 ],
    "to": [ 24.25, 4, 8.5 ],
    "faces": {
        "down":  { "uv": [ 3, 8.5, 1.25, 6.75 ], "texture": "#texture", "cullface": "east" },
        "north": { "uv": [ 1.25, 13.25, 3, 13.5 ], "texture": "#texture", "cullface": "east" },
        "south": { "uv": [ 13, 13.25, 14.75, 13.5 ], "texture": "#texture", "cullface": "east" },
        "west":  { "uv": [ 6.75, 13.25, 8.5, 13.5 ], "texture": "#texture", "cullface": "east" }
    }
},
{
    "from": [ 23.25, 3.5, 6.75 ],
    "to": [ 24.25, 3.75, 8.5 ],
    "faces": {
        "down":  { "uv": [ 2.25, 8.5, 1.25, 6.75 ], "texture": "#texture", "cullface": "east" },
        "north": { "uv": [ 1.25, 13.5, 2.25, 13.75 ], "texture": "#texture", "cullface": "east" },
        "south": { "uv": [ 13.75, 13.5, 14.75, 13.75 ], "texture": "#texture", "cullface": "east" },
        "west":  { "uv": [ 6.75, 13.5, 8.5, 13.75 ], "texture": "#texture", "cullface": "east" }
    }
},
{
    "from": [ 23.75, 3.25, 6.75 ],
    "to": [ 24.25, 3.5, 8.5 ],
    "faces": {
        "down":  { "uv": [ 1.75, 8.5, 1.25, 6.75 ], "texture": "#texture", "cullface": "east" },
        "north": { "uv": [ 1.25, 13.75, 1.75, 14 ], "texture": "#texture", "cullface": "east" },
        "south": { "uv": [ 14.25, 13.75, 14.75, 14 ], "texture": "#texture", "cullface": "east" },
        "west":  { "uv": [ 6.75, 13.75, 8.5, 14 ], "texture": "#texture", "cullface": "east" }
    }
},
{
    "from": [ 10.5, 5.75, 7 ],
    "to": [ 14, 6.75, 8.25 ],
    "faces": {
        "down":  { "uv": [ 5.5, 8.25, 2, 7 ], "texture": "#blade" },
        "north": { "uv": [ 2, 9.25, 5.5, 10.25 ], "texture": "#blade" },
        "south": { "uv": [ 10.5, 9.25, 14, 10.25 ], "texture": "#blade" },
        "west":  { "uv": [ 7, 9.25, 8.25, 10.25 ], "texture": "#blade" },
        "east":  { "uv": [ 7.75, 9.25, 9, 10.25 ], "texture": "#blade" }
    }
},
{
    "from": [ 11.25, 5.5, 7 ],
    "to": [ 14, 5.75, 8.25 ],
    "faces": {
        "down":  { "uv": [ 4.75, 8.25, 2, 7 ], "texture": "#blade" },
        "north": { "uv": [ 2, 10.25, 4.75, 10.5 ], "texture": "#blade" },
        "south": { "uv": [ 11.25, 10.25, 14, 10.5 ], "texture": "#blade" },
        "west":  { "uv": [ 7, 10.25, 8.25, 10.5 ], "texture": "#blade" },
        "east":  { "uv": [ 7.75, 10.25, 9, 10.5 ], "texture": "#blade" }
    }
},
{
    "from": [ 12, 5.25, 7 ],
    "to": [ 14, 5.5, 8.25 ],
    "faces": {
        "down":  { "uv": [ 4, 8.25, 2, 7 ], "texture": "#blade" },
        "north": { "uv": [ 2, 10.5, 4, 10.75 ], "texture": "#blade" },
        "south": { "uv": [ 12, 10.5, 14, 10.75 ], "texture": "#blade" },
        "west":  { "uv": [ 7, 10.5, 8.25, 10.75 ], "texture": "#blade" },
        "east":  { "uv": [ 7.75, 10.5, 9, 10.75 ], "texture": "#blade" }
    }
},
{
    "from": [ 12.75, 5, 7 ],
    "to": [ 14, 5.25, 8.25 ],
    "faces": {
        "down":  { "uv": [ 3.25, 8.25, 2, 7 ], "texture": "#blade" },
        "north": { "uv": [ 2, 10.75, 3.25, 11 ], "texture": "#blade" },
        "south": { "uv": [ 12.75, 10.75, 14, 11 ], "texture": "#blade" },
        "west":  { "uv": [ 7, 10.75, 8.25, 11 ], "texture": "#blade" },
        "east":  { "uv": [ 7.75, 10.75, 9, 11 ], "texture": "#blade" }
    }
}
],
"display": {
    "thirdperson": {
        "rotation": [ 0, 90, -90 ],
        "translation": [ 0, 4.6, -2.5 ],
        "scale": [ 0.85, 0.85, 0.85 ]
    },
    "ground": {
        "rotation": [ 0, 0, 0 ],
        "translation": [ 0, 0, 0 ],
        "scale": [ 3, 3, 3 ]
    },
    "fixed": {
        "rotation": [ 0, 180, -45 ],
        "translation": [ -1.9, -0.7, -1.1 ],
        "scale": [ 1.5, 1.5, 1.5 ]
    },
    "firstperson": {
        "rotation": [ 0, -135, 0 ],
        "translation": [ 2.8, 3.8, -4.7 ],
        "scale": [ 2, 2, 2 ]
    },
    "gui": {
        "rotation": [ -30, 135, -45 ],
        "translation": [ -1.8, -1.2, 0 ],
        "scale": [ 0.9, 0.9, 0.9 ]
    }
}
}