{
"__comment": "Designed by Corporalblober with BDcraft Cubik PRO 0.95 Beta - http://bdcraft.net",
"textures": {
    "particle": "blocks/hardened clay stained white",
    "texture": "blocks/hardened clay stained white",
    "glass white": "blocks/glass white",
    "hardened clay stained yellow": "blocks/anvil 1",
    "iron block": "blocks/iron block"
},
"elements": [ 
{
    "from": [ 7, 12.25, 7.25 ],
    "to": [ 9, 21, 8.75 ],
    "faces": {
        "down":  { "uv": [ 9, 8.75, 7, 7.25 ], "texture": "#texture", "cullface": "up" },
        "up":    { "uv": [ 7, 7.25, 9, 8.75 ], "texture": "#texture", "cullface": "up" },
        "north": { "uv": [ 7, 0, 9, 3.75 ], "texture": "#texture", "cullface": "up" },
        "south": { "uv": [ 7, 0, 9, 3.75 ], "texture": "#texture", "cullface": "up" },
        "west":  { "uv": [ 7.25, 0, 8.75, 3.75 ], "texture": "#texture", "cullface": "up" },
        "east":  { "uv": [ 7.25, 0, 8.75, 3.75 ], "texture": "#texture", "cullface": "up" }
    }
},
{
    "from": [ 7.5, 15.25, 6.75 ],
    "to": [ 8.5, 20.75, 9.25 ],
    "faces": {
        "down":  { "uv": [ 8.5, 9.25, 7.5, 6.75 ], "texture": "#texture", "cullface": "up" },
        "up":    { "uv": [ 7.5, 6.75, 8.5, 9.25 ], "texture": "#texture", "cullface": "up" },
        "north": { "uv": [ 7.5, 0, 8.5, 0.75 ], "texture": "#texture", "cullface": "up" },
        "south": { "uv": [ 7.5, 0, 8.5, 0.75 ], "texture": "#texture", "cullface": "up" },
        "west":  { "uv": [ 6.75, 0, 9.25, 0.75 ], "texture": "#texture", "cullface": "up" },
        "east":  { "uv": [ 6.75, 0, 9.25, 0.75 ], "texture": "#texture", "cullface": "up" }
    }
},
{
    "from": [ 6.75, 14.75, 7.5 ],
    "to": [ 9.25, 20.75, 8.5 ],
    "faces": {
        "down":  { "uv": [ 9.25, 8.5, 6.75, 7.5 ], "texture": "#texture", "cullface": "up" },
        "up":    { "uv": [ 6.75, 7.5, 9.25, 8.5 ], "texture": "#texture", "cullface": "up" },
        "north": { "uv": [ 6.75, 0, 9.25, 1.25 ], "texture": "#texture", "cullface": "up" },
        "south": { "uv": [ 6.75, 0, 9.25, 1.25 ], "texture": "#texture", "cullface": "up" },
        "west":  { "uv": [ 7.5, 0, 8.5, 1.25 ], "texture": "#texture", "cullface": "up" },
        "east":  { "uv": [ 7.5, 0, 8.5, 1.25 ], "texture": "#texture", "cullface": "up" }
    }
},
{
    "from": [ 7.5, -0.5, 7.5 ],
    "to": [ 8.5, 21.25, 8.5 ],
    "faces": {
        "up":    { "uv": [ 7.5, 7.5, 8.5, 8.5 ], "texture": "#texture" },
        "north": { "uv": [ 7.5, 0, 8.5, 16 ], "texture": "#texture" },
        "south": { "uv": [ 7.5, 0, 8.5, 16 ], "texture": "#texture" },
        "west":  { "uv": [ 7.5, 0, 8.5, 16 ], "texture": "#texture" },
        "east":  { "uv": [ 7.5, 0, 8.5, 16 ], "texture": "#texture" }
    }
},
{
    "from": [ 7.25, 12.5, 7 ],
    "to": [ 8.75, 21, 9 ],
    "faces": {
        "down":  { "uv": [ 8.75, 9, 7.25, 7 ], "texture": "#texture", "cullface": "up" },
        "up":    { "uv": [ 7.25, 7, 8.75, 9 ], "texture": "#texture", "cullface": "up" },
        "north": { "uv": [ 7.25, 0, 8.75, 3.5 ], "texture": "#texture", "cullface": "up" },
        "south": { "uv": [ 7.25, 0, 8.75, 3.5 ], "texture": "#texture", "cullface": "up" },
        "west":  { "uv": [ 7, 0, 9, 3.5 ], "texture": "#texture", "cullface": "up" },
        "east":  { "uv": [ 7, 0, 9, 3.5 ], "texture": "#texture", "cullface": "up" }
    }
},
{
    "from": [ 7.5, 15, 7.5 ],
    "to": [ 8.5, 16, 8.5 ],
    "faces": {
        "down":  { "uv": [ 8.5, 8.5, 7.5, 7.5 ], "texture": "#texture" },
        "up":    { "uv": [ 7.5, 7.5, 8.5, 8.5 ], "texture": "#texture", "cullface": "up" },
        "north": { "uv": [ 7.5, 0, 8.5, 1 ], "texture": "#texture" },
        "south": { "uv": [ 7.5, 0, 8.5, 1 ], "texture": "#texture" },
        "west":  { "uv": [ 7.5, 0, 8.5, 1 ], "texture": "#texture" },
        "east":  { "uv": [ 7.5, 0, 8.5, 1 ], "texture": "#texture" }
    }
},
{
    "from": [ 7.5, -1.25, 7.25 ],
    "to": [ 8.5, -0.5, 8.75 ],
    "faces": {
        "down":  { "uv": [ 8.5, 8.75, 7.5, 7.25 ], "texture": "#texture", "cullface": "down" },
        "up":    { "uv": [ 7.5, 7.25, 8.5, 8.75 ], "texture": "#texture", "cullface": "down" },
        "north": { "uv": [ 7.5, 16, 8.5, 16 ], "texture": "#texture", "cullface": "down" },
        "south": { "uv": [ 7.5, 16, 8.5, 16 ], "texture": "#texture", "cullface": "down" },
        "west":  { "uv": [ 7.25, 16, 8.75, 16 ], "texture": "#texture", "cullface": "down" },
        "east":  { "uv": [ 7.25, 16, 8.75, 16 ], "texture": "#texture", "cullface": "down" }
    }
},
{
    "from": [ 7.25, -1.25, 7.5 ],
    "to": [ 8.75, -0.5, 8.5 ],
    "faces": {
        "down":  { "uv": [ 8.75, 8.5, 7.25, 7.5 ], "texture": "#texture", "cullface": "down" },
        "up":    { "uv": [ 7.25, 7.5, 8.75, 8.5 ], "texture": "#texture", "cullface": "down" },
        "north": { "uv": [ 7.25, 16, 8.75, 16 ], "texture": "#texture", "cullface": "down" },
        "south": { "uv": [ 7.25, 16, 8.75, 16 ], "texture": "#texture", "cullface": "down" },
        "west":  { "uv": [ 7.5, 16, 8.5, 16 ], "texture": "#texture", "cullface": "down" },
        "east":  { "uv": [ 7.5, 16, 8.5, 16 ], "texture": "#texture", "cullface": "down" }
    }
},
{
    "from": [ 7.5, 4, 7.25 ],
    "to": [ 8.5, 12.75, 8.75 ],
    "faces": {
        "down":  { "uv": [ 8.5, 8.75, 7.5, 7.25 ], "texture": "#texture" },
        "up":    { "uv": [ 7.5, 7.25, 8.5, 8.75 ], "texture": "#texture" },
        "north": { "uv": [ 7.5, 3.25, 8.5, 12 ], "texture": "#texture" },
        "south": { "uv": [ 7.5, 3.25, 8.5, 12 ], "texture": "#texture" },
        "west":  { "uv": [ 7.25, 3.25, 8.75, 12 ], "texture": "#texture" },
        "east":  { "uv": [ 7.25, 3.25, 8.75, 12 ], "texture": "#texture" }
    }
},
{
    "from": [ 7.25, 4.75, 7.5 ],
    "to": [ 8.75, 12.75, 8.5 ],
    "faces": {
        "down":  { "uv": [ 8.75, 8.5, 7.25, 7.5 ], "texture": "#texture" },
        "up":    { "uv": [ 7.25, 7.5, 8.75, 8.5 ], "texture": "#texture" },
        "north": { "uv": [ 7.25, 3.25, 8.75, 11.25 ], "texture": "#texture" },
        "south": { "uv": [ 7.25, 3.25, 8.75, 11.25 ], "texture": "#texture" },
        "west":  { "uv": [ 7.5, 3.25, 8.5, 11.25 ], "texture": "#texture" },
        "east":  { "uv": [ 7.5, 3.25, 8.5, 11.25 ], "texture": "#texture" }
    }
},
{
    "from": [ 7, 9.5, 7.75 ],
    "to": [ 9, 12.75, 8.25 ],
    "faces": {
        "down":  { "uv": [ 9, 8.25, 7, 7.75 ], "texture": "#texture" },
        "up":    { "uv": [ 7, 7.75, 9, 8.25 ], "texture": "#texture" },
        "north": { "uv": [ 7, 3.25, 9, 6.5 ], "texture": "#texture" },
        "south": { "uv": [ 7, 3.25, 9, 6.5 ], "texture": "#texture" },
        "west":  { "uv": [ 7.75, 3.25, 8.25, 6.5 ], "texture": "#texture" },
        "east":  { "uv": [ 7.75, 3.25, 8.25, 6.5 ], "texture": "#texture" }
    }
},
{
    "from": [ 7.5, 11, 7 ],
    "to": [ 8.5, 12.5, 9 ],
    "faces": {
        "down":  { "uv": [ 8.5, 9, 7.5, 7 ], "texture": "#texture" },
        "north": { "uv": [ 7.5, 3.5, 8.5, 5 ], "texture": "#texture" },
        "south": { "uv": [ 7.5, 3.5, 8.5, 5 ], "texture": "#texture" },
        "west":  { "uv": [ 7, 3.5, 9, 5 ], "texture": "#texture" },
        "east":  { "uv": [ 7, 3.5, 9, 5 ], "texture": "#texture" }
    }
},
{
    "from": [ 7.25, 10.75, 7.25 ],
    "to": [ 8.75, 12.75, 8.75 ],
    "faces": {
        "down":  { "uv": [ 8.75, 8.75, 7.25, 7.25 ], "texture": "#texture" },
        "up":    { "uv": [ 7.25, 7.25, 8.75, 8.75 ], "texture": "#texture" },
        "north": { "uv": [ 7.25, 3.25, 8.75, 5.25 ], "texture": "#texture" },
        "south": { "uv": [ 7.25, 3.25, 8.75, 5.25 ], "texture": "#texture" },
        "west":  { "uv": [ 7.25, 3.25, 8.75, 5.25 ], "texture": "#texture" },
        "east":  { "uv": [ 7.25, 3.25, 8.75, 5.25 ], "texture": "#texture" }
    }
},
{
    "from": [ 7.25, 3.25, 7.75 ],
    "to": [ 8.75, 4.75, 8.25 ],
    "faces": {
        "down":  { "uv": [ 8.75, 8.25, 7.25, 7.75 ], "texture": "#texture" },
        "north": { "uv": [ 7.25, 11.25, 8.75, 12.75 ], "texture": "#texture" },
        "south": { "uv": [ 7.25, 11.25, 8.75, 12.75 ], "texture": "#texture" },
        "west":  { "uv": [ 7.75, 11.25, 8.25, 12.75 ], "texture": "#texture" },
        "east":  { "uv": [ 7.75, 11.25, 8.25, 12.75 ], "texture": "#texture" }
    }
},
{
    "from": [ 7.75, 13.5, 6.75 ],
    "to": [ 8.25, 15.25, 9.25 ],
    "faces": {
        "down":  { "uv": [ 8.25, 9.25, 7.75, 6.75 ], "texture": "#texture" },
        "north": { "uv": [ 7.75, 0.75, 8.25, 2.5 ], "texture": "#texture" },
        "south": { "uv": [ 7.75, 0.75, 8.25, 2.5 ], "texture": "#texture" },
        "west":  { "uv": [ 6.75, 0.75, 9.25, 2.5 ], "texture": "#texture" },
        "east":  { "uv": [ 6.75, 0.75, 9.25, 2.5 ], "texture": "#texture" }
    }
},
{
    "from": [ 7.5, 15, 7.5 ],
    "to": [ 8.5, 16, 8.5 ],
    "faces": {
        "down":  { "uv": [ 8.5, 8.5, 7.5, 7.5 ], "texture": "#texture" },
        "up":    { "uv": [ 7.5, 7.5, 8.5, 8.5 ], "texture": "#texture", "cullface": "up" },
        "north": { "uv": [ 7.5, 0, 8.5, 1 ], "texture": "#texture" },
        "south": { "uv": [ 7.5, 0, 8.5, 1 ], "texture": "#texture" },
        "west":  { "uv": [ 7.5, 0, 8.5, 1 ], "texture": "#texture" },
        "east":  { "uv": [ 7.5, 0, 8.5, 1 ], "texture": "#texture" }
    }
}
],
"display": {
    "thirdperson": {
        "rotation": [ 105, 90, -90 ],
        "translation": [ 0, 0.8, -4.4 ],
        "scale": [ 1.2, 1.2, 1.2 ]
    },
    "ground": {
        "rotation": [ 0, 0, 0 ],
        "translation": [ 0, 0, 0 ],
        "scale": [ 3, 3, 3 ]
    },
    "fixed": {
        "rotation": [ 0, 180, 45 ],
        "translation": [ -0.9, -1.1, -1.3 ],
        "scale": [ 1.7, 1.7, 1.7 ]
    },
    "firstperson": {
        "rotation": [ 0, -44, -3 ],
        "translation": [ 0.4, 4.1, 0.7 ],
        "scale": [ 1.8, 1.8, 1.8 ]
    },
    "gui": {
        "rotation": [ -30, 135, 45 ],
        "translation": [ -1.8, -1.7, 0 ],
        "scale": [ 1.2, 1.2, 1.2 ]
    }
}
}